0.000000,0.000000,0.000000,0.400000,-0.000000,-0.400000
0.020000,0.000000,0.020000,0.400000,0.020000,-0.400000
0.040000,0.000000,0.040000,0.400000,0.040000,-0.400000
0.060000,0.000000,0.060000,0.400000,0.060000,-0.400000
0.080000,0.000000,0.080000,0.400000,0.080000,-0.400000
0.100000,0.000000,0.100000,0.400000,0.100000,-0.400000
0.120000,0.000000,0.120000,0.400000,0.120000,-0.400000
0.140000,0.000000,0.140000,0.400000,0.140000,-0.400000
0.160000,0.000000,0.160000,0.400000,0.160000,-0.400000
0.180000,0.000000,0.180000,0.400000,0.180000,-0.400000
0.200000,0.000000,0.200000,0.400000,0.200000,-0.400000
0.220000,0.000000,0.220000,0.400000,0.220000,-0.400000
0.240000,0.000000,0.240000,0.400000,0.240000,-0.400000
0.260000,0.000000,0.260000,0.400000,0.260000,-0.400000
0.280000,0.000000,0.280000,0.400000,0.280000,-0.400000
0.300000,0.000000,0.300000,0.400000,0.300000,-0.400000
0.320000,0.000000,0.320000,0.400000,0.320000,-0.400000
0.340000,0.000000,0.340000,0.400000,0.340000,-0.400000
0.360000,0.000000,0.360000,0.400000,0.360000,-0.400000
0.380000,0.000000,0.380000,0.400000,0.380000,-0.400000
0.400000,0.000000,0.400000,0.400000,0.400000,-0.400000
0.420000,0.000000,0.420000,0.400000,0.420000,-0.400000
0.440000,0.000000,0.440000,0.400000,0.440000,-0.400000
0.460000,0.000000,0.460000,0.400000,0.460000,-0.400000
0.480000,0.000000,0.480000,0.400000,0.480000,-0.400000
0.500000,0.000000,0.500000,0.400000,0.500000,-0.400000
0.520000,0.000000,0.520000,0.400000,0.520000,-0.400000
0.540000,0.000000,0.540000,0.400000,0.540000,-0.400000
0.560000,0.000000,0.560000,0.400000,0.560000,-0.400000
0.580000,0.000000,0.580000,0.400000,0.580000,-0.400000
0.600000,0.000000,0.600000,0.400000,0.600000,-0.400000
0.620000,0.000000,0.620000,0.400000,0.620000,-0.400000
0.640000,0.000000,0.640000,0.400000,0.640000,-0.400000
0.660000,0.000000,0.660000,0.400000,0.660000,-0.400000
0.680000,0.000000,0.680000,0.400000,0.680000,-0.400000
0.700000,0.000000,0.700000,0.400000,0.700000,-0.400000
0.720000,0.000000,0.720000,0.400000,0.720000,-0.400000
0.740000,0.000000,0.740000,0.400000,0.740000,-0.400000
0.760000,0.000000,0.760000,0.400000,0.760000,-0.400000
0.780000,0.000000,0.780000,0.400000,0.780000,-0.400000
0.800000,0.000000,0.800000,0.400000,0.800000,-0.400000
0.820000,0.000000,0.820000,0.400000,0.820000,-0.400000
0.840000,0.000000,0.840000,0.400000,0.840000,-0.400000
0.860000,0.000000,0.860000,0.400000,0.860000,-0.400000
0.880000,0.000000,0.880000,0.400000,0.880000,-0.400000
0.900000,0.000000,0.900000,0.400000,0.900000,-0.400000
0.920000,0.000000,0.920000,0.400000,0.920000,-0.400000
0.940000,0.000000,0.940000,0.400000,0.940000,-0.400000
0.960000,0.000000,0.960000,0.400000,0.960000,-0.400000
0.980000,0.000000,0.980000,0.400000,0.980000,-0.400000
1.000000,0.000000,1.000000,0.400000,1.000000,-0.400000
1.019999,0.000140,1.014414,0.400101,1.025584,-0.399821
1.039995,0.000558,1.028826,0.400403,1.051163,-0.399286
1.059982,0.001256,1.043232,0.400906,1.076733,-0.398393
1.079958,0.002233,1.057630,0.401610,1.102287,-0.397143
1.099919,0.003489,1.072016,0.402515,1.127821,-0.395536
1.119860,0.005024,1.086389,0.403621,1.153331,-0.393574
1.139777,0.006836,1.100744,0.404927,1.178810,-0.391255
1.159667,0.008927,1.115080,0.406434,1.204255,-0.388580
1.179527,0.011295,1.129393,0.408141,1.229660,-0.385551
1.199351,0.013940,1.143682,0.410047,1.255020,-0.382167
1.219136,0.016862,1.157942,0.412153,1.280330,-0.378430
1.238879,0.020059,1.172171,0.414458,1.305586,-0.374339
1.258575,0.023532,1.186367,0.416961,1.330782,-0.369896
1.278220,0.027280,1.200526,0.419662,1.355914,-0.365102
1.297812,0.031301,1.214647,0.422560,1.380976,-0.359958
1.317345,0.035596,1.228725,0.425656,1.405964,-0.354464
1.336816,0.040163,1.242759,0.428947,1.430873,-0.348621
1.356222,0.045001,1.256746,0.432435,1.455698,-0.342432
1.375558,0.050110,1.270683,0.436117,1.480434,-0.335896
1.394821,0.055489,1.284566,0.439993,1.505076,-0.329016
1.414008,0.061135,1.298395,0.444063,1.529620,-0.321792
1.433113,0.067049,1.312165,0.448326,1.554061,-0.314227
1.452134,0.073230,1.325874,0.452780,1.578394,-0.306321
1.471067,0.079675,1.339520,0.457426,1.602613,-0.298076
1.489908,0.086384,1.353100,0.462261,1.626716,-0.289493
1.508653,0.093355,1.366610,0.467286,1.650696,-0.280575
1.527300,0.100588,1.380050,0.472498,1.674549,-0.271323
1.545843,0.108080,1.393415,0.477898,1.698271,-0.261739
1.564280,0.115830,1.406703,0.483484,1.721857,-0.251824
1.582607,0.123837,1.419913,0.489255,1.745302,-0.241581
1.600821,0.132099,1.433040,0.495210,1.768602,-0.231012
1.618917,0.140615,1.446083,0.501348,1.791752,-0.220118
1.636893,0.149382,1.459039,0.507667,1.814747,-0.208903
1.654745,0.158399,1.471905,0.514166,1.837584,-0.197367
1.672468,0.167665,1.484680,0.520844,1.860257,-0.185514
1.690061,0.177178,1.497360,0.527700,1.882763,-0.173345
1.707520,0.186935,1.509943,0.534733,1.905096,-0.160863
1.724840,0.196935,1.522426,0.541940,1.927253,-0.148071
1.742019,0.207175,1.534808,0.549321,1.949230,-0.134970
1.759053,0.217655,1.547086,0.556874,1.971021,-0.121564
1.775940,0.228372,1.559257,0.564598,1.992623,-0.107855
1.792675,0.239323,1.571318,0.572491,2.014032,-0.093846
1.809256,0.250506,1.583269,0.580552,2.035242,-0.079539
1.825678,0.261921,1.595106,0.588779,2.056251,-0.064937
1.841940,0.273563,1.606826,0.597170,2.077054,-0.050044
1.858038,0.285431,1.618429,0.605724,2.097648,-0.034861
1.873969,0.297523,1.629911,0.614439,2.118027,-0.019393
1.889729,0.309836,1.641270,0.623314,2.138188,-0.003641
1.905315,0.322368,1.652504,0.632346,2.158127,0.012390
1.920725,0.335117,1.663610,0.641534,2.177840,0.028699
1.935956,0.348079,1.674588,0.650877,2.197324,0.045281
1.951004,0.361253,1.685434,0.660372,2.216575,0.062133
1.965867,0.374635,1.696146,0.670017,2.235588,0.079253
1.980542,0.388224,1.706723,0.679811,2.254360,0.096636
1.995025,0.402016,1.717161,0.689752,2.272888,0.114280
2.009314,0.416009,1.727460,0.699838,2.291168,0.132181
2.023407,0.430201,1.737618,0.710066,2.309196,0.150335
2.037300,0.444587,1.747631,0.720435,2.326969,0.168739
2.050991,0.459167,1.757499,0.730943,2.344483,0.187390
2.064477,0.473935,1.767219,0.741588,2.361734,0.206283
2.077755,0.488891,1.776789,0.752367,2.378721,0.225416
2.090823,0.504031,1.786208,0.763279,2.395439,0.244783
2.103679,0.519352,1.795474,0.774321,2.411884,0.264382
2.116319,0.534851,1.804584,0.785492,2.428055,0.284209
2.128742,0.550524,1.813538,0.796789,2.443947,0.304260
2.140945,0.566370,1.822333,0.808210,2.459557,0.324530
2.152925,0.582385,1.830968,0.819752,2.474883,0.345017
2.164681,0.598565,1.839441,0.831414,2.489921,0.365716
2.176210,0.614908,1.847750,0.843193,2.504669,0.386622
2.187509,0.631410,1.855894,0.855087,2.519124,0.407732
2.198577,0.648068,1.863871,0.867093,2.533282,0.429043
2.209411,0.664879,1.871679,0.879210,2.547142,0.450548
2.220009,0.681840,1.879318,0.891434,2.560700,0.472246
2.230369,0.698947,1.886785,0.903764,2.573953,0.494130
2.240490,0.716197,1.894080,0.916197,2.586900,0.516197
2.250369,0.733587,1.901200,0.928731,2.599538,0.538443
2.260004,0.751113,1.908144,0.941363,2.611863,0.560863
2.269393,0.768772,1.914912,0.954090,2.623875,0.583453
2.278535,0.786560,1.921501,0.966911,2.635569,0.606209
2.287428,0.804474,1.927910,0.979823,2.646945,0.629126
2.296069,0.822511,1.934138,0.992822,2.658000,0.652199
2.304458,0.840666,1.940185,1.005908,2.668732,0.675424
2.312593,0.858937,1.946048,1.019076,2.679138,0.698797
2.320472,0.877319,1.951726,1.032326,2.689217,0.722313
2.328093,0.895810,1.957220,1.045653,2.698967,0.745967
2.335455,0.914405,1.962526,1.059055,2.708385,0.769756
2.342558,0.933102,1.967645,1.072531,2.717470,0.793673
2.349398,0.951896,1.972575,1.086076,2.726221,0.817715
2.355975,0.970783,1.977315,1.099689,2.734635,0.841877
2.362288,0.989760,1.981866,1.113367,2.742711,0.866153
2.368335,1.008824,1.986224,1.127107,2.750447,0.890541
2.374116,1.027970,1.990390,1.140907,2.757842,0.915034
2.379629,1.047195,1.994364,1.154763,2.764894,0.939627
2.384872,1.066495,1.998143,1.168674,2.771602,0.964317
2.389846,1.085867,2.001728,1.182636,2.777965,0.989098
2.394549,1.105306,2.005117,1.196646,2.783981,1.013966
2.398980,1.124809,2.008311,1.210703,2.789649,1.038915
2.403138,1.144372,2.011308,1.224803,2.794968,1.063940
2.407023,1.163991,2.014108,1.238943,2.799938,1.089038
2.410633,1.183662,2.016710,1.253121,2.804556,1.114203
2.413969,1.203382,2.019114,1.267334,2.808823,1.139429
2.417028,1.223146,2.021319,1.281579,2.812737,1.164713
2.419812,1.242951,2.023325,1.295854,2.816298,1.190049
2.422318,1.262793,2.025132,1.310155,2.819505,1.215432
2.424548,1.282668,2.026739,1.324480,2.822356,1.240857
2.426499,1.302573,2.028146,1.338826,2.824853,1.266320
2.428173,1.322503,2.029352,1.353190,2.826994,1.291815
2.429568,1.342454,2.030357,1.367570,2.828779,1.317337
2.430684,1.362422,2.031162,1.381962,2.830207,1.342882
2.431522,1.382405,2.031766,1.396364,2.831278,1.368445
2.432080,1.402397,2.032168,1.410774,2.831993,1.394020
2.432360,1.422395,2.032369,1.425187,2.832350,1.419602
2.432360,1.442394,2.032369,1.439602,2.832350,1.445187
2.432080,1.462392,2.032168,1.454015,2.831993,1.470769
2.431522,1.482384,2.031766,1.468425,2.831278,1.496344
2.430684,1.502367,2.031162,1.482827,2.830207,1.521907
2.429568,1.522335,2.030357,1.497219,2.828779,1.547451
2.428173,1.542286,2.029352,1.511599,2.826994,1.572974
2.426499,1.562216,2.028146,1.525963,2.824853,1.598469
2.424548,1.582120,2.026739,1.540309,2.822356,1.623932
2.422318,1.601996,2.025132,1.554634,2.819505,1.649357
2.419812,1.621838,2.023325,1.568935,2.816298,1.674740
2.417028,1.641643,2.021319,1.583210,2.812737,1.700076
2.413969,1.661407,2.019114,1.597455,2.808823,1.725360
2.410633,1.681127,2.016710,1.611668,2.804556,1.750586
2.407023,1.700798,2.014108,1.625846,2.799938,1.775751
2.403138,1.720417,2.011308,1.639986,2.794968,1.800849
2.398980,1.739980,2.008311,1.654086,2.789649,1.825874
2.394549,1.759483,2.005117,1.668143,2.783981,1.850823
2.389846,1.778922,2.001728,1.682153,2.777965,1.875691
2.384872,1.798294,1.998143,1.696115,2.771602,1.900472
2.379629,1.817594,1.994364,1.710026,2.764894,1.925162
2.374116,1.836819,1.990390,1.723882,2.757842,1.949755
2.368335,1.855965,1.986224,1.737682,2.750447,1.974248
2.362288,1.875029,1.981866,1.751422,2.742711,1.998636
2.355975,1.894006,1.977315,1.765100,2.734635,2.022912
2.349398,1.912893,1.972575,1.778713,2.726221,2.047074
2.342558,1.931687,1.967645,1.792258,2.717470,2.071116
2.335455,1.950384,1.962526,1.805734,2.708385,2.095033
2.328093,1.968979,1.957220,1.819136,2.698967,2.118822
2.320472,1.987470,1.951726,1.832463,2.689217,2.142476
2.312593,2.005852,1.946048,1.845713,2.679138,2.165992
2.304458,2.024123,1.940185,1.858881,2.668732,2.189365
2.296069,2.042278,1.934138,1.871967,2.658000,2.212590
2.287428,2.060315,1.927910,1.884966,2.646945,2.235663
2.278535,2.078229,1.921501,1.897878,2.635569,2.258580
2.269393,2.096017,1.914912,1.910699,2.623875,2.281336
2.260004,2.113676,1.908144,1.923426,2.611863,2.303926
2.250369,2.131202,1.901200,1.936058,2.599538,2.326346
2.240490,2.148592,1.894080,1.948592,2.586900,2.348592
2.230369,2.165842,1.886785,1.961025,2.573953,2.370659
2.220009,2.182949,1.879318,1.973355,2.560700,2.392543
2.209411,2.199910,1.871679,1.985579,2.547142,2.414241
2.198577,2.216721,1.863871,1.997696,2.533282,2.435746
2.187509,2.233379,1.855894,2.009702,2.519124,2.457056
2.176210,2.249881,1.847750,2.021596,2.504669,2.478167
2.164681,2.266224,1.839441,2.033375,2.489921,2.499073
2.152925,2.282404,1.830968,2.045037,2.474883,2.519772
2.140945,2.298419,1.822333,2.056579,2.459557,2.540259
2.128742,2.314265,1.813538,2.068000,2.443947,2.560529
2.116319,2.329938,1.804584,2.079297,2.428055,2.580580
2.103679,2.345437,1.795474,2.090468,2.411884,2.600407
2.090823,2.360758,1.786208,2.101510,2.395439,2.620006
2.077755,2.375898,1.776789,2.112422,2.378721,2.639373
2.064477,2.390853,1.767219,2.123201,2.361734,2.658506
2.050991,2.405622,1.757499,2.133846,2.344483,2.677399
2.037300,2.420202,1.747631,2.144354,2.326969,2.696050
2.023407,2.434588,1.737618,2.154723,2.309196,2.714454
2.009314,2.448780,1.727460,2.164951,2.291168,2.732608
1.995025,2.462773,1.717161,2.175037,2.272888,2.750509
1.980542,2.476565,1.706723,2.184978,2.254360,2.768153
1.965867,2.490154,1.696146,2.194772,2.235588,2.785536
1.951004,2.503536,1.685434,2.204417,2.216575,2.802656
1.935956,2.516710,1.674588,2.213912,2.197324,2.819508
1.920725,2.529672,1.663610,2.223255,2.177840,2.836090
1.905315,2.542421,1.652504,2.232443,2.158127,2.852398
1.889729,2.554953,1.641270,2.241475,2.138188,2.868430
1.873969,2.567266,1.629911,2.250350,2.118027,2.884182
1.858038,2.579358,1.618429,2.259065,2.097648,2.899650
1.841940,2.591226,1.606826,2.267619,2.077054,2.914833
1.825678,2.602868,1.595106,2.276010,2.056251,2.929726
1.809256,2.614283,1.583269,2.284237,2.035242,2.944328
1.792675,2.625466,1.571318,2.292298,2.014032,2.958635
1.775940,2.636417,1.559257,2.300191,1.992623,2.972644
1.759053,2.647134,1.547086,2.307915,1.971021,2.986353
1.742019,2.657614,1.534808,2.315468,1.949230,2.999759
1.724840,2.667854,1.522426,2.322849,1.927253,3.012860
1.707520,2.677854,1.509943,2.330056,1.905096,3.025652
1.690061,2.687611,1.497360,2.337089,1.882763,3.038134
1.672468,2.697124,1.484680,2.343945,1.860257,3.050303
1.654745,2.706390,1.471905,2.350623,1.837584,3.062156
1.636893,2.715407,1.459039,2.357122,1.814747,3.073692
1.618917,2.724174,1.446083,2.363441,1.791752,3.084907
1.600821,2.732690,1.433040,2.369579,1.768602,3.095801
1.582607,2.740952,1.419913,2.375534,1.745302,3.106370
1.564280,2.748959,1.406703,2.381305,1.721857,3.116613
1.545843,2.756709,1.393415,2.386891,1.698271,3.126528
1.527300,2.764201,1.380050,2.392291,1.674549,3.136112
1.508653,2.771434,1.366610,2.397503,1.650696,3.145364
1.489908,2.778405,1.353100,2.402528,1.626716,3.154282
1.471067,2.785114,1.339520,2.407363,1.602613,3.162865
1.452134,2.791559,1.325874,2.412009,1.578394,3.171110
1.433113,2.797740,1.312165,2.416463,1.554061,3.179016
1.414008,2.803654,1.298395,2.420726,1.529620,3.186581
1.394821,2.809300,1.284566,2.424796,1.505076,3.193805
1.375558,2.814679,1.270683,2.428672,1.480434,3.200685
1.356222,2.819788,1.256746,2.432354,1.455698,3.207221
1.336816,2.824626,1.242759,2.435842,1.430873,3.213410
1.317345,2.829193,1.228725,2.439133,1.405964,3.219253
1.297812,2.833488,1.214647,2.442229,1.380976,3.224747
1.278220,2.837509,1.200526,2.445127,1.355914,3.229891
1.258575,2.841257,1.186367,2.447828,1.330782,3.234685
1.238879,2.844730,1.172171,2.450331,1.305586,3.239128
1.219136,2.847927,1.157942,2.452636,1.280330,3.243219
1.199351,2.850849,1.143682,2.454742,1.255020,3.246956
1.179527,2.853494,1.129393,2.456648,1.229660,3.250340
1.159667,2.855862,1.115080,2.458355,1.204255,3.253369
1.139777,2.857953,1.100744,2.459862,1.178810,3.256044
1.119860,2.859765,1.086389,2.461168,1.153331,3.258363
1.099919,2.861300,1.072016,2.462274,1.127821,3.260325
1.079958,2.862556,1.057630,2.463179,1.102287,3.261932
1.059982,2.863533,1.043232,2.463883,1.076733,3.263182
1.039995,2.864231,1.028826,2.464386,1.051163,3.264075
1.019999,2.864649,1.014414,2.464688,1.025584,3.264610
1.000000,2.864789,1.000000,2.464789,1.000000,3.264789
0.980001,2.864929,0.974416,2.464968,0.985586,3.264890
0.960005,2.865347,0.948837,2.465503,0.971174,3.265191
0.940018,2.866045,0.923267,2.466396,0.956768,3.265695
0.920042,2.867022,0.897713,2.467646,0.942370,3.266399
0.900081,2.868278,0.872179,2.469253,0.927984,3.267304
0.880140,2.869813,0.846669,2.471215,0.913611,3.268410
0.860223,2.871625,0.821190,2.473534,0.899256,3.269716
0.840333,2.873716,0.795745,2.476209,0.884920,3.271223
0.820473,2.876084,0.770340,2.479238,0.870607,3.272930
0.800649,2.878729,0.744980,2.482622,0.856318,3.274836
0.780864,2.881651,0.719670,2.486359,0.842058,3.276942
0.761121,2.884848,0.694414,2.490450,0.827829,3.279247
0.741425,2.888321,0.669218,2.494893,0.813633,3.281750
0.721780,2.892069,0.644086,2.499687,0.799474,3.284451
0.702188,2.896090,0.619024,2.504831,0.785353,3.287349
0.682655,2.900385,0.594036,2.510325,0.771275,3.290445
0.663184,2.904952,0.569127,2.516167,0.757241,3.293736
0.643778,2.909790,0.544302,2.522357,0.743254,3.297224
0.624442,2.914899,0.519566,2.528893,0.729317,3.300906
0.605179,2.920278,0.494924,2.535773,0.715434,3.304782
0.585992,2.925924,0.470380,2.542996,0.701605,3.308852
0.566887,2.931838,0.445939,2.550562,0.687835,3.313115
0.547866,2.938019,0.421606,2.558468,0.674126,3.317569
0.528933,2.944464,0.397387,2.566713,0.660480,3.322215
0.510092,2.951173,0.373284,2.575296,0.646900,3.327050
0.491347,2.958144,0.349304,2.584214,0.633390,3.332075
0.472700,2.965377,0.325451,2.593466,0.619950,3.337287
0.454157,2.972869,0.301729,2.603050,0.606585,3.342687
0.435720,2.980619,0.278143,2.612965,0.593297,3.348273
0.417393,2.988626,0.254698,2.623208,0.580087,3.354044
0.399179,2.996888,0.231398,2.633777,0.566960,3.359999
0.381083,3.005404,0.208248,2.644671,0.553917,3.366137
0.363107,3.014171,0.185253,2.655886,0.540961,3.372456
0.345255,3.023188,0.162416,2.667422,0.528095,3.378955
0.327532,3.032454,0.139743,2.679275,0.515320,3.385633
0.309939,3.041967,0.117237,2.691444,0.502640,3.392489
0.292480,3.051724,0.094904,2.703926,0.490057,3.399522
0.275160,3.061724,0.072747,2.716718,0.477574,3.406729
0.257981,3.071964,0.050770,2.729819,0.465192,3.414110
0.240947,3.082444,0.028979,2.743225,0.452914,3.421663
0.224060,3.093160,0.007377,2.756934,0.440743,3.429387
0.207325,3.104112,-0.014032,2.770943,0.428682,3.437280
0.190744,3.115295,-0.035242,2.785250,0.416731,3.445341
0.174322,3.126710,-0.056251,2.799852,0.404894,3.453568
0.158060,3.138352,-0.077054,2.814745,0.393174,3.461959
0.141962,3.150220,-0.097648,2.829928,0.381571,3.470513
0.126031,3.162312,-0.118027,2.845396,0.370089,3.479228
0.110271,3.174625,-0.138188,2.861148,0.358730,3.488103
0.094685,3.187157,-0.158127,2.877179,0.347496,3.497135
0.079275,3.199906,-0.177840,2.893488,0.336390,3.506323
0.064044,3.212868,-0.197324,2.910070,0.325412,3.515666
0.048996,3.226042,-0.216575,2.926922,0.314566,3.525161
0.034133,3.239424,-0.235588,2.944042,0.303854,3.534806
0.019458,3.253013,-0.254360,2.961425,0.293277,3.544600
0.004975,3.266805,-0.272888,2.979069,0.282839,3.554541
-0.009314,3.280798,-0.291168,2.996970,0.272540,3.564627
-0.023407,3.294990,-0.309196,3.015124,0.262382,3.574855
-0.037300,3.309376,-0.326969,3.033528,0.252369,3.585224
-0.050991,3.323955,-0.344483,3.052179,0.242501,3.595732
-0.064477,3.338724,-0.361734,3.071072,0.232781,3.606377
-0.077755,3.353680,-0.378721,3.090205,0.223211,3.617156
-0.090823,3.368820,-0.395439,3.109572,0.213792,3.628068
-0.103679,3.384141,-0.411884,3.129171,0.204526,3.639110
-0.116319,3.399640,-0.428055,3.148998,0.195416,3.650281
-0.128742,3.415313,-0.443947,3.169049,0.186462,3.661578
-0.140945,3.431159,-0.459557,3.189319,0.177667,3.672999
-0.152925,3.447174,-0.474883,3.209806,0.169032,3.684541
-0.164681,3.463354,-0.489921,3.230505,0.160559,3.696203
-0.176210,3.479696,-0.504669,3.251411,0.152250,3.707982
-0.187509,3.496199,-0.519124,3.272521,0.144106,3.719876
-0.198577,3.512857,-0.533282,3.293832,0.136129,3.731882
-0.209411,3.529668,-0.547142,3.315337,0.128321,3.743999
-0.220009,3.546629,-0.560700,3.337035,0.120682,3.756223
-0.230369,3.563736,-0.573953,3.358919,0.113215,3.768553
-0.240490,3.580986,-0.586900,3.380986,0.105920,3.780986
-0.250369,3.598376,-0.599538,3.403232,0.098800,3.793520
-0.260004,3.615902,-0.611863,3.425652,0.091856,3.806152
-0.269393,3.633561,-0.623875,3.448242,0.085088,3.818879
-0.278535,3.651349,-0.635569,3.470998,0.078499,3.831700
-0.287428,3.669263,-0.646945,3.493915,0.072090,3.844612
-0.296069,3.687300,-0.658000,3.516988,0.065862,3.857611
-0.304458,3.705455,-0.668732,3.540213,0.059815,3.870697
-0.312593,3.723726,-0.679138,3.563586,0.053952,3.883865
-0.320472,3.742108,-0.689217,3.587102,0.048274,3.897115
-0.328093,3.760599,-0.698967,3.610756,0.042780,3.910442
-0.335455,3.779194,-0.708385,3.634545,0.037474,3.923844
-0.342558,3.797891,-0.717470,3.658462,0.032355,3.937320
-0.349398,3.816684,-0.726221,3.682504,0.027425,3.950865
-0.355975,3.835572,-0.734635,3.706666,0.022685,3.964478
-0.362288,3.854549,-0.742711,3.730942,0.018134,3.978156
-0.368335,3.873613,-0.750447,3.755330,0.013776,3.991896
-0.374116,3.892759,-0.757842,3.779823,0.009610,4.005696
-0.379629,3.911984,-0.764894,3.804416,0.005636,4.019552
-0.384872,3.931284,-0.771602,3.829106,0.001857,4.033463
-0.389846,3.950656,-0.777965,3.853887,-0.001728,4.047425
-0.394549,3.970095,-0.783981,3.878755,-0.005117,4.061435
-0.398980,3.989598,-0.789649,3.903704,-0.008311,4.075492
-0.403138,4.009161,-0.794968,3.928729,-0.011308,4.089592
-0.407023,4.028780,-0.799938,3.953827,-0.014108,4.103732
-0.410633,4.048451,-0.804556,3.978991,-0.016710,4.117910
-0.413969,4.068171,-0.808823,4.004218,-0.019114,4.132123
-0.417028,4.087935,-0.812737,4.029502,-0.021319,4.146368
-0.419812,4.107740,-0.816298,4.054838,-0.023325,4.160643
-0.422318,4.127582,-0.819505,4.080221,-0.025132,4.174944
-0.424548,4.147457,-0.822356,4.105646,-0.026739,4.189269
-0.426499,4.167362,-0.824853,4.131109,-0.028146,4.203615
-0.428173,4.187292,-0.826994,4.156604,-0.029352,4.217979
-0.429568,4.207243,-0.828779,4.182126,-0.030357,4.232359
-0.430684,4.227211,-0.830207,4.207671,-0.031162,4.246751
-0.431522,4.247194,-0.831278,4.233234,-0.031766,4.261153
-0.432080,4.267186,-0.831993,4.258809,-0.032168,4.275563
-0.432360,4.287184,-0.832350,4.284391,-0.032369,4.289976
-0.432429,4.307183,-0.832420,4.304391,-0.032439,4.309976
-0.432709,4.327181,-0.832621,4.318804,-0.032796,4.335558
-0.433267,4.347173,-0.833023,4.333214,-0.033511,4.361133
-0.434105,4.367156,-0.833627,4.347616,-0.034582,4.386696
-0.435221,4.387124,-0.834432,4.362008,-0.036010,4.412240
-0.436616,4.407075,-0.835437,4.376388,-0.037795,4.437763
-0.438290,4.427005,-0.836643,4.390752,-0.039936,4.463258
-0.440241,4.446909,-0.838050,4.405098,-0.042433,4.488721
-0.442471,4.466785,-0.839657,4.419423,-0.045284,4.514146
-0.444977,4.486627,-0.841464,4.433724,-0.048491,4.539529
-0.447761,4.506432,-0.843470,4.447999,-0.052052,4.564865
-0.450820,4.526196,-0.845675,4.462244,-0.055966,4.590149
-0.454156,4.545916,-0.848079,4.476457,-0.060233,4.615375
-0.457766,4.565587,-0.850681,4.490635,-0.064851,4.640540
-0.461651,4.585206,-0.853481,4.504775,-0.069821,4.665638
-0.465809,4.604769,-0.856478,4.518875,-0.075140,4.690663
-0.470240,4.624272,-0.859671,4.532932,-0.080808,4.715612
-0.474943,4.643711,-0.863061,4.546942,-0.086824,4.740480
-0.479916,4.663083,-0.866646,4.560904,-0.093187,4.765261
-0.485160,4.682383,-0.870425,4.574815,-0.099895,4.789951
-0.490673,4.701608,-0.874399,4.588671,-0.106947,4.814544
-0.496454,4.720754,-0.878565,4.602471,-0.114342,4.839037
-0.502501,4.739818,-0.882923,4.616211,-0.122078,4.863425
-0.508814,4.758795,-0.887473,4.629889,-0.130154,4.887701
-0.515391,4.777682,-0.892214,4.643502,-0.138568,4.911863
-0.522231,4.796476,-0.897144,4.657047,-0.147319,4.935905
-0.529334,4.815173,-0.902263,4.670523,-0.156404,4.959822
-0.536696,4.833768,-0.907569,4.683925,-0.165822,4.983611
-0.544317,4.852259,-0.913063,4.697252,-0.175572,5.007265
-0.552196,4.870641,-0.918741,4.710502,-0.185651,5.030781
-0.560331,4.888912,-0.924604,4.723670,-0.196057,5.054154
-0.568720,4.907067,-0.930651,4.736756,-0.206789,5.077379
-0.577361,4.925104,-0.936879,4.749755,-0.217844,5.100452
-0.586254,4.943018,-0.943288,4.762667,-0.229220,5.123369
-0.595396,4.960806,-0.949877,4.775488,-0.240914,5.146125
-0.604785,4.978465,-0.956645,4.788215,-0.252926,5.168715
-0.614420,4.995991,-0.963589,4.800847,-0.265251,5.191135
-0.624299,5.013381,-0.970709,4.813381,-0.277889,5.213381
-0.634420,5.030631,-0.978004,4.825814,-0.290836,5.235448
-0.644780,5.047738,-0.985471,4.838144,-0.304089,5.257332
-0.655378,5.064699,-0.993109,4.850368,-0.317647,5.279030
-0.666212,5.081510,-1.000918,4.862485,-0.331507,5.300535
-0.677280,5.098168,-1.008895,4.874491,-0.345665,5.321845
-0.688579,5.114670,-1.017039,4.886385,-0.360120,5.342956
-0.700108,5.131013,-1.025348,4.898164,-0.374868,5.363862
-0.711864,5.147193,-1.033821,4.909826,-0.389906,5.384561
-0.723844,5.163208,-1.042456,4.921368,-0.405232,5.405048
-0.736047,5.179054,-1.051251,4.932789,-0.420842,5.425318
-0.748470,5.194727,-1.060205,4.944086,-0.436734,5.445369
-0.761110,5.210226,-1.069315,4.955256,-0.452905,5.465196
-0.773966,5.225547,-1.078581,4.966299,-0.469350,5.484795
-0.787034,5.240687,-1.088000,4.977211,-0.486068,5.504162
-0.800312,5.255642,-1.097570,4.987990,-0.503054,5.523295
-0.813798,5.270411,-1.107290,4.998635,-0.520306,5.542188
-0.827489,5.284991,-1.117158,5.009143,-0.537820,5.560839
-0.841382,5.299377,-1.127171,5.019512,-0.555593,5.579243
-0.855475,5.313569,-1.137329,5.029740,-0.573621,5.597397
-0.869764,5.327562,-1.147628,5.039826,-0.591901,5.615298
-0.884247,5.341354,-1.158066,5.049767,-0.610429,5.632942
-0.898922,5.354943,-1.168643,5.059561,-0.629201,5.650325
-0.913785,5.368325,-1.179355,5.069206,-0.648214,5.667445
-0.928833,5.381499,-1.190201,5.078701,-0.667465,5.684297
-0.944064,5.394461,-1.201179,5.088044,-0.686949,5.700879
-0.959474,5.407210,-1.212285,5.097232,-0.706662,5.717187
-0.975060,5.419742,-1.223519,5.106264,-0.726601,5.733219
-0.990820,5.432055,-1.234878,5.115139,-0.746762,5.748971
-1.006751,5.444147,-1.246360,5.123854,-0.767141,5.764439
-1.022849,5.456015,-1.257963,5.132408,-0.787735,5.779622
-1.039111,5.467657,-1.269683,5.140799,-0.808538,5.794515
-1.055533,5.479071,-1.281520,5.149026,-0.829547,5.809117
-1.072114,5.490255,-1.293471,5.157087,-0.850757,5.823424
-1.088849,5.501206,-1.305532,5.164980,-0.872166,5.837433
-1.105736,5.511923,-1.317703,5.172704,-0.893768,5.851142
-1.122770,5.522403,-1.329981,5.180257,-0.915559,5.864548
-1.139949,5.532643,-1.342363,5.187638,-0.937535,5.877649
-1.157269,5.542643,-1.354846,5.194845,-0.959693,5.890441
-1.174728,5.552400,-1.367429,5.201878,-0.982026,5.902923
-1.192320,5.561913,-1.380109,5.208734,-1.004532,5.915092
-1.210044,5.571179,-1.392884,5.215412,-1.027205,5.926945
-1.227896,5.580196,-1.405750,5.221911,-1.050042,5.938481
-1.245872,5.588963,-1.418706,5.228230,-1.073037,5.949696
-1.263968,5.597479,-1.431749,5.234368,-1.096187,5.960590
-1.282182,5.605741,-1.444876,5.240323,-1.119487,5.971159
-1.300509,5.613748,-1.458086,5.246094,-1.142932,5.981402
-1.318946,5.621498,-1.471374,5.251680,-1.166518,5.991317
-1.337489,5.628990,-1.484739,5.257080,-1.190240,6.000901
-1.356136,5.636223,-1.498179,5.262292,-1.214093,6.010153
-1.374881,5.643194,-1.511689,5.267317,-1.238073,6.019071
-1.393722,5.649903,-1.525269,5.272152,-1.262176,6.027654
-1.412655,5.656348,-1.538915,5.276798,-1.286395,6.035899
-1.431676,5.662529,-1.552624,5.281252,-1.310728,6.043805
-1.450781,5.668443,-1.566394,5.285515,-1.335169,6.051370
-1.469968,5.674089,-1.580222,5.289585,-1.359713,6.058594
-1.489231,5.679468,-1.594106,5.293461,-1.384355,6.065474
-1.508567,5.684577,-1.608043,5.297143,-1.409091,6.072010
-1.527973,5.689415,-1.622030,5.300631,-1.433916,6.078199
-1.547444,5.693982,-1.636064,5.303922,-1.458825,6.084042
-1.566977,5.698277,-1.650142,5.307018,-1.483813,6.089536
-1.586569,5.702298,-1.664263,5.309916,-1.508875,6.094680
-1.606214,5.706046,-1.678422,5.312617,-1.534007,6.099474
-1.625910,5.709519,-1.692618,5.315120,-1.559203,6.103917
-1.645653,5.712716,-1.706847,5.317425,-1.584459,6.108008
-1.665438,5.715638,-1.721107,5.319531,-1.609769,6.111745
-1.685262,5.718283,-1.735396,5.321437,-1.635129,6.115129
-1.705121,5.720651,-1.749709,5.323144,-1.660534,6.118158
-1.725012,5.722742,-1.764045,5.324651,-1.685979,6.120833
-1.744929,5.724554,-1.778400,5.325957,-1.711458,6.123151
-1.764870,5.726089,-1.792773,5.327063,-1.736968,6.125114
-1.784831,5.727345,-1.807159,5.327968,-1.762502,6.126721
-1.804807,5.728321,-1.821557,5.328672,-1.788056,6.127971
-1.824794,5.729019,-1.835963,5.329175,-1.813626,6.128864
-1.844790,5.729438,-1.850374,5.329477,-1.839205,6.129399
-1.864789,5.729578,-1.864789,5.329578,-1.864789,6.129578
-1.884788,5.729438,-1.879203,5.329477,-1.890373,6.129399
-1.904784,5.729019,-1.893615,5.329175,-1.915952,6.128864
-1.924771,5.728321,-1.908021,5.328672,-1.941522,6.127971
-1.944747,5.727345,-1.922419,5.327968,-1.967076,6.126721
-1.964708,5.726089,-1.936805,5.327063,-1.992610,6.125114
-1.984649,5.724554,-1.951178,5.325957,-2.018120,6.123151
-2.004566,5.722742,-1.965533,5.324651,-2.043599,6.120833
-2.024456,5.720651,-1.979869,5.323144,-2.069044,6.118158
-2.044316,5.718283,-1.994182,5.321437,-2.094449,6.115129
-2.064140,5.715638,-2.008471,5.319531,-2.119809,6.111745
-2.083925,5.712716,-2.022731,5.317425,-2.145119,6.108008
-2.103668,5.709519,-2.036960,5.315120,-2.170375,6.103917
-2.123364,5.706046,-2.051156,5.312617,-2.195571,6.099474
-2.143009,5.702298,-2.065315,5.309916,-2.220703,6.094680
-2.162601,5.698277,-2.079436,5.307018,-2.245765,6.089536
-2.182134,5.693982,-2.093514,5.303922,-2.270753,6.084042
-2.201605,5.689415,-2.107548,5.300631,-2.295662,6.078199
-2.221011,5.684577,-2.121535,5.297143,-2.320487,6.072010
-2.240347,5.679468,-2.135472,5.293461,-2.345223,6.065474
-2.259610,5.674089,-2.149355,5.289585,-2.369865,6.058594
-2.278797,5.668443,-2.163184,5.285515,-2.394409,6.051370
-2.297902,5.662529,-2.176954,5.281252,-2.418850,6.043805
-2.316923,5.656348,-2.190663,5.276798,-2.443183,6.035899
-2.335856,5.649903,-2.204309,5.272152,-2.467402,6.027654
-2.354697,5.643194,-2.217889,5.267317,-2.491505,6.019071
-2.373442,5.636223,-2.231399,5.262292,-2.515485,6.010153
-2.392089,5.628990,-2.244839,5.257080,-2.539338,6.000901
-2.410632,5.621498,-2.258204,5.251680,-2.563060,5.991317
-2.429069,5.613748,-2.271492,5.246094,-2.586646,5.981402
-2.447396,5.605741,-2.284702,5.240323,-2.610091,5.971159
-2.465610,5.597479,-2.297829,5.234368,-2.633391,5.960590
-2.483706,5.588963,-2.310872,5.228230,-2.656541,5.949696
-2.501682,5.580196,-2.323828,5.221911,-2.679536,5.938481
-2.519534,5.571179,-2.336694,5.215412,-2.702373,5.926945
-2.537257,5.561913,-2.349469,5.208734,-2.725046,5.915092
-2.554850,5.552400,-2.362149,5.201878,-2.747552,5.902923
-2.572309,5.542643,-2.374732,5.194845,-2.769885,5.890441
-2.589629,5.532643,-2.387215,5.187638,-2.792042,5.877649
-2.606808,5.522403,-2.399597,5.180257,-2.814019,5.864548
-2.623842,5.511923,-2.411875,5.172704,-2.835810,5.851142
-2.640729,5.501206,-2.424046,5.164980,-2.857412,5.837433
-2.657464,5.490255,-2.436107,5.157087,-2.878821,5.823424
-2.674045,5.479071,-2.448058,5.149026,-2.900031,5.809117
-2.690467,5.467657,-2.459895,5.140799,-2.921040,5.794515
-2.706729,5.456015,-2.471615,5.132408,-2.941843,5.779622
-2.722827,5.444147,-2.483218,5.123854,-2.962437,5.764439
-2.738758,5.432055,-2.494699,5.115139,-2.982816,5.748971
-2.754518,5.419742,-2.506059,5.106264,-3.002977,5.733219
-2.770104,5.407210,-2.517293,5.097232,-3.022916,5.717187
-2.785514,5.394461,-2.528399,5.088044,-3.042629,5.700879
-2.800745,5.381499,-2.539377,5.078701,-3.062113,5.684297
-2.815793,5.368325,-2.550223,5.069206,-3.081364,5.667445
-2.830656,5.354943,-2.560935,5.059561,-3.100377,5.650325
-2.845330,5.341354,-2.571512,5.049767,-3.119149,5.632942
-2.859814,5.327562,-2.581950,5.039826,-3.137677,5.615298
-2.874103,5.313569,-2.592249,5.029740,-3.155957,5.597397
-2.888196,5.299377,-2.602407,5.019512,-3.173985,5.579243
-2.902089,5.284991,-2.612420,5.009143,-3.191758,5.560839
-2.915780,5.270411,-2.622288,4.998635,-3.209272,5.542188
-2.929266,5.255642,-2.632008,4.987990,-3.226523,5.523295
-2.942544,5.240687,-2.641578,4.977211,-3.243510,5.504162
-2.955612,5.225547,-2.650997,4.966299,-3.260228,5.484795
-2.968468,5.210226,-2.660263,4.955256,-3.276673,5.465196
-2.981108,5.194727,-2.669373,4.944086,-3.292844,5.445369
-2.993531,5.179054,-2.678327,4.932789,-3.308736,5.425318
-3.005734,5.163208,-2.687122,4.921368,-3.324346,5.405048
-3.017714,5.147193,-2.695757,4.909826,-3.339672,5.384561
-3.029470,5.131013,-2.704230,4.898164,-3.354710,5.363862
-3.040999,5.114670,-2.712539,4.886385,-3.369458,5.342956
-3.052298,5.098168,-2.720683,4.874491,-3.383913,5.321845
-3.063366,5.081510,-2.728660,4.862485,-3.398071,5.300535
-3.074200,5.064699,-2.736468,4.850368,-3.411931,5.279030
-3.084798,5.047738,-2.744107,4.838144,-3.425489,5.257332
-3.095158,5.030631,-2.751574,4.825814,-3.438742,5.235448
-3.105279,5.013381,-2.758869,4.813381,-3.451689,5.213381
-3.115158,4.995991,-2.765989,4.800847,-3.464327,5.191135
-3.124793,4.978465,-2.772933,4.788215,-3.476652,5.168715
-3.134182,4.960806,-2.779701,4.775488,-3.488664,5.146125
-3.143324,4.943018,-2.786290,4.762667,-3.500358,5.123369
-3.152217,4.925104,-2.792699,4.749755,-3.511734,5.100452
-3.160858,4.907067,-2.798927,4.736756,-3.522789,5.077379
-3.169247,4.888912,-2.804974,4.723670,-3.533521,5.054154
-3.177382,4.870641,-2.810837,4.710502,-3.543927,5.030781
-3.185261,4.852259,-2.816515,4.697252,-3.554006,5.007265
-3.192882,4.833768,-2.822008,4.683925,-3.563756,4.983611
-3.200244,4.815173,-2.827315,4.670523,-3.573174,4.959822
-3.207347,4.796476,-2.832434,4.657047,-3.582259,4.935905
-3.214187,4.777682,-2.837364,4.643502,-3.591010,4.911863
-3.220764,4.758795,-2.842104,4.629889,-3.599424,4.887701
-3.227077,4.739818,-2.846654,4.616211,-3.607500,4.863425
-3.233124,4.720754,-2.851013,4.602471,-3.615236,4.839037
-3.238905,4.701608,-2.855179,4.588671,-3.622631,4.814544
-3.244418,4.682383,-2.859153,4.574815,-3.629683,4.789951
-3.249661,4.663083,-2.862932,4.560904,-3.636391,4.765261
-3.254635,4.643711,-2.866517,4.546942,-3.642754,4.740480
-3.259338,4.624272,-2.869906,4.532932,-3.648770,4.715612
-3.263769,4.604769,-2.873100,4.518875,-3.654438,4.690663
-3.267927,4.585206,-2.876097,4.504775,-3.659757,4.665638
-3.271812,4.565587,-2.878897,4.490635,-3.664727,4.640540
-3.275422,4.545916,-2.881499,4.476457,-3.669345,4.615375
-3.278758,4.526196,-2.883903,4.462244,-3.673612,4.590149
-3.281817,4.506432,-2.886108,4.447999,-3.677526,4.564865
-3.284601,4.486627,-2.888114,4.433724,-3.681087,4.539529
-3.287107,4.466785,-2.889921,4.419423,-3.684293,4.514146
-3.289337,4.446909,-2.891528,4.405098,-3.687145,4.488721
-3.291288,4.427005,-2.892935,4.390752,-3.689642,4.463258
-3.292962,4.407075,-2.894141,4.376388,-3.691783,4.437763
-3.294357,4.387124,-2.895146,4.362008,-3.693568,4.412240
-3.295473,4.367156,-2.895951,4.347616,-3.694996,4.386696
-3.296311,4.347173,-2.896555,4.333214,-3.696067,4.361133
-3.296869,4.327181,-2.896957,4.318804,-3.696782,4.335558
-3.297149,4.307183,-2.897158,4.304391,-3.697139,4.309976
-3.297183,4.287183,-2.897183,4.287183,-3.697183,4.287183
-3.297183,4.267183,-2.897183,4.267183,-3.697183,4.267183
-3.297183,4.247183,-2.897183,4.247183,-3.697183,4.247183
-3.297183,4.227183,-2.897183,4.227183,-3.697183,4.227183
-3.297183,4.207183,-2.897183,4.207183,-3.697183,4.207183
-3.297183,4.187183,-2.897183,4.187183,-3.697183,4.187183
-3.297183,4.167183,-2.897183,4.167183,-3.697183,4.167183
-3.297183,4.147183,-2.897183,4.147183,-3.697183,4.147183
-3.297183,4.127183,-2.897183,4.127183,-3.697183,4.127183
-3.297183,4.107183,-2.897183,4.107183,-3.697183,4.107183
-3.297183,4.087183,-2.897183,4.087183,-3.697183,4.087183
-3.297183,4.067183,-2.897183,4.067183,-3.697183,4.067183
-3.297183,4.047183,-2.897183,4.047183,-3.697183,4.047183
-3.297183,4.027183,-2.897183,4.027183,-3.697183,4.027183
-3.297183,4.007183,-2.897183,4.007183,-3.697183,4.007183
-3.297183,3.987183,-2.897183,3.987183,-3.697183,3.987183
-3.297183,3.967183,-2.897183,3.967183,-3.697183,3.967183
-3.297183,3.947183,-2.897183,3.947183,-3.697183,3.947183
-3.297183,3.927183,-2.897183,3.927183,-3.697183,3.927183
-3.297183,3.907183,-2.897183,3.907183,-3.697183,3.907183
-3.297183,3.887183,-2.897183,3.887183,-3.697183,3.887183
-3.297183,3.867183,-2.897183,3.867183,-3.697183,3.867183
-3.297183,3.847183,-2.897183,3.847183,-3.697183,3.847183
-3.297183,3.827183,-2.897183,3.827183,-3.697183,3.827183
-3.297183,3.807183,-2.897183,3.807183,-3.697183,3.807183
-3.297183,3.787183,-2.897183,3.787183,-3.697183,3.787183
-3.297183,3.767183,-2.897183,3.767183,-3.697183,3.767183
-3.297183,3.747183,-2.897183,3.747183,-3.697183,3.747183
-3.297183,3.727183,-2.897183,3.727183,-3.697183,3.727183
-3.297183,3.707183,-2.897183,3.707183,-3.697183,3.707183
-3.297183,3.687183,-2.897183,3.687183,-3.697183,3.687183
-3.297183,3.667183,-2.897183,3.667183,-3.697183,3.667183
-3.297183,3.647183,-2.897183,3.647183,-3.697183,3.647183
-3.297183,3.627183,-2.897183,3.627183,-3.697183,3.627183
-3.297183,3.607183,-2.897183,3.607183,-3.697183,3.607183
-3.297183,3.587183,-2.897183,3.587183,-3.697183,3.587183
-3.297183,3.567183,-2.897183,3.567183,-3.697183,3.567183
-3.297183,3.547183,-2.897183,3.547183,-3.697183,3.547183
-3.297183,3.527183,-2.897183,3.527183,-3.697183,3.527183
-3.297183,3.507183,-2.897183,3.507183,-3.697183,3.507183
-3.297183,3.487183,-2.897183,3.487183,-3.697183,3.487183
-3.297183,3.467183,-2.897183,3.467183,-3.697183,3.467183
-3.297183,3.447183,-2.897183,3.447183,-3.697183,3.447183
-3.297183,3.427183,-2.897183,3.427183,-3.697183,3.427183
-3.297183,3.407183,-2.897183,3.407183,-3.697183,3.407183
-3.297183,3.387183,-2.897183,3.387183,-3.697183,3.387183
-3.297183,3.367183,-2.897183,3.367183,-3.697183,3.367183
-3.297183,3.347183,-2.897183,3.347183,-3.697183,3.347183
-3.297183,3.327183,-2.897183,3.327183,-3.697183,3.327183
-3.297183,3.307183,-2.897183,3.307183,-3.697183,3.307183
-3.297183,3.287183,-2.897183,3.287183,-3.697183,3.287183
-3.297183,3.267183,-2.897183,3.267183,-3.697183,3.267183
-3.297183,3.247183,-2.897183,3.247183,-3.697183,3.247183
-3.297183,3.227183,-2.897183,3.227183,-3.697183,3.227183
-3.297183,3.207183,-2.897183,3.207183,-3.697183,3.207183
-3.297183,3.187183,-2.897183,3.187183,-3.697183,3.187183
-3.297183,3.167183,-2.897183,3.167183,-3.697183,3.167183
-3.297183,3.147183,-2.897183,3.147183,-3.697183,3.147183
-3.297183,3.127183,-2.897183,3.127183,-3.697183,3.127183
-3.297183,3.107183,-2.897183,3.107183,-3.697183,3.107183
-3.297183,3.087183,-2.897183,3.087183,-3.697183,3.087183
-3.297183,3.067183,-2.897183,3.067183,-3.697183,3.067183
-3.297183,3.047183,-2.897183,3.047183,-3.697183,3.047183
-3.297183,3.027183,-2.897183,3.027183,-3.697183,3.027183
-3.297183,3.007183,-2.897183,3.007183,-3.697183,3.007183
-3.297183,2.987183,-2.897183,2.987183,-3.697183,2.987183
-3.297183,2.967183,-2.897183,2.967183,-3.697183,2.967183
-3.297183,2.947183,-2.897183,2.947183,-3.697183,2.947183
-3.297183,2.927183,-2.897183,2.927183,-3.697183,2.927183
-3.297183,2.907183,-2.897183,2.907183,-3.697183,2.907183
-3.297183,2.887183,-2.897183,2.887183,-3.697183,2.887183
-3.297183,2.867183,-2.897183,2.867183,-3.697183,2.867183
-3.297183,2.847183,-2.897183,2.847183,-3.697183,2.847183
-3.297183,2.827183,-2.897183,2.827183,-3.697183,2.827183
-3.297183,2.807183,-2.897183,2.807183,-3.697183,2.807183
-3.297183,2.787183,-2.897183,2.787183,-3.697183,2.787183
-3.297183,2.767183,-2.897183,2.767183,-3.697183,2.767183
-3.297183,2.747183,-2.897183,2.747183,-3.697183,2.747183
-3.297183,2.727183,-2.897183,2.727183,-3.697183,2.727183
-3.297183,2.707183,-2.897183,2.707183,-3.697183,2.707183
-3.297183,2.687183,-2.897183,2.687183,-3.697183,2.687183
-3.297183,2.667183,-2.897183,2.667183,-3.697183,2.667183
-3.297183,2.647183,-2.897183,2.647183,-3.697183,2.647183
-3.297183,2.627183,-2.897183,2.627183,-3.697183,2.627183
-3.297183,2.607183,-2.897183,2.607183,-3.697183,2.607183
-3.297183,2.587183,-2.897183,2.587183,-3.697183,2.587183
-3.297183,2.567183,-2.897183,2.567183,-3.697183,2.567183
-3.297183,2.547183,-2.897183,2.547183,-3.697183,2.547183
-3.297183,2.527183,-2.897183,2.527183,-3.697183,2.527183
-3.297183,2.507183,-2.897183,2.507183,-3.697183,2.507183
-3.297183,2.487183,-2.897183,2.487183,-3.697183,2.487183
-3.297183,2.467183,-2.897183,2.467183,-3.697183,2.467183
-3.297183,2.447183,-2.897183,2.447183,-3.697183,2.447183
-3.297183,2.427183,-2.897183,2.427183,-3.697183,2.427183
-3.297183,2.407183,-2.897183,2.407183,-3.697183,2.407183
-3.297183,2.387183,-2.897183,2.387183,-3.697183,2.387183
-3.297183,2.367183,-2.897183,2.367183,-3.697183,2.367183
-3.297183,2.347183,-2.897183,2.347183,-3.697183,2.347183
-3.297183,2.327183,-2.897183,2.327183,-3.697183,2.327183
-3.297183,2.307183,-2.897183,2.307183,-3.697183,2.307183
-3.297183,2.287183,-2.897183,2.287183,-3.697183,2.287183
-3.297183,2.267183,-2.897183,2.267183,-3.697183,2.267183
-3.297183,2.247183,-2.897183,2.247183,-3.697183,2.247183
-3.297183,2.227183,-2.897183,2.227183,-3.697183,2.227183
-3.297183,2.207183,-2.897183,2.207183,-3.697183,2.207183
-3.297183,2.187183,-2.897183,2.187183,-3.697183,2.187183
-3.297183,2.167183,-2.897183,2.167183,-3.697183,2.167183
-3.297183,2.147183,-2.897183,2.147183,-3.697183,2.147183
-3.297183,2.127183,-2.897183,2.127183,-3.697183,2.127183
-3.297183,2.107183,-2.897183,2.107183,-3.697183,2.107183
-3.297183,2.087183,-2.897183,2.087183,-3.697183,2.087183
-3.297183,2.067183,-2.897183,2.067183,-3.697183,2.067183
-3.297183,2.047183,-2.897183,2.047183,-3.697183,2.047183
-3.297183,2.027183,-2.897183,2.027183,-3.697183,2.027183
-3.297183,2.007183,-2.897183,2.007183,-3.697183,2.007183
-3.297183,1.987183,-2.897183,1.987183,-3.697183,1.987183
-3.297183,1.967183,-2.897183,1.967183,-3.697183,1.967183
-3.297183,1.947183,-2.897183,1.947183,-3.697183,1.947183
-3.297183,1.927183,-2.897183,1.927183,-3.697183,1.927183
-3.297183,1.907183,-2.897183,1.907183,-3.697183,1.907183
-3.297183,1.887183,-2.897183,1.887183,-3.697183,1.887183
-3.297183,1.867183,-2.897183,1.867183,-3.697183,1.867183
-3.297183,1.847183,-2.897183,1.847183,-3.697183,1.847183
-3.297183,1.827183,-2.897183,1.827183,-3.697183,1.827183
-3.297183,1.807183,-2.897183,1.807183,-3.697183,1.807183
-3.297183,1.787183,-2.897183,1.787183,-3.697183,1.787183
-3.297183,1.767183,-2.897183,1.767183,-3.697183,1.767183
-3.297183,1.747183,-2.897183,1.747183,-3.697183,1.747183
-3.297183,1.727183,-2.897183,1.727183,-3.697183,1.727183
-3.297183,1.707183,-2.897183,1.707183,-3.697183,1.707183
-3.297183,1.687183,-2.897183,1.687183,-3.697183,1.687183
-3.297183,1.667183,-2.897183,1.667183,-3.697183,1.667183
-3.297183,1.647183,-2.897183,1.647183,-3.697183,1.647183
-3.297183,1.627183,-2.897183,1.627183,-3.697183,1.627183
-3.297183,1.607183,-2.897183,1.607183,-3.697183,1.607183
-3.297183,1.587183,-2.897183,1.587183,-3.697183,1.587183
-3.297183,1.567183,-2.897183,1.567183,-3.697183,1.567183
-3.297183,1.547183,-2.897183,1.547183,-3.697183,1.547183
-3.297183,1.527183,-2.897183,1.527183,-3.697183,1.527183
-3.297183,1.507183,-2.897183,1.507183,-3.697183,1.507183
-3.297183,1.487183,-2.897183,1.487183,-3.697183,1.487183
-3.297183,1.467183,-2.897183,1.467183,-3.697183,1.467183
-3.297183,1.447183,-2.897183,1.447183,-3.697183,1.447183
-3.297174,1.427183,-2.897177,1.428639,-3.697171,1.425728
-3.296962,1.407185,-2.897024,1.414225,-3.696900,1.400145
-3.296470,1.387191,-2.896669,1.399814,-3.696271,1.374568
-3.295699,1.367206,-2.896114,1.385410,-3.695285,1.349002
-3.294650,1.347234,-2.895357,1.371015,-3.693942,1.323452
-3.293321,1.327278,-2.894400,1.356632,-3.692243,1.297924
-3.291714,1.307343,-2.893242,1.342264,-3.690187,1.272422
-3.289829,1.287432,-2.891883,1.327913,-3.687776,1.246951
-3.287666,1.267550,-2.890324,1.313583,-3.685009,1.221516
-3.285226,1.247699,-2.888565,1.299276,-3.681887,1.196122
-3.282509,1.227885,-2.886607,1.284995,-3.678411,1.170775
-3.279515,1.208110,-2.884449,1.270742,-3.674581,1.145478
-3.276246,1.188379,-2.882093,1.256521,-3.670399,1.120238
-3.272701,1.168696,-2.879538,1.242335,-3.665865,1.095058
-3.268882,1.149064,-2.876785,1.228185,-3.660979,1.069944
-3.264790,1.129488,-2.873836,1.214075,-3.655743,1.044900
-3.260424,1.109970,-2.870689,1.200008,-3.650159,1.019932
-3.255786,1.090516,-2.867346,1.185986,-3.644226,0.995045
-3.250877,1.071128,-2.863808,1.172012,-3.637946,0.970243
-3.245698,1.051810,-2.860075,1.158089,-3.631320,0.945531
-3.240249,1.032567,-2.856148,1.144220,-3.624350,0.920913
-3.234533,1.013401,-2.852028,1.130406,-3.617038,0.896396
-3.228549,0.994317,-2.847716,1.116652,-3.609383,0.871983
-3.222300,0.975319,-2.843211,1.102959,-3.601388,0.847679
-3.215786,0.956410,-2.838516,1.089330,-3.593055,0.823490
-3.209008,0.937593,-2.833631,1.075768,-3.584385,0.799419
-3.201969,0.918873,-2.828558,1.062275,-3.575380,0.775471
-3.194669,0.900253,-2.823296,1.048855,-3.566041,0.751651
-3.187109,0.881737,-2.817848,1.035510,-3.556371,0.727965
-3.179292,0.863328,-2.812213,1.022242,-3.546370,0.704415
-3.171218,0.845031,-2.806394,1.009053,-3.536042,0.681008
-3.162890,0.826847,-2.800392,0.995948,-3.525388,0.657746
-3.154309,0.808782,-2.794207,0.982927,-3.514411,0.634636
-3.145476,0.790838,-2.787841,0.969994,-3.503111,0.611682
-3.136394,0.773020,-2.781295,0.957152,-3.491493,0.588887
-3.127063,0.755329,-2.774570,0.944402,-3.479557,0.566257
-3.117487,0.737771,-2.767668,0.931747,-3.467306,0.543796
-3.107667,0.720349,-2.760590,0.919189,-3.454743,0.521508
-3.097604,0.703065,-2.753337,0.906732,-3.441870,0.499397
-3.087300,0.685923,-2.745911,0.894377,-3.428690,0.477469
-3.076759,0.668927,-2.738313,0.882127,-3.415205,0.455727
-3.065981,0.652080,-2.730545,0.869985,-3.401417,0.434175
-3.054969,0.635384,-2.722608,0.857952,-3.387330,0.412817
-3.043725,0.618845,-2.714504,0.846031,-3.372946,0.391659
-3.032251,0.602463,-2.706234,0.834224,-3.358268,0.370703
-3.020550,0.586244,-2.697801,0.822534,-3.343299,0.349954
-3.008623,0.570189,-2.689204,0.810963,-3.328042,0.329416
-2.996473,0.554303,-2.680447,0.799512,-3.312499,0.309094
-2.984103,0.538588,-2.671532,0.788186,-3.296674,0.288990
-2.971514,0.523047,-2.662458,0.776985,-3.280570,0.269109
-2.958710,0.507683,-2.653230,0.765911,-3.264190,0.249455
-2.945692,0.492500,-2.643847,0.754968,-3.247538,0.230032
-2.932464,0.477500,-2.634313,0.744157,-3.230615,0.210843
-2.919028,0.462686,-2.624629,0.733480,-3.213426,0.191892
-2.905386,0.448061,-2.614796,0.722939,-3.195975,0.173183
-2.891541,0.433628,-2.604817,0.712536,-3.178264,0.154719
-2.877496,0.419389,-2.594695,0.702274,-3.160297,0.136505
-2.863253,0.405349,-2.584429,0.692154,-3.142077,0.118543
-2.848816,0.391508,-2.574024,0.682178,-3.123608,0.100838
-2.834187,0.377870,-2.563480,0.672349,-3.104894,0.083392
-2.819369,0.364438,-2.552800,0.662668,-3.085938,0.066208
-2.804365,0.351214,-2.541986,0.653137,-3.066744,0.049292
-2.789178,0.338201,-2.531040,0.643758,-3.047316,0.032645
-2.773810,0.325401,-2.519964,0.634532,-3.027657,0.016270
-2.758266,0.312817,-2.508760,0.625462,-3.007772,0.000172
-2.742547,0.300451,-2.497431,0.616550,-2.987663,-0.015647
-2.726657,0.288306,-2.485978,0.607796,-2.967336,-0.031183
-2.710599,0.276384,-2.474404,0.599203,-2.946794,-0.046435
-2.694376,0.264688,-2.462712,0.590773,-2.926041,-0.061398
-2.677992,0.253219,-2.450903,0.582507,-2.905081,-0.076069
-2.661448,0.241980,-2.438979,0.574406,-2.883918,-0.090447
-2.644750,0.230972,-2.426944,0.566473,-2.862556,-0.104528
-2.627899,0.220200,-2.414799,0.558708,-2.841000,-0.118309
-2.610900,0.209663,-2.402547,0.551114,-2.819254,-0.131788
-2.593755,0.199365,-2.390190,0.543692,-2.797321,-0.144962
-2.576469,0.189307,-2.377730,0.536443,-2.775207,-0.157828
-2.559043,0.179492,-2.365171,0.529368,-2.752915,-0.170385
-2.541482,0.169921,-2.352514,0.522470,-2.730450,-0.182629
-2.523789,0.160596,-2.339762,0.515749,-2.707817,-0.194558
-2.505968,0.151518,-2.326917,0.509206,-2.685019,-0.206170
-2.488022,0.142691,-2.313982,0.502844,-2.662061,-0.217462
-2.469954,0.134115,-2.300960,0.496663,-2.638948,-0.228433
-2.451768,0.125792,-2.287853,0.490664,-2.615683,-0.239080
-2.433468,0.117724,-2.274663,0.484849,-2.592273,-0.249401
-2.415057,0.109912,-2.261393,0.479219,-2.568720,-0.259395
-2.396538,0.102358,-2.248046,0.473774,-2.545031,-0.269058
-2.377916,0.095063,-2.234624,0.468517,-2.521208,-0.278390
-2.359194,0.088029,-2.221130,0.463447,-2.497258,-0.287388
-2.340376,0.081257,-2.207567,0.458566,-2.473185,-0.296051
-2.321465,0.074749,-2.193937,0.453875,-2.448992,-0.304377
-2.302464,0.068505,-2.180242,0.449375,-2.424686,-0.312365
-2.283379,0.062527,-2.166486,0.445066,-2.400271,-0.320012
-2.264212,0.056816,-2.152672,0.440950,-2.375752,-0.327318
-2.244967,0.051374,-2.138801,0.437027,-2.351132,-0.334280
-2.225648,0.046200,-2.124877,0.433299,-2.326418,-0.340898
-2.206258,0.041297,-2.110902,0.429765,-2.301614,-0.347171
-2.186802,0.036665,-2.096879,0.426426,-2.276725,-0.353097
-2.167283,0.032305,-2.082811,0.423284,-2.251756,-0.358674
-2.147705,0.028218,-2.068700,0.420338,-2.226711,-0.363902
-2.128072,0.024405,-2.054550,0.417589,-2.201595,-0.368780
-2.108388,0.020866,-2.040362,0.415039,-2.176414,-0.373307
-2.088656,0.017602,-2.026141,0.412687,-2.151172,-0.377482
-2.068881,0.014614,-2.011888,0.410533,-2.125874,-0.381305
-2.049066,0.011903,-1.997606,0.408579,-2.100526,-0.384773
-2.029215,0.009469,-1.983298,0.406824,-2.075131,-0.387887
-2.009332,0.007312,-1.968968,0.405270,-2.049695,-0.390647
-1.989420,0.005432,-1.954617,0.403915,-2.024224,-0.393051
-1.969485,0.003831,-1.940248,0.402761,-1.998721,-0.395099
-1.949528,0.002509,-1.925865,0.401808,-1.973192,-0.396791
-1.929556,0.001465,-1.911470,0.401056,-1.947642,-0.398126
-1.909571,0.000700,-1.897065,0.400505,-1.922076,-0.399104
-1.889577,0.000214,-1.882655,0.400155,-1.896499,-0.399726
-1.869578,0.000008,-1.868241,0.400006,-1.870915,-0.399990
-1.849578,-0.000000,-1.849578,0.400000,-1.849578,-0.400000
-1.829578,-0.000000,-1.829578,0.400000,-1.829578,-0.400000
-1.809578,-0.000000,-1.809578,0.400000,-1.809578,-0.400000
-1.789578,-0.000000,-1.789578,0.400000,-1.789578,-0.400000
-1.769578,-0.000000,-1.769578,0.400000,-1.769578,-0.400000
-1.749578,-0.000000,-1.749578,0.400000,-1.749578,-0.400000
-1.729578,-0.000000,-1.729578,0.400000,-1.729578,-0.400000
-1.709578,-0.000000,-1.709578,0.400000,-1.709578,-0.400000
-1.689578,-0.000000,-1.689578,0.400000,-1.689578,-0.400000
-1.669578,-0.000000,-1.669578,0.400000,-1.669578,-0.400000
-1.649578,-0.000000,-1.649578,0.400000,-1.649578,-0.400000
-1.629578,-0.000000,-1.629578,0.400000,-1.629578,-0.400000
-1.609578,-0.000000,-1.609578,0.400000,-1.609578,-0.400000
-1.589578,-0.000000,-1.589578,0.400000,-1.589578,-0.400000
-1.569578,-0.000000,-1.569578,0.400000,-1.569578,-0.400000
-1.549578,-0.000000,-1.549578,0.400000,-1.549578,-0.400000
-1.529578,-0.000000,-1.529578,0.400000,-1.529578,-0.400000
-1.509578,-0.000000,-1.509578,0.400000,-1.509578,-0.400000
-1.489578,-0.000000,-1.489578,0.400000,-1.489578,-0.400000
-1.469578,-0.000000,-1.469578,0.400000,-1.469578,-0.400000
-1.449578,-0.000000,-1.449578,0.400000,-1.449578,-0.400000
-1.429578,-0.000000,-1.429578,0.400000,-1.429578,-0.400000
-1.409578,-0.000000,-1.409578,0.400000,-1.409578,-0.400000
-1.389578,-0.000000,-1.389578,0.400000,-1.389578,-0.400000
-1.369578,-0.000000,-1.369578,0.400000,-1.369578,-0.400000
-1.349578,-0.000000,-1.349578,0.400000,-1.349578,-0.400000
-1.329578,-0.000000,-1.329578,0.400000,-1.329578,-0.400000
-1.309578,-0.000000,-1.309578,0.400000,-1.309578,-0.400000
-1.289578,-0.000000,-1.289578,0.400000,-1.289578,-0.400000
-1.269578,-0.000000,-1.269578,0.400000,-1.269578,-0.400000
-1.249578,-0.000000,-1.249578,0.400000,-1.249578,-0.400000
-1.229578,-0.000000,-1.229578,0.400000,-1.229578,-0.400000
-1.209578,-0.000000,-1.209578,0.400000,-1.209578,-0.400000
-1.189578,-0.000000,-1.189578,0.400000,-1.189578,-0.400000
-1.169578,-0.000000,-1.169578,0.400000,-1.169578,-0.400000
-1.149578,-0.000000,-1.149578,0.400000,-1.149578,-0.400000
-1.129578,-0.000000,-1.129578,0.400000,-1.129578,-0.400000
-1.109578,-0.000000,-1.109578,0.400000,-1.109578,-0.400000
-1.089578,-0.000000,-1.089578,0.400000,-1.089578,-0.400000
-1.069578,-0.000000,-1.069578,0.400000,-1.069578,-0.400000
-1.049578,-0.000000,-1.049578,0.400000,-1.049578,-0.400000
-1.029578,-0.000000,-1.029578,0.400000,-1.029578,-0.400000
-1.009578,-0.000000,-1.009578,0.400000,-1.009578,-0.400000
-0.989578,-0.000000,-0.989578,0.400000,-0.989578,-0.400000
-0.969578,-0.000000,-0.969578,0.400000,-0.969578,-0.400000
-0.949578,-0.000000,-0.949578,0.400000,-0.949578,-0.400000
-0.929578,-0.000000,-0.929578,0.400000,-0.929578,-0.400000
-0.909578,-0.000000,-0.909578,0.400000,-0.909578,-0.400000
-0.889578,-0.000000,-0.889578,0.400000,-0.889578,-0.400000
-0.869578,-0.000000,-0.869578,0.400000,-0.869578,-0.400000
-0.849578,-0.000000,-0.849578,0.400000,-0.849578,-0.400000
-0.829578,-0.000000,-0.829578,0.400000,-0.829578,-0.400000
-0.809578,-0.000000,-0.809578,0.400000,-0.809578,-0.400000
-0.789578,-0.000000,-0.789578,0.400000,-0.789578,-0.400000
-0.769578,-0.000000,-0.769578,0.400000,-0.769578,-0.400000
-0.749578,-0.000000,-0.749578,0.400000,-0.749578,-0.400000
-0.729578,-0.000000,-0.729578,0.400000,-0.729578,-0.400000
-0.709578,-0.000000,-0.709578,0.400000,-0.709578,-0.400000
-0.689578,-0.000000,-0.689578,0.400000,-0.689578,-0.400000
-0.669578,-0.000000,-0.669578,0.400000,-0.669578,-0.400000
-0.649578,-0.000000,-0.649578,0.400000,-0.649578,-0.400000
-0.629578,-0.000000,-0.629578,0.400000,-0.629578,-0.400000
-0.609578,-0.000000,-0.609578,0.400000,-0.609578,-0.400000
-0.589578,-0.000000,-0.589578,0.400000,-0.589578,-0.400000
-0.569578,-0.000000,-0.569578,0.400000,-0.569578,-0.400000
-0.549578,-0.000000,-0.549578,0.400000,-0.549578,-0.400000
-0.529578,-0.000000,-0.529578,0.400000,-0.529578,-0.400000
-0.509578,-0.000000,-0.509578,0.400000,-0.509578,-0.400000
-0.489578,-0.000000,-0.489578,0.400000,-0.489578,-0.400000
-0.469578,-0.000000,-0.469578,0.400000,-0.469578,-0.400000
-0.449578,-0.000000,-0.449578,0.400000,-0.449578,-0.400000
-0.429578,-0.000000,-0.429578,0.400000,-0.429578,-0.400000
-0.409578,-0.000000,-0.409578,0.400000,-0.409578,-0.400000
-0.389578,-0.000000,-0.389578,0.400000,-0.389578,-0.400000
-0.369578,-0.000000,-0.369578,0.400000,-0.369578,-0.400000
-0.349578,-0.000000,-0.349578,0.400000,-0.349578,-0.400000
-0.329578,-0.000000,-0.329578,0.400000,-0.329578,-0.400000
-0.309578,-0.000000,-0.309578,0.400000,-0.309578,-0.400000
-0.289578,-0.000000,-0.289578,0.400000,-0.289578,-0.400000
-0.269578,-0.000000,-0.269578,0.400000,-0.269578,-0.400000
-0.249578,-0.000000,-0.249578,0.400000,-0.249578,-0.400000
-0.229578,-0.000000,-0.229578,0.400000,-0.229578,-0.400000
-0.209578,-0.000000,-0.209578,0.400000,-0.209578,-0.400000
-0.189578,-0.000000,-0.189578,0.400000,-0.189578,-0.400000
-0.169578,-0.000000,-0.169578,0.400000,-0.169578,-0.400000
-0.149578,-0.000000,-0.149578,0.400000,-0.149578,-0.400000
-0.129578,-0.000000,-0.129578,0.400000,-0.129578,-0.400000
-0.109578,-0.000000,-0.109578,0.400000,-0.109578,-0.400000
-0.089578,-0.000000,-0.089578,0.400000,-0.089578,-0.400000
-0.069578,-0.000000,-0.069578,0.400000,-0.069578,-0.400000
-0.049578,-0.000000,-0.049578,0.400000,-0.049578,-0.400000
-0.029578,-0.000000,-0.029578,0.400000,-0.029578,-0.400000
0.000000,0.000000,0.000000,0.400000,-0.000000,-0.400000
