0.000000,0.000000,-0.322050,3.961403,0.131993,-0.066524
0.020043,0.020000,-0.323383,3.950410,0.130741,-0.064089
0.040082,0.040000,-0.324666,3.938662,0.131718,-0.061677
0.060119,0.060000,-0.325901,3.926782,0.132681,-0.059248
0.080153,0.080000,-0.327087,3.914764,0.133545,-0.056819
0.100184,0.100000,-0.328226,3.902570,0.134274,-0.054420
0.120212,0.120000,-0.329315,3.890156,0.131948,-0.052051
0.140238,0.140000,-0.330355,3.876649,0.127013,-0.049701
0.160261,0.160000,-0.331345,3.861301,0.125356,-0.047360
0.180282,0.180000,-0.332289,3.844994,0.126657,-0.045051
0.200302,0.200000,-0.333188,3.828523,0.126803,-0.042770
0.220319,0.220000,-0.334044,3.811564,0.127443,-0.040515
0.240335,0.240000,-0.334855,3.794236,0.128953,-0.038303
0.260348,0.260000,-0.335619,3.776759,0.130495,-0.036059
0.280361,0.280000,-0.336341,3.759129,0.132058,-0.033794
0.300371,0.300000,-0.337019,3.741339,0.133656,-0.031534
0.320381,0.320000,-0.337652,3.723388,0.135275,-0.029265
0.340389,0.340000,-0.338243,3.705269,0.136904,-0.026998
0.360395,0.360000,-0.338782,3.686970,0.137858,-0.024725
0.380401,0.380000,-0.339274,3.668313,0.139246,-0.022443
0.400405,0.400000,-0.339722,3.649388,0.141071,-0.020174
0.420409,0.420000,-0.340124,3.630288,0.142932,-0.017905
0.440412,0.440000,-0.340480,3.611007,0.144836,-0.015697
0.460414,0.460000,-0.340792,3.591543,0.146788,-0.013539
0.480416,0.480000,-0.341059,3.571891,0.148757,-0.011331
0.500417,0.500000,-0.341284,3.552040,0.150333,-0.009075
0.520417,0.520000,-0.341466,3.531885,0.152330,-0.006754
0.540418,0.540000,-0.341608,3.511504,0.154493,-0.004350
0.560418,0.560000,-0.341711,3.490917,0.156451,-0.001862
0.580418,0.580000,-0.341762,3.470064,0.158746,0.000732
0.600418,0.600000,-0.341757,3.448998,0.161121,0.003447
0.620418,0.620000,-0.341696,3.427721,0.163442,0.006299
0.640419,0.640000,-0.341575,3.406202,0.165944,0.009308
0.660420,0.660000,-0.341394,3.384459,0.168551,0.012414
0.680422,0.680000,-0.341152,3.362496,0.171239,0.015612
0.700425,0.700000,-0.340846,3.340310,0.174014,0.018894
0.720429,0.720000,-0.340474,3.317895,0.176877,0.022258
0.740434,0.740000,-0.340035,3.295250,0.179835,0.025702
0.760442,0.760000,-0.339527,3.272370,0.182890,0.029224
0.780451,0.780000,-0.338947,3.249252,0.186052,0.032819
0.800463,0.800000,-0.338294,3.225892,0.189291,0.036487
0.820478,0.820000,-0.337568,3.202280,0.192618,0.040229
0.840496,0.840000,-0.336766,3.178408,0.196139,0.044041
0.860516,0.860000,-0.335890,3.154285,0.199793,0.047925
0.880541,0.880000,-0.334936,3.129909,0.203588,0.051884
0.900570,0.900000,-0.333903,3.105275,0.207534,0.056702
0.920603,0.920000,-0.332790,3.080382,0.211642,0.062421
0.940642,0.940000,-0.331594,3.055227,0.215924,0.068355
0.960686,0.960000,-0.330313,3.029808,0.220390,0.074511
0.980741,0.980000,-0.328946,3.004124,0.225039,0.080896
1.003094,1.000000,-0.327349,2.978157,0.229952,0.087530
1.027716,1.024541,-0.325097,2.946000,0.236281,0.094421
1.052297,1.049024,-0.322709,2.913493,0.242972,0.101571
1.076840,1.073455,-0.320182,2.880635,0.250089,0.108982
1.101351,1.097835,-0.317513,2.847431,0.257642,0.115887
1.125834,1.122168,-0.314694,2.813884,0.265671,0.122261
1.150294,1.146458,-0.311722,2.779997,0.274224,0.128819
1.174734,1.170705,-0.308594,2.745776,0.283360,0.135591
1.199158,1.194914,-0.305307,2.711232,0.293169,0.142573
1.223570,1.219087,-0.301856,2.676382,0.303715,0.149777
1.247974,1.243224,-0.298236,2.641249,0.315071,0.157212
1.272374,1.267328,-0.294439,2.605857,0.327323,0.164902
1.296771,1.291398,-0.290455,2.570239,0.340569,0.172879
1.321170,1.315436,-0.286282,2.534433,0.354914,0.181170
1.345573,1.339441,-0.281910,2.498486,0.370470,0.189805
1.369982,1.363414,-0.277333,2.462451,0.387354,0.198794
1.394400,1.387352,-0.272542,2.426393,0.405684,0.208143
1.418829,1.411255,-0.267529,2.390382,0.425574,0.217896
1.443269,1.435119,-0.262282,2.354500,0.447132,0.228079
1.467723,1.458941,-0.256789,2.318836,0.470449,0.238736
1.492192,1.482718,-0.251043,2.283487,0.495588,0.249897
1.516677,1.506445,-0.245031,2.248553,0.522583,0.261588
1.541177,1.530116,-0.238743,2.214142,0.551421,0.273843
1.565694,1.553725,-0.232163,2.180359,0.582045,0.286697
1.590226,1.577262,-0.225277,2.147309,0.614342,0.300188
1.614773,1.600721,-0.218073,2.115093,0.648142,0.314356
1.639335,1.624091,-0.210537,2.083803,0.683228,0.329232
1.663911,1.647360,-0.202651,2.053522,0.719335,0.344840
1.688499,1.670517,-0.194401,2.024320,0.756164,0.361201
1.713098,1.693546,-0.185770,1.996256,0.793392,0.378343
1.737706,1.716434,-0.176743,1.969374,0.830688,0.396279
1.762321,1.739165,-0.167305,1.943708,0.867718,0.415019
1.786943,1.761721,-0.157440,1.919276,0.904161,0.434562
1.811569,1.784085,-0.147134,1.896091,0.939718,0.454910
1.836197,1.806237,-0.136373,1.874153,0.974113,0.476053
1.860827,1.828158,-0.125144,1.853459,1.007101,0.497987
1.885457,1.849827,-0.113435,1.834000,1.038466,0.520695
1.910086,1.871224,-0.101237,1.815761,1.068022,0.544154
1.934714,1.892326,-0.088539,1.798728,1.095607,0.568341
1.959338,1.913113,-0.075334,1.782886,1.121087,0.593235
1.983961,1.933560,-0.061614,1.768217,1.144402,0.618808
2.008581,1.953647,-0.047376,1.754712,1.166263,0.645030
2.033199,1.973350,-0.032615,1.742458,1.186764,0.671870
2.057816,1.992647,-0.017330,1.731596,1.204442,0.699290
2.082433,2.011515,-0.001519,1.722127,1.219350,0.727244
2.107051,2.029932,0.014815,1.714068,1.231312,0.755681
2.131671,2.047875,0.031671,1.707422,1.239479,0.784557
2.156296,2.065323,0.049044,1.702073,1.244270,0.813808
2.180928,2.082255,0.066928,1.697916,1.246401,0.843300
2.205568,2.098652,0.085314,1.694924,1.246149,0.872802
2.230218,2.114495,0.104192,1.693087,1.242748,0.902141
2.254879,2.129765,0.123549,1.692269,1.240082,0.932103
2.279552,2.144450,0.143369,1.692870,1.253005,0.962496
2.304231,2.158545,0.163626,1.697806,1.302057,0.993128
2.328908,2.172064,0.184273,1.714556,1.377399,1.023802
2.353605,2.185016,0.205275,1.752321,1.309110,1.054341
2.378345,2.197253,0.226753,1.793063,1.240749,1.084587
2.403121,2.208786,0.248663,1.836090,1.174636,1.114464
2.427923,2.219627,0.270959,1.880869,1.111207,1.144007
2.452740,2.229793,0.293593,1.926718,1.051707,1.173209
2.477561,2.239301,0.316522,1.973065,0.996587,1.201108
2.502374,2.248171,0.339704,2.019418,0.946200,1.227738
2.527166,2.256420,0.363097,2.065414,0.899999,1.253155
2.551925,2.264070,0.386665,2.110655,0.857115,1.277432
2.576638,2.271138,0.410373,2.154626,0.818876,1.300638
2.601294,2.277647,0.434187,2.197221,0.784733,1.322847
2.625881,2.283616,0.458077,2.238374,0.754200,1.344129
2.650387,2.289065,0.482014,2.278057,0.726791,1.364553
2.674804,2.294013,0.505972,2.316256,0.702103,1.384180
2.699122,2.298478,0.529929,2.352972,0.679789,1.403077
2.723332,2.302476,0.553863,2.388218,0.659543,1.421304
2.747426,2.306026,0.577755,2.422015,0.641104,1.438914
2.771399,2.309142,0.601588,2.454391,0.624252,1.455956
2.795243,2.311841,0.625344,2.485377,0.608799,1.472472
2.818952,2.314138,0.649011,2.515009,0.594581,1.488499
2.842522,2.316046,0.672575,2.543324,0.581468,1.504071
2.865948,2.317580,0.696024,2.570362,0.569356,1.519217
2.889226,2.318754,0.719347,2.596164,0.558044,1.533965
2.912352,2.319579,0.742535,2.620772,0.547491,1.548337
2.935323,2.320070,0.765579,2.644229,0.537685,1.562356
2.958136,2.320238,0.788471,2.666578,0.528531,1.576041
2.980789,2.320095,0.811205,2.687862,0.519963,1.589410
3.003281,2.319653,0.833773,2.708125,0.511925,1.602478
3.025609,2.318922,0.856172,2.727406,0.504371,1.615263
3.047773,2.317913,0.878395,2.745749,0.497261,1.627776
3.069770,2.316637,0.900439,2.763193,0.490560,1.640031
3.091602,2.315103,0.922300,2.779777,0.484205,1.652038
3.113267,2.313321,0.943975,2.795533,0.478102,1.663809
3.134765,2.311301,0.965461,2.810481,0.472296,1.675353
3.156096,2.309050,0.986757,2.824649,0.466798,1.686679
3.177261,2.306579,1.007861,2.838072,0.461587,1.697796
3.198260,2.303895,1.028772,2.850784,0.456645,1.708712
3.219094,2.301006,1.049488,2.862816,0.451957,1.719433
3.239764,2.297920,1.070009,2.874202,0.447507,1.729966
3.260271,2.294644,1.090335,2.884970,0.443281,1.740318
3.280616,2.291187,1.110465,2.895151,0.439267,1.750497
3.300801,2.287554,1.130401,2.904772,0.435454,1.760508
3.320826,2.283752,1.150143,2.913862,0.431832,1.770357
3.340694,2.279788,1.169692,2.922446,0.428389,1.780054
3.360407,2.275667,1.189048,2.930551,0.425117,1.789605
3.379966,2.271396,1.208213,2.938200,0.422007,1.799013
3.399373,2.266980,1.227189,2.945416,0.419053,1.808285
3.418631,2.262424,1.245976,2.952224,0.416247,1.817422
3.437741,2.257733,1.264577,2.958644,0.413580,1.826432
3.456707,2.252911,1.282994,2.964697,0.411036,1.835318
3.475529,2.247964,1.301228,2.970401,0.408618,1.844101
3.494212,2.242896,1.319282,2.975777,0.406321,1.852764
3.512756,2.237710,1.337158,2.980842,0.404140,1.861299
3.531164,2.232412,1.354858,2.985615,0.402068,1.869699
3.549440,2.227005,1.372384,2.990113,0.400111,1.877976
3.567586,2.221490,1.389739,2.994352,0.398254,1.886131
3.585603,2.215873,1.406926,2.998350,0.396493,1.894159
3.603494,2.210160,1.423946,3.002120,0.394829,1.902060
3.621262,2.204355,1.440803,3.005679,0.393260,1.909842
3.638908,2.198459,1.457499,3.009042,0.391791,1.917498
3.656436,2.192477,1.474037,3.012222,0.390412,1.925054
3.673849,2.186412,1.490420,3.015233,0.389113,1.932501
3.691149,2.180266,1.506651,3.018088,0.387903,1.939862
3.708339,2.174042,1.522732,3.020802,0.386770,1.947124
3.725422,2.167740,1.538667,3.023386,0.385716,1.954285
3.742401,2.161362,1.554459,3.025854,0.384734,1.961338
3.759279,2.154912,1.570109,3.028218,0.383828,1.968306
3.776058,2.148392,1.585623,3.030490,0.382995,1.975192
3.792742,2.141803,1.601001,3.032682,0.382223,1.981976
3.809332,2.135148,1.616248,3.034805,0.381513,1.988640
3.825831,2.128431,1.631367,3.036872,0.380877,1.995208
3.842244,2.121652,1.646361,3.038894,0.380300,2.001726
3.858572,2.114809,1.661232,3.040882,0.379776,2.008215
3.874818,2.107906,1.675983,3.042848,0.379309,2.014675
3.890986,2.100947,1.690619,3.044802,0.378894,2.021143
3.907078,2.093932,1.705142,3.046756,0.378536,2.027570
3.923099,2.086853,1.719554,3.048719,0.378215,2.034009
3.939051,2.079711,1.733855,3.050703,0.377950,2.040561
3.954938,2.072506,1.748050,3.052718,0.377715,2.046889
3.970761,2.065237,1.762140,3.054774,0.377515,2.053329
3.986525,2.057910,1.776130,3.056881,0.377340,2.059930
4.002233,2.050515,1.790019,3.059050,0.377192,2.066208
4.017884,2.043044,1.803806,3.061288,0.377060,2.072435
4.033483,2.035543,1.817510,3.063606,0.376941,2.078448
4.049034,2.027968,1.831117,3.066013,0.376823,2.084749
4.064539,2.020306,1.844625,3.068517,0.376719,2.091332
4.079996,2.012619,1.858060,3.071127,0.376606,2.096276
4.095412,2.004872,1.871412,3.073851,0.376467,2.102465
4.110791,1.997085,1.884692,3.076695,0.376333,2.108000
4.126139,1.989197,1.897875,3.079670,0.376124,2.113368
4.141447,1.981202,1.910959,3.082779,0.375960,2.119752
4.156722,1.973330,1.924059,3.086031,0.375710,2.125192
4.171975,1.965265,1.937023,3.089432,0.375384,2.130287
4.187201,1.957200,1.949951,3.092985,0.375023,2.135493
4.202410,1.949063,1.962808,3.096697,0.374603,2.139048
4.217600,1.940768,1.975547,3.100575,0.374181,2.144497
4.232770,1.932518,1.988287,3.104622,0.373615,2.147267
4.247928,1.924256,2.001001,3.108842,0.372964,2.154326
4.263078,1.915875,2.013626,3.113238,0.372255,2.162117
4.278223,1.907569,2.026291,3.117816,0.371434,2.169503
4.293369,1.899141,2.038873,3.122578,0.370515,2.178016
4.308516,1.890822,2.051532,3.127529,0.369496,2.187108
4.323662,1.882005,2.063848,3.132669,0.368381,2.195791
4.338807,1.873028,2.076047,3.138001,0.367159,2.205739
4.353952,1.863940,2.088161,3.143525,0.365827,2.215233
4.369098,1.854759,2.100206,3.149243,0.364382,2.226311
4.384248,1.845495,2.112190,3.155157,0.362822,2.233570
4.399405,1.836154,2.124122,3.161268,0.361146,2.239979
4.414571,1.826740,2.136005,3.167577,0.359354,2.245971
4.429750,1.817252,2.147844,3.174085,0.357446,2.251711
4.444944,1.807689,2.159641,3.180793,0.355420,2.257300
4.460157,1.798052,2.171399,3.187702,0.353276,2.262803
4.475390,1.788338,2.183119,3.194813,0.351015,2.268257
4.490648,1.778546,2.194803,3.202126,0.348636,2.273679
4.505933,1.768674,2.206453,3.209642,0.346140,2.279075
4.521248,1.758720,2.218072,3.217363,0.343527,2.284446
4.536597,1.748683,2.229661,3.225287,0.340798,2.289790
4.551982,1.738562,2.241223,3.233416,0.337954,2.295107
4.567407,1.728353,2.252759,3.241750,0.334997,2.300394
4.582875,1.718057,2.264271,3.250290,0.331928,2.305652
4.598388,1.707670,2.275763,3.259036,0.328748,2.310877
4.613952,1.697191,2.287235,3.267989,0.325458,2.316070
4.629568,1.686617,2.298690,3.277150,0.322062,2.321229
4.645241,1.675948,2.310130,3.286518,0.318559,2.326352
4.660974,1.665180,2.321558,3.296095,0.314953,2.331439
4.676770,1.654311,2.332976,3.305881,0.311246,2.336489
4.692634,1.643339,2.344386,3.315877,0.307440,2.341500
4.708569,1.632262,2.355790,3.326083,0.303536,2.346471
4.724579,1.621078,2.367192,3.336501,0.299537,2.351402
4.740668,1.609783,2.378592,3.347131,0.295446,2.356291
4.756839,1.598375,2.389994,3.357974,0.291265,2.361137
4.773098,1.586851,2.401401,3.369031,0.286997,2.365939
4.789449,1.575209,2.412815,3.380304,0.282643,2.370696
4.805896,1.563446,2.424239,3.391793,0.278206,2.375406
4.822443,1.551558,2.435675,3.403499,0.273689,2.380070
4.839095,1.539542,2.447126,3.415425,0.269090,2.384684
4.855857,1.527396,2.458596,3.427570,0.264417,2.389247
4.872734,1.515115,2.470087,3.439936,0.259668,2.393758
4.889732,1.502696,2.481602,3.452524,0.254844,2.398215
4.906855,1.490135,2.493145,3.465335,0.249955,2.402615
4.924109,1.477429,2.504718,3.478372,0.244984,2.406955
4.941499,1.464574,2.516326,3.491631,0.239916,2.411233
4.959032,1.451564,2.527971,3.505109,0.234733,2.415445
4.976714,1.438397,2.539659,3.518792,0.229422,2.419588
4.994551,1.425067,2.551391,3.532666,0.224050,2.423657
5.012550,1.411570,2.563174,3.546728,0.218682,2.427642
5.030718,1.397901,2.575011,3.560987,0.212996,2.431535
5.049062,1.384055,2.586906,3.575378,0.207317,2.435320
5.067590,1.370026,2.598864,3.589906,0.201425,2.438980
5.086310,1.355809,2.610891,3.604518,0.192525,2.442447
5.105231,1.341399,2.622994,3.618380,0.186056,2.445674
5.124363,1.326789,2.635178,3.632092,0.176601,2.448668
5.143715,1.311974,2.647452,3.644744,0.166371,2.451437
5.163301,1.296947,2.659824,3.655967,0.139999,2.453987
5.183137,1.281703,2.672315,3.660472,0.111532,2.456332
5.203237,1.266237,2.684941,3.656887,0.106651,2.458484
5.223613,1.250539,2.697708,3.652372,0.104818,2.460461
5.244275,1.234599,2.710624,3.647928,0.102837,2.462284
5.265239,1.218407,2.723697,3.643549,0.100710,2.464026
5.286517,1.201953,2.736933,3.639229,0.098421,2.465736
5.308125,1.185226,2.750343,3.634958,0.095968,2.467411
5.330076,1.168213,2.763935,3.630724,0.093373,2.469046
5.352387,1.150902,2.777717,3.626523,0.090614,2.470641
5.375075,1.133281,2.791700,3.622345,0.087701,2.472191
5.398157,1.115336,2.805895,3.618183,0.084622,2.473695
5.421653,1.097053,2.820313,3.614023,0.081371,2.473594
5.445581,1.078416,2.834965,3.609854,0.077946,2.472030
5.469964,1.059410,2.849864,3.605658,0.074344,2.470474
5.494823,1.040017,2.865024,3.601418,0.070563,2.468913
5.520324,1.020220,2.880459,3.597115,0.066601,2.467333
5.545772,1.000000,2.896643,3.592678,0.062353,2.465725
5.570479,0.980665,2.912487,3.588374,0.058198,2.464077
5.594622,0.961753,2.927931,3.584137,0.054061,2.462380
5.618233,0.943243,2.943000,3.579949,0.049951,2.460628
5.641344,0.925112,2.957720,3.575793,0.045875,2.460369
5.663982,0.907342,2.972112,3.571654,0.041838,2.461452
5.686173,0.889913,2.986197,3.567518,0.037847,2.462399
5.707943,0.872809,2.999994,3.563375,0.033904,2.463217
5.729313,0.856014,3.013519,3.559215,0.030013,2.463913
5.750306,0.839512,3.026791,3.555028,0.026179,2.464491
5.770940,0.823289,3.039822,3.550808,0.022408,2.464957
5.791235,0.807333,3.052628,3.546548,0.018687,2.465317
5.811207,0.791629,3.065221,3.542241,0.015031,2.465574
5.830874,0.776167,3.077614,3.537882,0.011432,2.465730
5.850252,0.760936,3.089820,3.533468,0.007891,2.465791
5.869354,0.745924,3.101848,3.528993,0.004406,2.465757
5.888195,0.731121,3.113709,3.524455,0.000975,2.465631
5.906788,0.716519,3.125413,3.519850,-0.002399,2.465416
5.925146,0.702108,3.136969,3.515175,-0.005727,2.465116
5.943280,0.687879,3.148387,3.510428,-0.008996,2.464732
5.961203,0.673824,3.159673,3.505607,-0.012232,2.464267
5.978923,0.659936,3.170836,3.500708,-0.015418,2.463723
5.996453,0.646206,3.181885,3.495731,-0.018552,2.463102
6.013802,0.632629,3.192825,3.490674,-0.021637,2.462407
6.030978,0.619196,3.203664,3.485535,-0.024674,2.461639
6.047992,0.605902,3.214408,3.480312,-0.027665,2.460803
6.064852,0.592740,3.225064,3.475004,-0.030610,2.459900
6.081566,0.579704,3.235638,3.469610,-0.033511,2.458934
6.098142,0.566789,3.246135,3.464128,-0.036369,2.457907
6.114588,0.553988,3.256560,3.458557,-0.039184,2.456822
6.130911,0.541297,3.266920,3.452895,-0.041957,2.455683
6.147118,0.528710,3.277218,3.447142,-0.044689,2.454491
6.163216,0.516222,3.287461,3.441295,-0.047381,2.453251
6.179213,0.503828,3.297652,3.435354,-0.050032,2.451966
6.195113,0.491524,3.307797,3.429318,-0.052645,2.450638
6.210924,0.479305,3.317899,3.423184,-0.055219,2.449272
6.226652,0.467166,3.327962,3.416951,-0.057755,2.447870
6.242303,0.455103,3.337992,3.410619,-0.060254,2.446436
6.257882,0.443112,3.347991,3.404185,-0.062716,2.444975
6.273395,0.431188,3.357964,3.397647,-0.065142,2.443489
6.288847,0.419328,3.367914,3.391005,-0.067533,2.441983
6.304245,0.407527,3.377845,3.384257,-0.069889,2.440460
6.319593,0.395781,3.387760,3.377400,-0.072211,2.438922
6.334897,0.384086,3.397664,3.370432,-0.074499,2.437369
6.350161,0.372438,3.407558,3.363353,-0.076755,2.435796
6.365392,0.360834,3.417447,3.356160,-0.078980,2.434182
6.380594,0.349269,3.427334,3.348851,-0.081174,2.432447
6.395771,0.337740,3.437221,3.341423,-0.083339,2.430357
6.410930,0.326243,3.447114,3.333874,-0.085476,2.426768
6.426075,0.314775,3.457014,3.326203,-0.087586,2.422271
6.441211,0.303334,3.466930,3.318405,-0.089669,2.417877
6.456342,0.291925,3.476870,3.310480,-0.091725,2.413547
6.471472,0.280564,3.486863,3.302425,-0.093753,2.409282
6.486602,0.269356,3.497026,3.294238,-0.095750,2.405284
6.501733,0.258247,3.507297,3.285919,-0.097738,2.401489
6.516869,0.247143,3.517577,3.277466,-0.099712,2.397862
6.532017,0.236042,3.527874,3.268875,-0.101642,2.394492
6.547181,0.224943,3.538191,3.260143,-0.103570,2.392495
6.562369,0.213820,3.548515,3.251267,-0.105464,2.391294
6.577586,0.202680,3.558857,3.242243,-0.107338,2.389888
6.592835,0.191528,3.569232,3.233067,-0.109191,2.388332
6.608119,0.180377,3.579658,3.223737,-0.111021,2.386637
6.623445,0.169226,3.590139,3.214249,-0.112832,2.384616
6.638815,0.158071,3.600679,3.204600,-0.114623,2.382360
6.654236,0.146907,3.611279,3.194785,-0.116395,2.379982
6.669712,0.135731,3.621942,3.184802,-0.118150,2.377629
6.685249,0.124537,3.632671,3.174645,-0.119886,2.375321
6.700851,0.113321,3.643467,3.164311,-0.121603,2.373043
6.716523,0.102080,3.654336,3.153795,-0.123303,2.370773
6.732272,0.090810,3.665280,3.143093,-0.124983,2.368494
6.748102,0.079508,3.676304,3.132199,-0.126645,2.366187
6.764018,0.068172,3.687412,3.121110,-0.128289,2.363840
6.780025,0.056798,3.698609,3.109820,-0.129914,2.361443
6.796130,0.045384,3.709900,3.098325,-0.131521,2.358991
6.812337,0.033926,3.721288,3.086618,-0.133110,2.356481
6.828652,0.022424,3.732780,3.074696,-0.134682,2.353913
6.845079,0.010873,3.744379,3.062553,-0.136237,2.351289
6.861626,-0.000729,3.756091,3.050183,-0.137775,2.348611
6.878298,-0.012385,3.767921,3.037582,-0.139296,2.345882
6.895099,-0.024098,3.779874,3.024744,-0.140802,2.343104
6.912038,-0.035871,3.791956,3.011664,-0.142291,2.340281
6.929119,-0.047706,3.804170,2.998337,-0.143764,2.337416
6.946349,-0.059608,3.816524,2.984757,-0.145220,2.334511
6.963735,-0.071578,3.829022,2.970921,-0.146660,2.331569
6.981282,-0.083621,3.841671,2.956824,-0.148082,2.328591
6.998999,-0.095741,3.854476,2.942461,-0.149487,2.325580
7.016891,-0.107939,3.867442,2.927829,-0.150873,2.322536
7.034967,-0.120221,3.880577,2.912924,-0.152241,2.319462
7.053234,-0.132589,3.893887,2.897745,-0.153589,2.316358
7.071698,-0.145048,3.907377,2.882289,-0.154915,2.313225
7.090369,-0.157601,3.921056,2.866557,-0.156218,2.310064
7.109255,-0.170253,3.934930,2.850549,-0.157496,2.306873
7.128363,-0.183007,3.949006,2.834268,-0.158747,2.303652
7.147703,-0.195868,3.963291,2.817718,-0.159967,2.300398
7.167283,-0.208839,3.977794,2.800907,-0.161153,2.297107
7.187113,-0.221926,3.992523,2.783843,-0.162302,2.293781
7.207202,-0.235132,4.007486,2.766541,-0.163405,2.290417
7.227560,-0.248462,4.022691,2.749017,-0.164455,2.287011
7.248197,-0.261920,4.038148,2.731292,-0.165442,2.283560
7.269123,-0.275510,4.053867,2.713393,-0.166354,2.280062
7.290349,-0.289238,4.069856,2.695350,-0.167172,2.276517
7.311887,-0.303106,4.086126,2.677201,-0.167875,2.272923
7.333747,-0.317121,4.102688,2.658991,-0.168437,2.269280
7.355941,-0.331287,4.119552,2.640771,-0.168823,2.265590
7.378481,-0.345608,4.136729,2.622599,-0.168989,2.261849
7.401381,-0.360089,4.154232,2.604541,-0.168880,2.258057
7.424654,-0.374736,4.172073,2.586671,-0.168432,2.254215
7.448312,-0.389554,4.190263,2.569069,-0.167565,2.250716
7.472371,-0.404549,4.208817,2.551823,-0.166186,2.249258
7.496845,-0.419725,4.227747,2.535024,-0.164189,2.247796
7.521749,-0.435088,4.247069,2.518767,-0.161454,2.246261
7.547135,-0.450644,4.266797,2.503151,-0.157860,2.244693
7.572766,-0.466514,4.286945,2.488233,-0.152849,2.243131
7.597760,-0.482657,4.306833,2.474439,-0.146657,2.241617
7.621834,-0.497946,4.325815,2.462332,-0.140416,2.240192
7.645331,-0.512777,4.344397,2.451461,-0.133468,2.238895
7.668290,-0.527185,4.362603,2.441731,-0.125839,2.237374
7.690746,-0.541204,4.380456,2.433045,-0.117557,2.233971
7.712735,-0.554861,4.397977,2.425311,-0.108670,2.230764
7.734287,-0.568186,4.415184,2.418440,-0.099227,2.227864
7.755429,-0.581203,4.432094,2.412348,-0.089282,2.225262
7.776189,-0.593937,4.448723,2.406960,-0.078892,2.222956
7.796589,-0.606408,4.465087,2.402203,-0.068111,2.220939
7.816653,-0.618636,4.481199,2.398015,-0.056995,2.219208
7.836401,-0.630640,4.497072,2.394334,-0.045596,2.217756
7.855851,-0.642436,4.512717,2.391110,-0.033957,2.216574
7.875021,-0.654041,4.528146,2.388291,-0.022119,2.215656
7.893929,-0.665470,4.543368,2.385836,-0.010120,2.215000
7.912588,-0.676735,4.558394,2.383703,0.002007,2.214598
7.931015,-0.687852,4.573232,2.381858,0.014221,2.214444
7.949222,-0.698830,4.587890,2.380265,0.026500,2.214531
7.967222,-0.709682,4.602376,2.378897,0.038811,2.214857
7.985026,-0.720418,4.616697,2.377725,0.051136,2.215415
8.002646,-0.731050,4.630861,2.376725,0.063451,2.216204
8.020092,-0.741584,4.644873,2.375874,0.075742,2.217220
8.037375,-0.752032,4.658740,2.375150,0.087987,2.218459
8.054503,-0.762400,4.672467,2.374534,0.100172,2.219914
8.071485,-0.772698,4.686059,2.374010,0.112284,2.221581
8.088330,-0.782934,4.699522,2.373560,0.124311,2.223460
8.105045,-0.793115,4.712859,2.373169,0.136242,2.225546
8.121639,-0.803247,4.726074,2.372824,0.148067,2.227836
8.138118,-0.813337,4.739173,2.372511,0.159778,2.230322
8.154489,-0.823392,4.752158,2.372218,0.171369,2.232999
8.170758,-0.833418,4.765034,2.371935,0.182832,2.235865
8.186932,-0.843419,4.777803,2.371650,0.194162,2.238915
8.203016,-0.853403,4.790469,2.371353,0.205357,2.242147
8.219016,-0.863373,4.803035,2.371036,0.216411,2.245557
8.234937,-0.873336,4.815503,2.370691,0.227323,2.249143
8.250785,-0.883296,4.827875,2.370307,0.238090,2.252901
8.266563,-0.893257,4.840154,2.369879,0.248710,2.256830
8.282277,-0.903224,4.852343,2.369399,0.259183,2.260927
8.297932,-0.913202,4.864443,2.368860,0.269508,2.265189
8.313531,-0.923195,4.876456,2.368255,0.279684,2.269614
8.329079,-0.933207,4.888384,2.367579,0.289712,2.274201
8.344579,-0.943241,4.900228,2.366825,0.299592,2.278948
8.360036,-0.953302,4.911989,2.365987,0.309324,2.283854
8.375453,-0.963393,4.923670,2.365061,0.318910,2.288918
8.390834,-0.973519,4.935270,2.364041,0.328350,2.294141
8.406181,-0.983681,4.946792,2.362923,0.337643,2.299523
8.421499,-0.993885,4.958235,2.361701,0.346789,2.305067
8.436791,-1.004133,4.969601,2.360371,0.355780,2.310778
8.452059,-1.014429,4.980890,2.358928,0.364605,2.316665
8.467306,-1.024776,4.992102,2.357369,0.373439,2.322742
8.482536,-1.035178,5.003238,2.355688,0.382164,2.329027
8.497750,-1.045637,5.014297,2.353883,0.390774,2.335548
8.512953,-1.056157,5.025279,2.351949,0.399262,2.342341
8.528145,-1.066742,5.036183,2.349882,0.407615,2.349451
8.543330,-1.077397,5.047007,2.347679,0.415850,2.356942
8.558510,-1.088125,5.057749,2.345337,0.423974,2.364905
8.573686,-1.098933,5.068405,2.342851,0.431993,2.373507
8.588861,-1.109825,5.078972,2.340219,0.439912,2.383154
8.604036,-1.120808,5.089443,2.337437,0.447735,2.394336
8.619213,-1.131890,5.099810,2.334503,0.455467,2.402035
8.634391,-1.143082,5.110062,2.331413,0.463114,2.413401
8.649572,-1.154399,5.120178,2.328165,0.470675,2.420096
8.664753,-1.165878,5.130113,2.324757,0.478166,2.429779
8.679943,-1.177561,5.139808,2.321185,0.485845,2.438791
8.695139,-1.189020,5.149792,2.317448,0.492734,2.445534
8.710349,-1.200871,5.159298,2.313542,0.500920,2.454868
8.725573,-1.212419,5.169224,2.309466,0.507399,2.460226
8.740803,-1.224309,5.178729,2.305216,0.515113,2.465168
8.756060,-1.236244,5.188203,2.300792,0.522413,2.475065
8.771330,-1.248112,5.197818,2.296189,0.528763,2.482471
8.786622,-1.260307,5.207002,2.291404,0.536942,2.491275
8.801946,-1.272359,5.216455,2.286440,0.544190,2.498102
8.817281,-1.284581,5.225711,2.281295,0.550110,2.506881
8.832627,-1.296997,5.234719,2.275958,0.557278,2.518585
8.848012,-1.309585,5.243506,2.270436,0.565696,2.524523
8.863440,-1.322037,5.252600,2.264731,0.571692,2.534281
8.878881,-1.334663,5.261479,2.258829,0.578624,2.544184
8.894335,-1.347481,5.270098,2.252736,0.585765,2.553780
8.909836,-1.360453,5.278515,2.246455,0.594084,2.562121
8.925388,-1.373347,5.287186,2.239986,0.601407,2.572339
8.940962,-1.386389,5.295681,2.233327,0.607338,2.581999
8.956554,-1.399599,5.303946,2.226464,0.614146,2.590768
8.972175,-1.412970,5.311984,2.219403,0.622166,2.599242
8.987849,-1.426431,5.319950,2.212155,0.630491,2.611109
9.003573,-1.439913,5.328010,2.204719,0.637912,2.622575
9.019332,-1.453527,5.335913,2.197088,0.644395,2.632035
9.035124,-1.467272,5.343656,2.189249,0.651792,2.641141
9.050947,-1.481149,5.351225,2.181215,0.659903,2.651251
9.066806,-1.495160,5.358612,2.172994,0.667895,2.663393
9.082718,-1.509287,5.365862,2.164581,0.675846,2.675167
9.098681,-1.523476,5.373139,2.155971,0.683559,2.686043
9.114677,-1.537800,5.380224,2.147166,0.691559,2.696849
9.130706,-1.552263,5.387092,2.138169,0.699917,2.707821
9.146776,-1.566852,5.393775,2.128987,0.708572,2.718821
9.162902,-1.581547,5.400338,2.119622,0.717472,2.731224
9.179079,-1.596331,5.406854,2.110073,0.725917,2.743669
9.195295,-1.611238,5.413193,2.100334,0.734672,2.755889
9.211551,-1.626273,5.419311,2.090411,0.743619,2.767903
9.227851,-1.641421,5.425276,2.080305,0.753055,2.780016
9.244192,-1.656684,5.431060,2.070026,0.762647,2.793196
9.260572,-1.672066,5.436629,2.059574,0.772187,2.806579
9.276994,-1.687563,5.441996,2.048947,0.781757,2.819779
9.293465,-1.703166,5.447191,2.038152,0.791863,2.833250
9.309982,-1.718872,5.452239,2.027196,0.802169,2.846937
9.326539,-1.734687,5.457071,2.016081,0.812629,2.860562
9.343135,-1.750609,5.461677,2.004808,0.823254,2.874201
9.359773,-1.766635,5.466072,1.993382,0.834224,2.888180
9.376452,-1.782760,5.470257,1.981811,0.845426,2.902709
9.393170,-1.798983,5.474211,1.970097,0.856891,2.917325
9.409929,-1.815301,5.477941,1.958247,0.868602,2.932003
9.426728,-1.831709,5.481449,1.946264,0.880538,2.946877
9.443565,-1.848207,5.484717,1.934152,0.892736,2.961990
9.460438,-1.864789,5.487739,1.921919,0.905174,2.977225
9.477349,-1.881452,5.490513,1.909570,0.917849,2.992683
9.494296,-1.898192,5.493035,1.897109,0.930755,3.008419
9.511277,-1.915005,5.495298,1.884543,0.943885,3.024338
9.528293,-1.931886,5.497297,1.871877,0.957226,3.040437
9.545343,-1.948830,5.499031,1.859117,0.970761,3.056752
9.562424,-1.965833,5.500490,1.846269,0.984477,3.073286
9.579536,-1.982890,5.501669,1.833338,0.998355,3.089887
9.596679,-1.999994,5.502564,1.820330,1.012372,3.106800
9.613850,-2.017141,5.503170,1.807250,1.026504,3.124512
9.631049,-2.034323,5.503482,1.794104,1.040722,3.142930
9.648276,-2.051536,5.503495,1.780896,1.205066,3.161988
9.665530,-2.068776,5.503225,1.779568,1.376658,3.181620
9.682800,-2.086030,5.502633,1.792779,1.349227,3.201756
9.700082,-2.103278,5.501641,1.806756,1.320876,3.222329
9.717375,-2.120510,5.500257,1.821455,1.291974,3.243307
9.734680,-2.137718,5.498487,1.836844,1.262741,3.264699
9.751997,-2.154895,5.496339,1.852889,1.233292,3.286225
9.769324,-2.172033,5.493821,1.869553,1.203716,3.307352
9.786663,-2.189125,5.490939,1.886791,1.174047,3.328072
9.804012,-2.206163,5.487696,1.904541,1.144721,3.348384
9.821372,-2.223143,5.484110,1.922769,1.115801,3.368287
9.838742,-2.240059,5.480184,1.941438,1.087337,3.387777
9.856123,-2.256904,5.475926,1.960502,1.059412,3.406850
9.873513,-2.273675,5.471345,1.979921,1.032108,3.425466
9.890912,-2.290367,5.466449,1.999653,1.005466,3.443693
9.908321,-2.306975,5.461247,2.019655,0.979537,3.461504
9.925738,-2.323497,5.455748,2.039886,0.954361,3.478903
9.943164,-2.339929,5.449960,2.060308,0.929969,3.495894
9.960598,-2.356269,5.443891,2.080881,0.906382,3.512483
9.978040,-2.372513,5.437550,2.101572,0.882934,3.528677
9.995490,-2.388660,5.430944,2.122259,0.859461,3.544484
10.012947,-2.404707,5.424080,2.142784,0.836569,3.559914
10.030413,-2.420654,5.416967,2.163052,0.814653,3.574977
10.047885,-2.436499,5.409611,2.183016,0.793958,3.589684
10.065366,-2.452242,5.402021,2.202671,0.774474,3.604044
10.082854,-2.467881,5.394203,2.222021,0.756109,3.618070
10.100350,-2.483416,5.386164,2.241070,0.738780,3.631777
10.117855,-2.498847,5.377909,2.259824,0.722411,3.645180
10.135368,-2.514174,5.369446,2.278288,0.706929,3.658295
10.152889,-2.529397,5.360778,2.296467,0.692272,3.671140
10.170421,-2.544515,5.351912,2.314365,0.678380,3.683727
10.187962,-2.559529,5.342852,2.331989,0.665199,3.696070
10.205514,-2.574440,5.333602,2.349344,0.652679,3.708184
10.223077,-2.589247,5.324168,2.366433,0.640775,3.720081
10.240652,-2.603950,5.314552,2.383264,0.629448,3.731770
10.258240,-2.618551,5.304758,2.399840,0.618657,3.743264
10.275841,-2.633050,5.294791,2.416166,0.608366,3.754575
10.293457,-2.647447,5.284652,2.432249,0.598543,3.765714
10.311089,-2.661742,5.274345,2.448091,0.589158,3.776688
10.328738,-2.675937,5.263873,2.463699,0.580185,3.787507
10.346404,-2.690033,5.253238,2.479077,0.571598,3.798177
10.364090,-2.704028,5.242442,2.494230,0.563372,3.808706
10.381796,-2.717925,5.231487,2.509162,0.555484,3.819100
10.399523,-2.731724,5.220376,2.523877,0.547915,3.829367
10.417274,-2.745425,5.209109,2.538380,0.540645,3.839514
10.435049,-2.759030,5.197689,2.552676,0.533658,3.849541
10.452849,-2.772538,5.186117,2.566768,0.526936,3.859454
10.470677,-2.785952,5.174395,2.580660,0.520466,3.869258
10.488534,-2.799271,5.162523,2.594357,0.514233,3.878959
10.506421,-2.812496,5.150503,2.607861,0.508223,3.888560
10.524341,-2.825629,5.138335,2.621178,0.502426,3.898066
10.542294,-2.838669,5.126021,2.634311,0.496829,3.907482
10.560283,-2.851619,5.113560,2.647262,0.491422,3.916812
10.578310,-2.864477,5.100954,2.660037,0.486196,3.926059
10.596376,-2.877246,5.088202,2.672637,0.481141,3.935226
10.614483,-2.889926,5.075305,2.685067,0.476249,3.944319
10.632634,-2.902518,5.062263,2.697329,0.471511,3.953339
10.650829,-2.915022,5.049076,2.709427,0.466921,3.962291
10.669072,-2.927439,5.035744,2.721364,0.462471,3.971176
10.687365,-2.939769,5.022267,2.733142,0.458154,3.979999
10.705708,-2.952015,5.008644,2.744765,0.453964,3.988762
10.724106,-2.964175,4.994875,2.756235,0.449897,3.997467
10.742559,-2.976251,4.980959,2.767556,0.445945,4.006117
10.761071,-2.988243,4.966897,2.778729,0.442104,4.014715
10.779643,-3.000152,4.952686,2.789757,0.438370,4.023263
10.798277,-3.011979,4.938326,2.800644,0.434737,4.031763
10.816978,-3.023723,4.923817,2.811390,0.431202,4.040217
10.835745,-3.035386,4.909157,2.821999,0.427760,4.048628
10.854584,-3.046968,4.894345,2.832474,0.424409,4.056997
10.873494,-3.058469,4.879380,2.842815,0.421143,4.065328
10.892481,-3.069890,4.864261,2.853027,0.417960,4.073621
10.911545,-3.081231,4.848986,2.863110,0.414857,4.081879
10.930691,-3.092492,4.833554,2.873067,0.411831,4.090103
10.949919,-3.103674,4.817963,2.882900,0.408879,4.098296
10.969234,-3.114777,4.802211,2.892611,0.405998,4.106458
10.988639,-3.125801,4.786298,2.902202,0.403185,4.114593
11.008135,-3.136746,4.770220,2.911675,0.400440,4.122700
11.027727,-3.147613,4.753977,2.921033,0.397758,4.130782
11.047417,-3.158401,4.737565,2.930277,0.395139,4.138841
11.067207,-3.169111,4.720983,2.939408,0.392580,4.146876
11.087103,-3.179742,4.704229,2.948430,0.390078,4.154890
11.107106,-3.190295,4.687301,2.957343,0.387634,4.162884
11.127219,-3.200769,4.670196,2.966150,0.385244,4.170859
11.147447,-3.211165,4.652911,2.974852,0.382907,4.178817
11.167792,-3.221481,4.635445,2.983451,0.380622,4.186758
11.188258,-3.231719,4.617794,2.991949,0.378386,4.194683
11.208849,-3.241877,4.599956,3.000348,0.376199,4.202594
11.229568,-3.251955,4.581928,3.008649,0.374060,4.210492
11.250419,-3.261953,4.563707,3.016855,0.371966,4.218379
11.271405,-3.271871,4.545290,3.024967,0.369917,4.226255
11.292530,-3.281707,4.526674,3.032986,0.367912,4.234122
11.313799,-3.291462,4.507856,3.040914,0.365949,4.241982
11.335214,-3.301134,4.488833,3.048754,0.364027,4.249837
11.356781,-3.310724,4.469601,3.056506,0.362145,4.257691
11.378503,-3.320229,4.450156,3.064173,0.360302,4.265545
11.400385,-3.329650,4.430496,3.071755,0.358497,4.273403
11.422430,-3.338985,4.410617,3.079255,0.356729,4.281073
11.444643,-3.348233,4.390514,3.086675,0.354998,4.287662
11.467028,-3.357392,4.370184,3.094015,0.353301,4.294145
11.489589,-3.366461,4.349623,3.101278,0.351639,4.300594
11.512340,-3.375438,4.328827,3.108465,0.350010,4.307004
11.534968,-3.384365,4.307792,3.115582,0.348416,4.313370
11.557012,-3.393158,4.287183,3.122425,0.346902,4.319680
11.578659,-3.401527,4.267183,3.128922,0.345478,4.325924
11.600239,-3.409721,4.247183,3.135288,0.344095,4.332094
11.621755,-3.417740,4.227183,3.141527,0.342753,4.338376
11.643209,-3.425586,4.207183,3.147642,0.341450,4.345659
11.664602,-3.433263,4.187183,3.153639,0.340185,4.352965
11.685937,-3.440773,4.167183,3.159519,0.338955,4.360217
11.707215,-3.448119,4.147183,3.165287,0.337761,4.367415
11.728439,-3.455302,4.127183,3.170946,0.336601,4.374558
11.749610,-3.462325,4.107183,3.176498,0.335472,4.381649
11.770730,-3.469189,4.087183,3.181948,0.334374,4.388691
11.791800,-3.475895,4.067183,3.187297,0.333306,4.395690
11.812822,-3.482446,4.047183,3.192548,0.332267,4.402648
11.833798,-3.488844,4.027183,3.197704,0.331255,4.409565
11.854728,-3.495090,4.007183,3.202767,0.330270,4.416437
11.875615,-3.501185,3.987183,3.207740,0.329312,4.423262
11.896459,-3.507131,3.967183,3.212625,0.328378,4.430040
11.917263,-3.512930,3.947183,3.217424,0.327469,4.436772
11.938027,-3.518583,3.927183,3.222140,0.326583,4.443459
11.958753,-3.524091,3.907183,3.226773,0.325722,4.450104
11.979442,-3.529457,3.887183,3.231326,0.324885,4.456707
12.000096,-3.534681,3.867183,3.235801,0.324068,4.463268
12.020715,-3.539767,3.847183,3.240200,0.323263,4.469788
12.041302,-3.544715,3.827183,3.244523,0.322477,4.476268
12.061857,-3.549525,3.807183,3.248774,0.321705,4.482710
12.082380,-3.554198,3.787183,3.252952,0.320947,4.489117
12.102874,-3.558737,3.767183,3.257059,0.320203,4.495491
12.123339,-3.563142,3.747183,3.261098,0.319471,4.501832
12.143777,-3.567413,3.727183,3.265068,0.318752,4.508140
12.164188,-3.571554,3.707183,3.268971,0.318048,4.514417
12.184573,-3.575564,3.687183,3.272809,0.317357,4.520666
12.204934,-3.579444,3.667183,3.276583,0.316683,4.526888
12.225272,-3.583196,3.647183,3.280293,0.316025,4.533082
12.245586,-3.586820,3.627183,3.283941,0.315383,4.539250
12.265879,-3.590316,3.607183,3.287528,0.314756,4.545391
12.286150,-3.593686,3.587183,3.291054,0.314145,4.551507
12.306402,-3.596929,3.567183,3.294520,0.313549,4.557597
12.326634,-3.600048,3.547183,3.297928,0.312967,4.563662
12.346848,-3.603042,3.527183,3.301278,0.312398,4.569702
12.367045,-3.605914,3.507183,3.304571,0.311843,4.575714
12.387225,-3.608663,3.487183,3.307807,0.311302,4.581704
12.407389,-3.611290,3.467183,3.310988,0.310775,4.587676
12.427538,-3.613796,3.447183,3.314114,0.310260,4.593632
12.447673,-3.616182,3.427183,3.317186,0.309758,4.599572
12.467794,-3.618448,3.407183,3.320203,0.309269,4.605498
12.487902,-3.620593,3.387183,3.323168,0.308791,4.611409
12.507999,-3.622618,3.367183,3.326080,0.308324,4.617305
12.528084,-3.624525,3.347183,3.328940,0.307869,4.623187
12.548159,-3.626312,3.327183,3.331749,0.307425,4.629056
12.568224,-3.627981,3.307183,3.334507,0.306992,4.634910
12.588279,-3.629533,3.287183,3.337214,0.306569,4.640749
12.608327,-3.630967,3.267183,3.339871,0.306156,4.646573
12.628366,-3.632285,3.247183,3.342479,0.305751,4.652383
12.648399,-3.633486,3.227183,3.345037,0.305348,4.658179
12.668425,-3.634570,3.207183,3.347547,0.304963,4.663961
12.688446,-3.635539,3.187183,3.350008,0.304602,4.669734
12.708462,-3.636391,3.167183,3.352420,0.304247,4.675523
12.728474,-3.637129,3.147183,3.354785,0.303899,4.681512
12.748482,-3.637751,3.127183,3.357103,0.303559,4.687227
12.768487,-3.638259,3.107183,3.359373,0.303227,4.692815
12.788490,-3.638651,3.087183,3.361597,0.302906,4.698335
12.808491,-3.638925,3.067183,3.363773,0.302594,4.703813
12.828491,-3.639047,3.047183,3.365903,0.302292,4.709273
12.848491,-3.639102,3.027183,3.367987,0.302000,4.714736
12.868492,-3.639063,3.007183,3.370025,0.301716,4.720208
12.888493,-3.638922,2.987183,3.372017,0.301441,4.725668
12.908495,-3.638673,2.967183,3.373964,0.301174,4.730941
12.928499,-3.638312,2.947183,3.375865,0.300913,4.736501
12.948507,-3.637836,2.927183,3.377720,0.300660,4.742214
12.968517,-3.637244,2.907183,3.379531,0.300419,4.748018
12.988532,-3.636534,2.887183,3.381298,0.300193,4.753887
13.008552,-3.635706,2.867183,3.383019,0.299981,4.759804
13.028577,-3.634760,2.847183,3.384696,0.299780,4.765743
13.048609,-3.633692,2.827183,3.386329,0.299584,4.771699
13.068648,-3.632504,2.807183,3.387918,0.299394,4.777669
13.088695,-3.631197,2.787183,3.389464,0.299211,4.783642
13.108750,-3.629769,2.767183,3.390965,0.299035,4.789616
13.128815,-3.628221,2.747183,3.392424,0.298866,4.795583
13.148890,-3.626553,2.727183,3.393839,0.298705,4.801547
13.168975,-3.624765,2.707183,3.395210,0.298552,4.807508
13.189072,-3.622856,2.687183,3.396540,0.298406,4.813465
13.209180,-3.620828,2.667183,3.397826,0.298268,4.819416
13.229302,-3.618679,2.647183,3.399070,0.298139,4.825362
13.249438,-3.616409,2.627183,3.400272,0.298018,4.831294
13.269587,-3.614019,2.607183,3.401432,0.297905,4.837222
13.289752,-3.611509,2.587183,3.402551,0.297801,4.843146
13.309932,-3.608878,2.567183,3.403627,0.297706,4.849065
13.330129,-3.606126,2.547183,3.404663,0.297619,4.854981
13.350343,-3.603255,2.527183,3.405658,0.297539,4.860893
13.370574,-3.600263,2.507183,3.406612,0.297468,4.866805
13.390825,-3.597151,2.487183,3.407526,0.297404,4.872721
13.411094,-3.593917,2.467183,3.408399,0.297348,4.878641
13.431384,-3.590561,2.447183,3.409233,0.297300,4.884576
13.451695,-3.587084,2.427183,3.410028,0.297259,4.890520
13.472027,-3.583484,2.407183,3.410783,0.297225,4.896473
13.492382,-3.579761,2.387183,3.411499,0.297198,4.902437
13.512761,-3.575914,2.367183,3.412177,0.297178,4.908413
13.533163,-3.571944,2.347183,3.412817,0.297164,4.914401
13.553591,-3.567848,2.327183,3.413420,0.297158,4.920403
13.574045,-3.563628,2.307183,3.413984,0.297158,4.926418
13.594525,-3.559282,2.287183,3.414512,0.297166,4.932449
13.615033,-3.554809,2.267183,3.415003,0.297180,4.938492
13.635570,-3.550210,2.247183,3.415458,0.297201,4.944549
13.656136,-3.545482,2.227183,3.415878,0.297228,4.950620
13.676732,-3.540627,2.207183,3.416262,0.297262,4.956706
13.697360,-3.535641,2.187183,3.416611,0.297303,4.962805
13.718020,-3.530526,2.167183,3.416926,0.297350,4.968918
13.738713,-3.525281,2.147183,3.417207,0.297404,4.975044
13.759441,-3.519905,2.127183,3.417455,0.297464,4.981184
13.780203,-3.514397,2.107183,3.417670,0.297530,4.987337
13.801002,-3.508756,2.087183,3.417853,0.297603,4.993505
13.821837,-3.502982,2.067183,3.418005,0.297682,4.999691
13.842711,-3.497074,2.047183,3.418125,0.297767,5.005894
13.863624,-3.491030,2.027183,3.418215,0.297858,5.012114
13.884577,-3.484851,2.007183,3.418275,0.297955,5.018354
13.905572,-3.478535,1.987183,3.418307,0.298058,5.024615
13.926609,-3.472081,1.967183,3.418310,0.298167,5.030897
13.947690,-3.465488,1.947183,3.418285,0.298282,5.037201
13.968816,-3.458755,1.927183,3.418233,0.298403,5.043529
13.989987,-3.451880,1.907183,3.418156,0.298529,5.049881
14.011206,-3.444864,1.887183,3.418053,0.298661,5.056258
14.032474,-3.437704,1.867183,3.417926,0.298799,5.062661
14.053791,-3.430399,1.847183,3.417776,0.298942,5.069091
14.075160,-3.422949,1.827183,3.417603,0.299082,5.075547
14.096581,-3.415350,1.807183,3.417407,0.299235,5.082032
14.118057,-3.407604,1.787183,3.417190,0.299395,5.088546
14.139587,-3.399707,1.767183,3.416954,0.299559,5.095088
14.161175,-3.391658,1.747183,3.416699,0.299729,5.101660
14.182821,-3.383456,1.727183,3.416427,0.299907,5.108262
14.204527,-3.375100,1.707183,3.416139,0.300089,5.114893
14.226294,-3.366587,1.687183,3.415836,0.300275,5.121555
14.248125,-3.357917,1.667183,3.415520,0.300462,5.128248
14.270020,-3.349087,1.647183,3.415191,0.300652,5.134971
14.291981,-3.340096,1.627183,3.414852,0.300845,5.141726
14.314011,-3.330942,1.607183,3.414503,0.301040,5.148512
14.336111,-3.321624,1.587183,3.414146,0.301233,5.155329
14.358282,-3.312139,1.567183,3.413783,0.301425,5.162177
14.380528,-3.302485,1.547183,3.413416,0.301624,5.169109
14.402848,-3.292662,1.527183,3.413045,0.301829,5.177127
14.425246,-3.282666,1.507183,3.412673,0.302038,5.185545
14.447723,-3.272496,1.487183,3.412301,0.302252,5.193964
14.470285,-3.262150,1.467183,3.411932,0.302466,5.202373
14.492874,-3.251614,1.447183,3.411567,0.302685,5.210760
14.515072,-3.240764,1.427389,3.411210,0.302921,5.219116
14.536771,-3.230077,1.408362,3.410874,0.303132,5.227431
14.558223,-3.219384,1.389625,3.410552,0.303341,5.235694
14.579437,-3.208685,1.371170,3.410244,0.303547,5.243843
14.600417,-3.197984,1.352991,3.409952,0.303749,5.250867
14.621169,-3.187280,1.335081,3.409675,0.303947,5.257443
14.641701,-3.176575,1.317433,3.409415,0.304141,5.263961
14.662016,-3.165870,1.300042,3.409173,0.304331,5.270423
14.682122,-3.155166,1.282900,3.408949,0.304516,5.276834
14.702024,-3.144463,1.266002,3.408744,0.304697,5.283194
14.721727,-3.133762,1.249342,3.408558,0.304873,5.289506
14.741237,-3.123063,1.232914,3.408391,0.305044,5.295772
14.760559,-3.112365,1.216711,3.408245,0.305210,5.301995
14.779699,-3.101671,1.200730,3.408120,0.305371,5.308176
14.798662,-3.090979,1.184963,3.408016,0.305528,5.314316
14.817453,-3.080289,1.169407,3.407933,0.305678,5.320416
14.836076,-3.069601,1.154055,3.407872,0.305823,5.326478
14.854538,-3.058915,1.138902,3.407833,0.305962,5.332502
14.872842,-3.048232,1.123945,3.407816,0.306096,5.338489
14.890993,-3.037549,1.109177,3.407822,0.306224,5.344440
14.908996,-3.026868,1.094594,3.407851,0.306346,5.350357
14.926856,-3.016188,1.080191,3.407903,0.306461,5.356238
14.944577,-3.005507,1.065964,3.407978,0.306570,5.362086
14.962164,-2.994827,1.051909,3.408077,0.306672,5.367901
14.979620,-2.984146,1.038021,3.408200,0.306768,5.373684
14.996951,-2.973463,1.024296,3.408346,0.306857,5.379435
15.014160,-2.962778,1.010730,3.408517,0.306939,5.385155
15.031251,-2.952090,0.997319,3.408711,0.307015,5.390846
15.048229,-2.941399,0.984059,3.408930,0.307083,5.396506
15.065097,-2.930703,0.970946,3.409174,0.307144,5.402138
15.081860,-2.920002,0.957976,3.409442,0.307198,5.407740
15.098521,-2.909295,0.945146,3.409736,0.307244,5.413312
15.115084,-2.898581,0.932452,3.410054,0.307284,5.418853
15.131553,-2.887859,0.919891,3.410397,0.307315,5.424365
15.147931,-2.877128,0.907459,3.410766,0.307340,5.429849
15.164223,-2.866387,0.895152,3.411160,0.307356,5.435305
15.180432,-2.855636,0.882968,3.411579,0.307365,5.440735
15.196561,-2.844873,0.870903,3.412024,0.307365,5.446139
15.212614,-2.834097,0.858955,3.412496,0.307358,5.451516
15.228594,-2.823307,0.847119,3.412993,0.307343,5.456870
15.244506,-2.812502,0.835393,3.413516,0.307319,5.462204
15.260352,-2.801681,0.823774,3.414066,0.307287,5.467517
15.276135,-2.790841,0.812259,3.414642,0.307247,5.472809
15.291860,-2.779983,0.800846,3.415245,0.307198,5.478081
15.307530,-2.769104,0.789531,3.415875,0.307140,5.483332
15.323147,-2.758203,0.778312,3.416532,0.307073,5.488563
15.338715,-2.747279,0.767186,3.417217,0.306997,5.493772
15.354238,-2.736331,0.756151,3.417929,0.306913,5.498959
15.369718,-2.725357,0.745204,3.418669,0.306819,5.504122
15.385159,-2.714355,0.734343,3.419436,0.306715,5.509257
15.400564,-2.703325,0.723565,3.420233,0.306602,5.514368
15.415936,-2.692264,0.712867,3.421058,0.306480,5.519455
15.431278,-2.681172,0.702248,3.421911,0.306347,5.524523
15.446594,-2.670046,0.691703,3.422794,0.306205,5.529581
15.461886,-2.658886,0.681232,3.423707,0.306052,5.534647
15.477158,-2.647690,0.670832,3.424649,0.305889,5.539739
15.492413,-2.636456,0.660500,3.425622,0.305714,5.544876
15.507655,-2.625181,0.650236,3.426625,0.305528,5.550106
15.522885,-2.613863,0.640037,3.427659,0.305330,5.555483
15.538108,-2.602500,0.629903,3.428725,0.305120,5.560955
15.553326,-2.591086,0.619834,3.429822,0.304897,5.566495
15.568543,-2.579620,0.609830,3.430952,0.304660,5.572082
15.583760,-2.568096,0.599895,3.432114,0.304410,5.577693
15.598981,-2.556507,0.590030,3.433310,0.304147,5.583303
15.614209,-2.544856,0.580231,3.434539,0.303871,5.588890
15.629445,-2.533145,0.570493,3.435802,0.303583,5.594433
15.644694,-2.521373,0.560811,3.437100,0.303281,5.599887
15.659959,-2.509539,0.551183,3.438433,0.302967,5.605201
15.675241,-2.497642,0.541606,3.439802,0.302640,5.610425
15.690546,-2.485680,0.532078,3.441206,0.302300,5.615586
15.705875,-2.473651,0.522597,3.442648,0.301948,5.620705
15.721232,-2.461553,0.513162,3.444128,0.301582,5.625794
15.736621,-2.449385,0.503769,3.445645,0.301204,5.630866
15.752043,-2.437143,0.494418,3.447202,0.300812,5.635926
15.767504,-2.424825,0.485107,3.448798,0.300407,5.640979
15.783005,-2.412428,0.475835,3.450435,0.299988,5.646027
15.798551,-2.399951,0.466601,3.452112,0.299555,5.651073
15.814145,-2.387391,0.457402,3.453832,0.299109,5.656118
15.829790,-2.374744,0.448237,3.455594,0.298647,5.661162
15.845489,-2.362008,0.439106,3.457400,0.298172,5.666206
15.861246,-2.349180,0.430007,3.459251,0.297682,5.671250
15.877065,-2.336258,0.420938,3.461147,0.297177,5.676296
15.892949,-2.323238,0.411898,3.463089,0.296656,5.681344
15.908902,-2.310117,0.402886,3.465079,0.296120,5.686393
15.924927,-2.296893,0.393901,3.467117,0.295568,5.691446
15.941028,-2.283562,0.384941,3.469204,0.295001,5.696502
15.957210,-2.270120,0.376005,3.471342,0.294419,5.701561
15.973475,-2.256565,0.367093,3.473531,0.293821,5.706625
15.989828,-2.242894,0.358202,3.475773,0.293208,5.711693
16.006272,-2.229102,0.349333,3.478070,0.292577,5.716765
16.022813,-2.215186,0.340483,3.480421,0.291930,5.721842
16.039453,-2.201142,0.331652,3.482829,0.291265,5.726924
16.056198,-2.186968,0.322838,3.485295,0.290582,5.732011
16.073051,-2.172658,0.314041,3.487819,0.289881,5.737103
16.090017,-2.158208,0.305260,3.490405,0.289161,5.742200
16.107101,-2.143616,0.296492,3.493052,0.288423,5.747302
16.124306,-2.128876,0.287739,3.495762,0.287666,5.752410
16.141638,-2.113984,0.278998,3.498537,0.286893,5.757523
16.159102,-2.098937,0.270268,3.501379,0.286101,5.762642
16.176701,-2.083728,0.261549,3.504289,0.285291,5.767766
16.194443,-2.068355,0.252839,3.507269,0.284462,5.772898
16.212331,-2.052811,0.244139,3.510320,0.283613,5.778035
16.230370,-2.037092,0.235446,3.513445,0.282742,5.783180
16.248567,-2.021193,0.226759,3.516644,0.281847,5.788333
16.266927,-2.005109,0.218079,3.519921,0.280928,5.793495
16.285456,-1.988834,0.209404,3.523276,0.279979,5.798668
16.304158,-1.972363,0.200733,3.526711,0.279004,5.803853
16.323041,-1.955689,0.192066,3.530229,0.278006,5.808603
16.342111,-1.938808,0.183402,3.533831,0.276987,5.812219
16.361373,-1.921713,0.174740,3.537519,0.275947,5.815849
16.380834,-1.904398,0.166080,3.541296,0.274887,5.819580
16.400521,-1.886856,0.157422,3.545164,0.273805,5.823404
16.421321,-1.869081,0.148675,3.549134,0.272548,5.827312
16.443360,-1.849578,0.138956,3.553546,0.271270,5.831297
16.465615,-1.829578,0.129120,3.558117,0.269990,5.835352
16.487805,-1.809578,0.119435,3.562736,0.268696,5.839469
16.509931,-1.789578,0.109898,3.567402,0.267388,5.844090
16.531996,-1.769578,0.100506,3.572113,0.266069,5.849905
16.554001,-1.749578,0.091258,3.576867,0.264746,5.855760
16.575948,-1.729578,0.082152,3.581663,0.263419,5.861563
16.597838,-1.709578,0.073186,3.586501,0.262088,5.867313
16.619672,-1.689578,0.064358,3.591379,0.260753,5.873011
16.641453,-1.669578,0.055665,3.596295,0.259413,5.878658
16.663182,-1.649578,0.047106,3.601248,0.258070,5.884252
16.684859,-1.629578,0.038680,3.606236,0.256715,5.889793
16.706487,-1.609578,0.030383,3.611257,0.255350,5.895282
16.728067,-1.589578,0.022215,3.616310,0.253978,5.900718
16.749600,-1.569578,0.014174,3.621394,0.252601,5.906102
16.771087,-1.549578,0.006257,3.626505,0.251222,5.911434
16.792530,-1.529578,-0.001536,3.631644,0.249842,5.916715
16.813930,-1.509578,-0.009209,3.636808,0.248461,5.921945
16.835288,-1.489578,-0.016761,3.641996,0.247081,5.927125
16.856605,-1.469578,-0.024196,3.647206,0.245704,5.932255
16.877882,-1.449578,-0.031514,3.652436,0.244342,5.937337
16.899121,-1.429578,-0.038717,3.657686,0.243011,5.942369
16.920321,-1.409578,-0.045806,3.662953,0.241639,5.947353
16.941486,-1.389578,-0.052784,3.668235,0.240219,5.952290
16.962614,-1.369578,-0.059651,3.673533,0.238826,5.957180
16.983708,-1.349578,-0.066408,3.678843,0.237457,5.962025
17.004768,-1.329578,-0.073059,3.684165,0.236105,5.966826
17.025795,-1.309578,-0.079603,3.689496,0.234763,5.971582
17.046790,-1.289578,-0.086041,3.694837,0.233424,5.976294
17.067754,-1.269578,-0.092376,3.700184,0.232080,5.980964
17.088688,-1.249578,-0.098609,3.705538,0.230740,5.985591
17.109592,-1.229578,-0.104740,3.710896,0.229403,5.990179
17.130467,-1.209578,-0.110771,3.716257,0.228073,5.994724
17.151314,-1.189578,-0.116702,3.721619,0.226754,5.999229
17.172134,-1.169578,-0.122536,3.726982,0.225448,6.003696
17.192928,-1.149578,-0.128274,3.732344,0.224154,6.008126
17.213696,-1.129578,-0.133915,3.737704,0.222871,6.012519
17.234438,-1.109578,-0.139462,3.743060,0.221599,6.016876
17.255156,-1.089578,-0.144916,3.748412,0.220339,6.021198
17.275850,-1.069578,-0.150276,3.753757,0.219090,6.025487
17.296521,-1.049578,-0.155545,3.759095,0.217852,6.029739
17.317169,-1.029578,-0.160723,3.764425,0.216627,6.033961
17.337796,-1.009578,-0.165811,3.769745,0.215415,6.038148
17.358400,-0.989578,-0.170810,3.775054,0.214215,6.042302
17.378984,-0.969578,-0.175720,3.780351,0.213028,6.046422
17.399547,-0.949578,-0.180544,3.785635,0.211855,6.050510
17.420091,-0.929578,-0.185281,3.790905,0.210696,6.054565
17.440615,-0.909578,-0.189932,3.796159,0.209551,6.058587
17.461121,-0.889578,-0.194499,3.801397,0.208420,6.062577
17.481608,-0.869578,-0.198982,3.806617,0.207303,6.066534
17.502077,-0.849578,-0.203382,3.811819,0.206201,6.070461
17.522530,-0.829578,-0.207700,3.817001,0.205113,6.074357
17.542965,-0.809578,-0.211936,3.822162,0.204040,6.078223
17.563384,-0.789578,-0.216091,3.827301,0.202982,6.082061
17.583787,-0.769578,-0.220167,3.832418,0.201939,6.085871
17.604175,-0.749578,-0.224164,3.837511,0.200912,6.089653
17.624548,-0.729578,-0.228082,3.842580,0.199901,6.093408
17.644906,-0.709578,-0.231922,3.847622,0.198909,6.097134
17.665250,-0.689578,-0.235685,3.852638,0.197940,6.100834
17.685580,-0.669578,-0.239371,3.857627,0.196999,6.104508
17.705897,-0.649578,-0.242981,3.862587,0.196079,6.108155
17.726200,-0.629578,-0.246515,3.867518,0.195180,6.111776
17.746491,-0.609578,-0.249976,3.872419,0.194293,6.115368
17.766770,-0.589578,-0.253362,3.877289,0.193421,6.118933
17.787036,-0.569578,-0.256675,3.882126,0.192563,6.122470
17.807291,-0.549578,-0.259916,3.886931,0.191722,6.125981
17.827535,-0.529578,-0.263084,3.891702,0.190898,6.129467
17.847768,-0.509578,-0.266181,3.896439,0.190090,6.132930
17.867991,-0.489578,-0.269207,3.901140,0.189300,6.136372
17.888203,-0.469578,-0.272164,3.905805,0.188486,6.139795
17.908405,-0.449578,-0.275050,3.910422,0.187645,6.143199
17.928598,-0.429578,-0.277867,3.914975,0.186914,6.146589
17.948781,-0.409578,-0.280616,3.919489,0.186201,6.149964
17.968956,-0.389578,-0.283295,3.923964,0.185445,6.153327
17.989121,-0.369578,-0.285906,3.928381,0.184767,6.156684
18.009278,-0.349578,-0.288450,3.932755,0.184111,6.160044
18.029426,-0.329578,-0.290924,3.937088,0.183474,6.163407
18.049567,-0.309578,-0.293332,3.941378,0.182856,6.166774
18.069699,-0.289578,-0.295672,3.945625,0.182256,6.170142
18.089824,-0.269578,-0.297944,3.949827,0.181675,6.173511
18.109941,-0.249578,-0.300147,3.953985,0.181110,6.176881
18.130051,-0.229578,-0.302281,3.958097,0.180316,6.180255
18.150154,-0.209578,-0.304346,3.962088,0.179793,6.183626
18.170250,-0.189578,-0.306343,3.966030,0.179272,6.186992
18.190340,-0.169578,-0.308272,3.969915,0.178778,6.190344
18.210423,-0.149578,-0.310133,3.973747,0.177889,6.193682
18.230500,-0.129578,-0.311927,3.977397,0.177257,6.197036
18.250572,-0.109578,-0.313654,3.980932,0.176357,6.200002
18.270638,-0.089578,-0.315314,3.984260,0.175523,6.202584
18.290699,-0.069578,-0.316908,3.987381,0.173826,6.205588
18.310755,-0.049578,-0.318436,3.990030,0.147477,6.208341
18.335609,-0.029578,-0.319893,3.984746,0.143956,6.210373
18.370068,-0.000000,-0.322050,3.974985,0.143716,6.210264
