0.000000,0.000000,-18.148197,41.185944,0.001042,-0.051894
1.681174,1.679000,-18.235405,41.219136,0.001020,-0.049806
3.362175,3.358000,-18.319099,41.252316,0.001001,-0.047769
5.043014,5.037000,-18.399363,41.285480,0.000985,-0.045780
6.723702,6.716000,-18.476282,41.318623,0.000970,-0.043840
8.404248,8.395000,-18.549936,41.351744,0.000956,-0.041944
10.084663,10.074000,-18.620401,41.384840,0.000943,-0.040091
11.764953,11.753000,-18.687751,41.417909,0.000930,-0.038279
13.445128,13.432000,-18.752052,41.450948,0.000916,-0.036504
15.125195,15.111000,-18.813370,41.483958,0.000903,-0.034765
16.805162,16.790000,-18.871764,41.516936,0.000889,-0.033059
18.485035,18.469000,-18.927291,41.549882,0.000876,-0.031385
20.164820,20.148000,-18.980005,41.582794,0.000862,-0.029741
21.844523,21.827000,-19.029955,41.615672,0.000849,-0.028126
23.524151,23.506000,-19.077191,41.648513,0.000837,-0.026538
25.203709,25.185000,-19.121759,41.681318,0.000826,-0.024976
26.883201,26.864000,-19.163703,41.714083,0.000817,-0.023439
28.562634,28.543000,-19.203064,41.746807,0.000809,-0.021925
30.242011,30.222000,-19.239883,41.779487,0.000805,-0.020433
31.921337,31.901000,-19.274194,41.812122,0.000803,-0.018960
33.600617,33.580000,-19.306033,41.844706,0.000804,-0.017506
35.279854,35.259000,-19.335428,41.877237,0.000810,-0.016066
36.959052,36.938000,-19.362404,41.909711,0.000820,-0.014638
38.638215,38.617000,-19.386983,41.942123,0.000834,-0.013218
40.317347,40.296000,-19.409177,41.974468,0.000854,-0.011803
41.996451,41.975000,-19.428995,42.006740,0.000879,-0.010387
43.675530,43.654000,-19.446436,42.038933,0.000909,-0.008967
45.354587,45.333000,-19.461491,42.071040,0.000946,-0.007535
47.033627,47.012000,-19.474143,42.103052,0.000987,-0.006087
48.712651,48.691000,-19.484364,42.134962,0.001035,-0.004617
50.391664,50.370000,-19.492115,42.166761,0.001087,-0.003116
52.070669,52.049000,-19.497347,42.198438,0.001145,-0.001580
53.749671,53.728000,-19.500000,42.229983,0.001208,0.000000
55.428672,55.407000,-19.500000,42.261382,0.001275,0.001631
57.107677,57.086000,-19.497262,42.292624,0.001346,0.003319
58.786693,58.765000,-19.491689,42.323695,0.001421,0.005073
60.465724,60.444000,-19.483172,42.354580,0.001498,0.006899
62.144776,62.123000,-19.471589,42.385263,0.001579,0.008804
63.823858,63.802000,-19.456807,42.415728,0.001662,0.010795
65.502976,65.481000,-19.438682,42.445958,0.001747,0.012877
67.182141,67.160000,-19.417060,42.475936,0.001833,0.015058
68.861362,68.839000,-19.391776,42.505643,0.001920,0.017342
70.540652,70.518000,-19.362656,42.535063,0.002009,0.019734
72.220023,72.197000,-19.329519,42.564174,0.002098,0.022240
73.899490,73.876000,-19.292172,42.592960,0.002188,0.024863
75.579070,75.555000,-19.250419,42.621400,0.002278,0.027607
77.258780,77.234000,-19.204055,42.649476,0.002369,0.030476
78.938640,78.913000,-19.152870,42.677167,0.002460,0.033473
80.618674,80.592000,-19.096648,42.704453,0.002552,0.036600
82.298904,82.271000,-19.035169,42.731315,0.002644,0.039860
83.979357,83.950000,-18.968209,42.757732,0.002737,0.043255
85.660063,85.629000,-18.895538,42.783683,0.002830,0.046787
87.341052,87.308000,-18.816924,42.809146,0.002924,0.050458
89.022360,88.987000,-18.732133,42.834099,0.003018,0.054270
90.704022,90.666000,-18.640924,42.858519,0.003114,0.058224
92.386080,92.345000,-18.543056,42.882382,0.003211,0.062321
94.068576,94.024000,-18.438283,42.905664,0.003308,0.066563
95.751557,95.703000,-18.326358,42.928339,0.003407,0.070952
97.435072,97.382000,-18.207029,42.950380,0.003507,0.075489
99.119435,99.061000,-18.080042,42.971759,0.003609,0.080207
100.806946,100.740512,-17.945044,42.992454,0.003711,0.085391
102.500017,102.424447,-17.800901,43.012481,0.003815,0.090822
104.199011,104.113507,-17.647074,43.031811,0.003921,0.096423
105.903854,105.807539,-17.483223,43.050401,0.004028,0.102198
107.614464,107.506377,-17.308998,43.068210,0.004137,0.108148
109.330746,109.209837,-17.124051,43.085190,0.004248,0.114278
111.052599,110.917719,-16.928024,43.101296,0.004359,0.120588
112.779911,112.629806,-16.720560,43.116479,0.004473,0.127082
114.512560,114.345867,-16.501297,43.130688,0.004587,0.133763
116.250417,116.065652,-16.269873,43.143871,0.004703,0.140631
117.993343,117.788898,-16.025920,43.155975,0.004820,0.147690
119.741193,119.515322,-15.769074,43.166946,0.004939,0.154942
121.493812,121.244629,-15.498966,43.176727,0.005058,0.162389
123.251039,122.976504,-15.215231,43.185261,0.005178,0.170031
125.012702,124.710620,-14.917503,43.192477,0.005299,0.177871
126.778626,126.446630,-14.605418,43.198288,0.005420,0.185911
128.548627,128.184173,-14.278616,43.202669,0.005543,0.194152
130.322532,129.922873,-13.936737,43.205008,0.005665,0.202726
132.100357,131.662323,-13.579194,43.178392,0.005792,0.212902
133.881796,133.401972,-13.203120,42.836189,0.005962,0.221184
135.666357,135.141578,-12.811946,42.491010,0.006127,0.229795
137.453863,136.880704,-12.405117,42.148117,0.006287,0.238776
139.244145,138.618886,-11.982009,41.807539,0.006446,0.248133
141.037024,140.355639,-11.541996,41.468547,0.006603,0.257856
142.832320,142.090456,-11.084477,41.131490,0.006761,0.267950
144.629844,143.822808,-10.608856,40.796364,0.006920,0.278411
146.429404,145.552141,-10.114552,40.463259,0.007081,0.289239
148.230804,147.277880,-9.601000,40.132340,0.007245,0.300431
150.033841,148.999424,-9.067650,39.803830,0.007411,0.311988
151.838305,150.716149,-8.513970,39.478004,0.007580,0.323909
153.643984,152.427406,-7.939445,39.155177,0.007753,0.336192
155.450658,154.132521,-7.343579,38.835680,0.007928,0.348838
157.258103,155.830795,-6.725896,38.519855,0.008106,0.361847
159.066088,157.521505,-6.085940,38.208046,0.008286,0.375219
160.874379,159.203902,-5.423279,37.900595,0.008468,0.388953
162.682733,160.877211,-4.737503,37.597838,0.008652,0.403050
164.490904,162.540633,-4.028231,37.300121,0.008837,0.417509
166.298638,164.193345,-3.295109,37.007764,0.009023,0.432328
168.105676,165.834498,-2.537811,36.721075,0.009209,0.447508
169.911752,167.463220,-1.756049,36.440348,0.009395,0.463045
171.716592,169.078619,-0.949566,36.165859,0.009580,0.478937
173.519917,170.679779,-0.118146,35.897895,0.009764,0.495182
175.321440,172.265764,0.738385,35.636766,0.009946,0.511774
177.120863,173.835620,1.620158,35.382762,0.010126,0.528710
178.917885,175.388377,2.527256,35.136174,0.010304,0.545984
180.712193,176.923050,3.459713,34.897283,0.010478,0.563588
182.503464,178.438643,4.417505,34.666486,0.010649,0.581515
184.291369,179.934149,5.400555,34.444192,0.010815,0.599757
186.075565,181.408557,6.408725,34.230800,0.010977,0.618304
187.855702,182.860850,7.441817,34.026699,0.011134,0.637144
189.631417,184.290018,8.499564,33.832522,0.011285,0.656267
191.402339,185.695050,9.581635,33.648673,0.011429,0.675660
193.168083,187.074946,10.687633,33.475540,0.011567,0.695311
194.928258,188.428718,11.817091,33.313295,0.011698,0.715210
196.682462,189.755395,12.969480,33.161466,0.011821,0.735351
198.430285,191.054015,14.144213,33.018378,0.011938,0.755716
200.171306,192.323650,15.340628,32.881793,0.012047,0.776287
201.905079,193.563400,16.557990,32.748776,0.012151,0.796996
203.631101,194.772448,17.795414,32.619706,0.012248,0.817698
205.348875,195.950136,19.051748,32.505706,0.012334,0.838546
207.057972,197.095711,20.326057,32.408277,0.012408,0.859634
208.757970,198.208366,21.617512,32.319928,0.012473,0.880888
210.448386,199.287392,22.925134,32.234207,0.012531,0.902141
212.128690,200.332281,24.247666,32.153433,0.012581,0.923374
213.798366,201.342598,25.583809,32.081250,0.012621,0.944605
215.456912,202.317944,26.932280,32.019826,0.012651,0.965842
217.103851,203.257966,28.291803,31.969847,0.012670,0.987108
218.738727,204.162341,29.661127,31.928554,0.012680,1.008416
220.361072,205.030784,31.039017,31.889451,0.012682,1.029647
221.970390,205.863197,32.424080,31.850990,0.012678,1.050760
223.566196,206.659588,33.814888,31.813236,0.012668,1.071744
225.148025,207.420040,35.210028,31.776256,0.012651,1.092590
226.715434,208.144710,36.608104,31.740116,0.012628,1.113286
228.268005,208.833827,38.007748,31.704883,0.012599,1.133822
229.805348,209.487693,39.407620,31.670620,0.012564,1.154188
231.327102,210.106678,40.806420,31.637386,0.012523,1.174373
232.832935,210.691217,42.202888,31.605238,0.012477,1.194366
234.322551,211.241810,43.595811,31.574224,0.012425,1.214159
235.795688,211.759017,44.984031,31.544389,0.012370,1.233741
237.252122,212.243452,46.366445,31.515768,0.012310,1.253104
238.691666,212.695781,47.742015,31.488392,0.012247,1.272238
240.114177,213.116717,49.109766,31.462282,0.012181,1.291135
241.519551,213.507013,50.468794,31.437451,0.012112,1.309788
242.907727,213.867460,51.818270,31.413905,0.012042,1.328191
244.278691,214.198876,53.157439,31.391643,0.011971,1.346338
245.632472,214.502107,54.485623,31.370655,0.011899,1.364224
246.969144,214.778016,55.802225,31.350925,0.011827,1.381845
248.288829,215.027480,57.106729,31.332430,0.011756,1.399198
249.591708,215.251381,58.398700,31.315141,0.011686,1.416280
250.879454,215.450612,59.677806,31.299026,0.011618,1.432826
252.154850,215.626787,60.946598,31.284012,0.011551,1.448901
253.419381,215.781190,62.207003,31.270043,0.011486,1.464766
254.673591,215.914456,63.459165,31.257084,0.011423,1.480428
255.918027,216.027190,64.703254,31.245099,0.011363,1.495890
257.153241,216.119963,65.939465,31.234053,0.011305,1.511158
258.379783,216.193318,67.168016,31.223908,0.011249,1.526238
259.598209,216.247766,68.389148,31.214629,0.011196,1.541135
260.809078,216.283784,69.603121,31.206179,0.011145,1.555856
262.012949,216.301820,70.810216,31.198521,0.011096,1.570407
263.210386,216.302288,72.010729,31.191619,0.011049,1.584795
264.401956,216.285569,73.204973,31.185439,0.011005,1.599027
265.588228,216.252014,74.393278,31.179945,0.010963,1.613111
266.769776,216.201937,75.575984,31.175106,0.010923,1.627055
267.947175,216.135625,76.753447,31.170886,0.010885,1.640866
269.121006,216.053328,77.926032,31.167256,0.010849,1.654552
270.291852,215.955265,79.094115,31.164183,0.010815,1.668122
271.460301,215.841623,80.258081,31.161637,0.010783,1.681584
272.626946,215.712554,81.418322,31.159588,0.010753,1.694946
273.792383,215.568180,82.575240,31.158007,0.010725,1.708218
274.957215,215.408589,83.729240,31.156865,0.010700,1.721409
276.122047,215.233837,84.880735,31.156135,0.010678,1.734526
277.287494,215.043944,86.030141,31.155789,0.010658,1.747580
278.454173,214.838902,87.177877,31.155799,0.010640,1.760580
279.622710,214.618667,88.324366,31.156138,0.010626,1.773534
280.793736,214.383161,89.470034,31.156778,0.010614,1.786453
281.967890,214.132274,90.615305,31.157692,0.010607,1.799347
283.145819,213.865860,91.760606,31.158850,0.010602,1.812224
284.328176,213.583740,92.906362,31.160225,0.010602,1.825096
285.515770,213.285698,94.052997,31.161788,0.010605,1.837955
286.711444,212.971429,95.201218,31.163511,0.010612,1.850488
287.918507,212.639912,96.355446,31.165373,0.010623,1.862952
289.138186,212.290479,97.517269,31.167347,0.010637,1.875515
290.371019,211.922612,98.686908,31.169406,0.010656,1.888184
291.617509,211.535769,99.864537,31.171522,0.010677,1.900971
292.878130,211.129392,101.050276,31.173666,0.010702,1.913883
294.153315,210.702910,102.244188,31.175810,0.010729,1.926930
295.443467,210.255737,103.446282,31.177925,0.010759,1.940121
296.748947,209.787275,104.656508,31.179983,0.010790,1.953464
298.070078,209.296920,105.874754,31.181956,0.010823,1.966967
299.407145,208.784060,107.100847,31.183819,0.010856,1.980639
300.760390,208.248085,108.334551,31.185547,0.010890,1.994487
302.130012,207.688380,109.575563,31.187116,0.010923,2.008517
303.516168,207.104340,110.823514,31.188507,0.010956,2.022737
304.918968,206.495363,112.077968,31.189701,0.010988,2.037152
306.338480,205.860864,113.338421,31.190685,0.011018,2.051767
307.774724,205.200270,114.604301,31.191447,0.011046,2.066587
309.227676,204.513030,115.874970,31.191982,0.011071,2.081613
310.697263,203.798619,117.149722,31.192286,0.011093,2.096850
312.183369,203.056538,118.427787,31.192362,0.011112,2.112298
313.685834,202.286326,119.708334,31.192217,0.011127,2.127957
315.204451,201.487555,120.990469,31.191863,0.011139,2.143826
316.738973,200.659842,122.273244,31.191316,0.011146,2.159904
318.289111,199.802850,123.555658,31.190600,0.011149,2.176188
319.854536,198.916292,124.836660,31.189743,0.011147,2.192673
321.434882,197.999933,126.115159,31.188776,0.011140,2.209353
323.029751,197.053598,127.390022,31.187739,0.011128,2.226223
324.638709,196.077167,128.660089,31.186674,0.011111,2.243274
326.261296,195.070586,129.924169,31.185628,0.011088,2.260498
327.897024,194.033862,131.181056,31.184653,0.011060,2.277885
329.545382,192.967068,132.429529,31.183805,0.011027,2.295424
331.205840,191.870344,133.668362,31.183142,0.010988,2.313103
332.877851,190.743893,134.896331,31.182726,0.010944,2.330910
334.560853,189.587988,136.112220,31.182620,0.010894,2.348831
336.254276,188.402963,137.314827,31.182891,0.010838,2.366852
337.957541,187.189218,138.502973,31.183606,0.010777,2.384958
339.670066,185.947215,139.675506,31.184830,0.010711,2.403134
341.391268,184.677475,140.831309,31.186631,0.010639,2.421363
343.120563,183.380576,141.969304,31.189076,0.010561,2.439630
344.857373,182.057148,143.088460,31.192228,0.010479,2.457917
346.601126,180.707874,144.187794,31.196150,0.010391,2.476207
348.351258,179.333482,145.266377,31.200901,0.010299,2.494483
350.107216,177.934741,146.323340,31.206539,0.010201,2.512728
351.868457,176.512461,147.357874,31.213115,0.010099,2.530925
353.634453,175.067483,148.369234,31.220679,0.009993,2.549056
355.404690,173.600678,149.356740,31.229275,0.009883,2.567104
357.178669,172.112943,150.319780,31.238943,0.009768,2.585053
358.955908,170.605194,151.257811,31.249716,0.009650,2.602886
360.735942,169.078362,152.170357,31.261625,0.009528,2.620588
362.518323,167.533391,153.057011,31.274694,0.009403,2.638142
364.302619,165.971231,153.917435,31.288942,0.009274,2.655535
366.088418,164.392836,154.751356,31.304383,0.009143,2.672752
367.875324,162.799157,155.558566,31.321027,0.009009,2.689780
369.662959,161.191143,156.338924,31.338878,0.008872,2.706606
371.450962,159.569734,157.092345,31.357937,0.008732,2.723217
373.238988,157.935859,157.818807,31.378198,0.008591,2.739604
375.026710,156.290433,158.518344,31.399654,0.008447,2.755754
376.813816,154.634353,159.191041,31.422293,0.008302,2.771660
378.600011,152.968500,159.837035,31.446099,0.008155,2.787311
380.385013,151.293730,160.456513,31.471055,0.008006,2.802700
382.168557,149.610879,161.049703,31.497139,0.007856,2.817820
383.950391,147.920757,161.616877,31.524328,0.007705,2.832665
385.730277,146.224148,162.158342,31.552595,0.007553,2.847228
387.507991,144.521808,162.674445,31.581915,0.007400,2.861504
389.283321,142.814467,163.165563,31.612256,0.007246,2.875490
391.056068,141.102822,163.632100,31.643591,0.007091,2.889181
392.826046,139.387545,164.074491,31.675885,0.006936,2.902575
394.593080,137.669275,164.493193,31.709109,0.006781,2.915668
396.357007,135.948621,164.888682,31.743227,0.006626,2.928460
398.117674,134.226164,165.261456,31.778208,0.006470,2.940948
399.874941,132.502451,165.612027,31.814016,0.006314,2.953132
401.628677,130.778003,165.940922,31.850619,0.006159,2.965010
403.378763,129.053306,166.248678,31.887982,0.006004,2.976584
405.125089,127.328820,166.535843,31.926071,0.005849,2.987854
406.867555,125.604976,166.802973,31.964852,0.005695,2.998819
408.606072,123.882172,167.050628,32.004293,0.005541,3.009482
410.340562,122.160782,167.279375,32.044360,0.005388,3.019843
412.070953,120.441149,167.489779,32.085021,0.005235,3.029905
413.797187,118.723592,167.682411,32.126244,0.005084,3.039669
415.519213,117.008398,167.857839,32.167998,0.004933,3.049137
417.236989,115.295834,168.016628,32.210252,0.004783,3.058311
418.950487,113.586137,168.159344,32.252976,0.004634,3.067196
420.659683,111.879520,168.286546,32.296142,0.004487,3.075792
422.364566,110.176173,168.398789,32.339719,0.004340,3.084104
424.065134,108.476260,168.496623,32.383682,0.004196,3.092134
425.761395,106.779926,168.580590,32.428002,0.004052,3.099886
427.453366,105.087288,168.651225,32.472654,0.003910,3.107364
429.141076,103.398446,168.709054,32.517612,0.003770,3.114571
430.824560,101.713475,168.754596,32.562850,0.003631,3.121511
432.504825,100.032432,168.788359,32.608347,0.003495,3.128370
434.183915,98.353431,168.810561,32.654131,0.003359,3.135224
435.862932,96.674432,168.821253,32.700239,0.003226,3.141841
437.541951,94.995432,168.820837,32.746653,0.003093,3.148222
439.221038,93.316431,168.809706,32.793357,0.002961,3.154370
440.900254,91.637431,168.788251,32.840333,0.002830,3.160288
442.579651,89.958431,168.756857,32.887566,0.002699,3.165978
444.259275,88.279430,168.715906,32.935040,0.002569,3.171442
445.939167,86.600429,168.665774,32.982740,0.002439,3.176682
447.619361,84.921428,168.606835,33.030650,0.002310,3.181700
449.299885,83.242427,168.539459,33.078758,0.002180,3.186497
450.980762,81.563426,168.464014,33.127046,0.002051,3.191075
452.662011,79.884425,168.380866,33.175503,0.001923,3.195435
454.343644,78.205423,168.290377,33.224112,0.001794,3.199578
456.025670,76.526422,168.192911,33.272861,0.001666,3.203504
457.708094,74.847420,168.088828,33.321734,0.001538,3.207216
459.390916,73.168418,167.978489,33.370717,0.001410,3.210712
461.074132,71.489417,167.862252,33.419795,0.001283,3.213995
462.757736,69.810415,167.740476,33.468955,0.001155,3.217064
464.441717,68.131413,167.613519,33.518182,0.001028,3.219920
466.126060,66.452411,167.481737,33.567460,0.000902,3.222564
467.810750,64.773408,167.345489,33.616775,0.000775,3.224996
469.495767,63.094406,167.205129,33.666113,0.000649,3.227216
471.181090,61.415404,167.061015,33.715458,0.000523,3.229225
472.866695,59.736402,166.913502,33.764796,0.000397,3.231024
474.552555,58.057399,166.762944,33.814110,0.000271,3.232613
476.238644,56.378397,166.609697,33.863387,0.000146,3.233993
477.924931,54.699394,166.454114,33.912610,0.000021,3.235163
479.611387,53.020392,166.296550,33.961765,-0.000104,3.236124
481.297980,51.341389,166.137356,34.010835,-0.000229,3.236878
482.984678,49.662387,165.976886,34.059806,-0.000353,3.237424
484.671447,47.983384,165.815491,34.108662,-0.000477,3.237762
486.358255,46.304382,165.653522,34.157386,-0.000601,3.237895
488.045067,44.625379,165.491329,34.205964,-0.000725,3.237821
489.731851,42.946377,165.329262,34.254380,-0.000848,3.237541
491.418572,41.267374,165.167668,34.302618,-0.000971,3.237057
493.105199,39.588372,165.006895,34.350661,-0.001094,3.236368
494.791699,37.909369,164.847289,34.398495,-0.001216,3.235475
496.478042,36.230367,164.689196,34.446103,-0.001339,3.234379
498.164197,34.551364,164.532959,34.493470,-0.001461,3.233080
499.850135,32.872362,164.378921,34.540579,-0.001582,3.231580
501.535830,31.193359,164.227423,34.587414,-0.001704,3.229878
503.221257,29.514357,164.078806,34.633960,-0.001825,3.227975
504.906392,27.835355,163.933407,34.680201,-0.001946,3.225873
506.591213,26.156353,163.791565,34.726120,-0.002067,3.223571
508.275702,24.477350,163.653614,34.771702,-0.002187,3.221070
509.959843,22.798348,163.519890,34.816931,-0.002307,3.218371
511.643622,21.119346,163.390724,34.861790,-0.002427,3.215475
513.327029,19.440344,163.266449,34.906264,-0.002547,3.212383
515.010054,17.761343,163.147394,34.950337,-0.002666,3.209094
516.692696,16.082341,163.033887,34.993992,-0.002786,3.205610
518.374951,14.403339,162.926255,35.037214,-0.002905,3.201931
520.056823,12.724337,162.824825,35.079986,-0.003023,3.198058
521.738318,11.045336,162.729919,35.122294,-0.003142,3.193991
523.419447,9.366335,162.641862,35.164119,-0.003260,3.189732
525.100224,7.687333,162.560974,35.205448,-0.003378,3.185280
526.780667,6.008332,162.487576,35.246263,-0.003496,3.180637
528.460799,4.329331,162.421988,35.286550,-0.003613,3.175803
530.140649,2.650330,162.364527,35.326292,-0.003729,3.170778
531.820172,0.971329,162.315510,35.365474,-0.003845,3.165539
533.498696,-0.707519,162.275300,35.404076,-0.003961,3.159837
535.175497,-2.384957,162.244694,35.442056,-0.004076,3.153875
536.850497,-4.060716,162.224110,35.479393,-0.004191,3.147732
538.523750,-5.734798,162.213832,35.516074,-0.004305,3.141408
540.195304,-7.407191,162.214142,35.552085,-0.004419,3.134903
541.865197,-9.077869,162.225318,35.587413,-0.004532,3.128221
543.533459,-10.746791,162.247636,35.622044,-0.004644,3.121360
545.200111,-12.413902,162.281370,35.655964,-0.004757,3.114324
546.865167,-14.079134,162.326790,35.689158,-0.004868,3.107112
548.528631,-15.742405,162.384163,35.721611,-0.004980,3.099726
550.190502,-17.403617,162.453753,35.753310,-0.005090,3.092168
551.850768,-19.062661,162.535817,35.784239,-0.005201,3.084438
553.509412,-20.719412,162.630610,35.814384,-0.005311,3.076538
555.166408,-22.373732,162.738383,35.843728,-0.005420,3.068470
556.821721,-24.025470,162.859379,35.872258,-0.005530,3.060233
558.475313,-25.674461,162.993836,35.899959,-0.005638,3.051831
560.127135,-27.320527,163.141988,35.926814,-0.005746,3.043264
561.777133,-28.963477,163.304060,35.952811,-0.005854,3.034533
563.425246,-30.603107,163.480272,35.977933,-0.005961,3.025641
565.071404,-32.239200,163.670833,36.002167,-0.006067,3.016589
566.715534,-33.871527,163.875949,36.025499,-0.006173,3.007379
568.357554,-35.499846,164.095813,36.047915,-0.006278,2.998012
569.997377,-37.123905,164.330612,36.069402,-0.006382,2.988491
571.634909,-38.743438,164.580520,36.089948,-0.006485,2.978817
573.270051,-40.358171,164.845705,36.109540,-0.006588,2.968993
574.902699,-41.967815,165.126321,36.128167,-0.006689,2.959020
576.532741,-43.572075,165.422513,36.145818,-0.006790,2.948902
578.160061,-45.170642,165.734412,36.162483,-0.006890,2.938640
579.784540,-46.763201,166.062139,36.178154,-0.006989,2.928237
581.406050,-48.349427,166.405800,36.192821,-0.007086,2.917695
583.024462,-49.928985,166.765489,36.206479,-0.007183,2.907018
584.639640,-51.501535,167.141287,36.219120,-0.007278,2.896209
586.251445,-53.066727,167.533260,36.230741,-0.007372,2.885269
587.859735,-54.624208,167.941458,36.241337,-0.007464,2.874203
589.464362,-56.173615,168.365917,36.250907,-0.007555,2.863014
591.065177,-57.714583,168.806658,36.259450,-0.007644,2.851706
592.662026,-59.246742,169.263685,36.266966,-0.007732,2.840280
594.254753,-60.769719,169.736988,36.273460,-0.007818,2.828742
595.843200,-62.283138,170.226538,36.278935,-0.007902,2.817096
597.427207,-63.786620,170.732291,36.283397,-0.007984,2.805344
599.006612,-65.279787,171.254185,36.286855,-0.008064,2.793492
600.581251,-66.762261,171.792142,36.289319,-0.008142,2.781542
602.150959,-68.233664,172.346067,36.290801,-0.008217,2.769500
603.715571,-69.693620,172.915847,36.291317,-0.008291,2.757371
605.274923,-71.141757,173.501353,36.290881,-0.008361,2.745157
606.828850,-72.577707,174.102438,36.289515,-0.008429,2.732865
608.377187,-74.001105,174.718939,36.287238,-0.008494,2.720499
609.919772,-75.411595,175.350677,36.284073,-0.008556,2.708063
611.456444,-76.808827,175.997455,36.280046,-0.008616,2.695563
612.987044,-78.192458,176.659063,36.275184,-0.008672,2.683003
614.511416,-79.562156,177.335274,36.269515,-0.008726,2.670389
616.029408,-80.917596,178.025846,36.263072,-0.008776,2.657725
617.540871,-82.258469,178.730524,36.255885,-0.008823,2.645017
619.045661,-83.584474,179.449039,36.247991,-0.008867,2.632269
620.543639,-84.895324,180.181110,36.239418,-0.008908,2.619488
622.034673,-86.190746,180.926445,36.230204,-0.008946,2.606677
623.518634,-87.470484,181.684740,36.220392,-0.008981,2.593842
624.995403,-88.734293,182.455683,36.210020,-0.009012,2.580988
626.464868,-89.981949,183.238952,36.199129,-0.009041,2.568119
627.926925,-91.213240,184.034219,36.187757,-0.009067,2.555241
629.381479,-92.427977,184.841149,36.175943,-0.009089,2.542358
630.828444,-93.625984,185.659404,36.163727,-0.009109,2.529476
632.267745,-94.807106,186.488640,36.151149,-0.009127,2.516597
633.699318,-95.971208,187.328514,36.138245,-0.009141,2.503727
635.123108,-97.118172,188.178679,36.125053,-0.009153,2.490870
636.539076,-98.247902,189.038792,36.111612,-0.009162,2.478031
637.947194,-99.360318,189.908511,36.097959,-0.009169,2.465211
639.347445,-100.455363,190.787497,36.084131,-0.009174,2.452417
640.739830,-101.532998,191.675417,36.070161,-0.009177,2.439650
642.124361,-102.593206,192.571944,36.056084,-0.009177,2.426914
643.501068,-103.635986,193.476760,36.041933,-0.009175,2.414213
644.871004,-104.661360,194.389557,36.027742,-0.009171,2.401709
646.236486,-105.671005,195.311238,36.013520,-0.009165,2.389476
647.598881,-106.666981,196.243030,35.999272,-0.009156,2.377246
648.958367,-107.649324,197.184860,35.985029,-0.009145,2.365021
650.315119,-108.618067,198.136651,35.970820,-0.009132,2.352800
651.669308,-109.573240,199.098331,35.956675,-0.009117,2.340586
653.021106,-110.514872,200.069827,35.942625,-0.009099,2.328379
654.370685,-111.442993,201.051070,35.928699,-0.009078,2.316182
655.718215,-112.357627,202.041992,35.914928,-0.009055,2.303993
657.063865,-113.258802,203.042529,35.901343,-0.009029,2.291817
658.407804,-114.146543,204.052616,35.887974,-0.009001,2.279652
659.750202,-115.020872,205.072193,35.874851,-0.008969,2.267501
661.091228,-115.881813,206.101201,35.862004,-0.008935,2.255366
662.431050,-116.729389,207.139583,35.849465,-0.008899,2.243246
663.769837,-117.563621,208.187285,35.837260,-0.008859,2.231145
665.107759,-118.384532,209.244255,35.825419,-0.008817,2.219063
666.444985,-119.192142,210.310444,35.813970,-0.008773,2.207003
667.781696,-119.986471,211.385804,35.802941,-0.008726,2.194965
669.119455,-120.767552,212.470305,35.792358,-0.008677,2.183165
670.460829,-121.537231,213.566009,35.782226,-0.008626,2.171564
671.806998,-122.296808,214.674453,35.772562,-0.008572,2.159948
673.158123,-123.046170,215.795703,35.763398,-0.008515,2.148318
674.514354,-123.785191,216.929810,35.754764,-0.008456,2.136678
675.875823,-124.513735,218.076811,35.746695,-0.008394,2.125030
677.242647,-125.231658,219.236727,35.739220,-0.008330,2.113377
678.614932,-125.938812,220.409564,35.732372,-0.008263,2.101722
679.992769,-126.635038,221.595314,35.726182,-0.008193,2.090070
681.376238,-127.320178,222.793953,35.720679,-0.008121,2.078423
682.765405,-127.994066,224.005444,35.715894,-0.008047,2.066787
684.160325,-128.656538,225.229732,35.711855,-0.007970,2.055165
685.561045,-129.307429,226.466750,35.708590,-0.007891,2.043563
686.967599,-129.946573,227.716418,35.706125,-0.007810,2.031984
688.380011,-130.573808,228.978640,35.704485,-0.007726,2.020435
689.798298,-131.188974,230.253308,35.703695,-0.007641,2.008920
691.222468,-131.791917,231.540300,35.703776,-0.007553,1.997445
692.652521,-132.382487,232.839482,35.704750,-0.007463,1.986015
694.088447,-132.960543,234.150710,35.706636,-0.007371,1.974637
695.530234,-133.525948,235.473827,35.709452,-0.007277,1.963317
696.977860,-134.078577,236.808666,35.713213,-0.007181,1.952059
698.431299,-134.618313,238.155051,35.717935,-0.007084,1.940871
699.890518,-135.145049,239.512795,35.723630,-0.006984,1.929759
701.355481,-135.658689,240.881704,35.730308,-0.006882,1.918728
702.826147,-136.159150,242.261577,35.737980,-0.006778,1.907785
704.302470,-136.646360,243.652205,35.746654,-0.006673,1.896936
705.784402,-137.120260,245.053374,35.756335,-0.006565,1.886187
707.271892,-137.580804,246.464865,35.767028,-0.006455,1.875545
708.764884,-138.027959,247.886452,35.778738,-0.006343,1.865015
710.263322,-138.461709,249.317909,35.791464,-0.006229,1.854603
711.767148,-138.882047,250.759005,35.805209,-0.006113,1.844315
713.276300,-139.288986,252.209507,35.819971,-0.005995,1.834158
714.790717,-139.682549,253.669181,35.835748,-0.005875,1.824136
716.310337,-140.062776,255.137793,35.852536,-0.005752,1.814256
717.835095,-140.429721,256.615108,35.870331,-0.005627,1.804523
719.364928,-140.783454,258.100892,35.889127,-0.005500,1.794944
720.899772,-141.124058,259.594912,35.908918,-0.005371,1.785522
722.439561,-141.451633,261.096940,35.929694,-0.005239,1.776265
723.984232,-141.766291,262.606745,35.951447,-0.005106,1.767177
725.533721,-142.068162,264.124105,35.974166,-0.004970,1.758263
727.087965,-142.357387,265.648797,35.997839,-0.004832,1.749529
728.646902,-142.634124,267.180606,36.022455,-0.004691,1.740980
730.210469,-142.898545,268.719319,36.047999,-0.004549,1.732620
731.778607,-143.150835,270.264729,36.074456,-0.004405,1.724456
733.351257,-143.391195,271.816634,36.101811,-0.004259,1.716491
734.928360,-143.619837,273.374840,36.130047,-0.004110,1.708731
736.509860,-143.836989,274.939155,36.159145,-0.003960,1.701180
738.095702,-144.042891,276.509398,36.189087,-0.003808,1.693843
739.685833,-144.237796,278.085391,36.219853,-0.003654,1.686724
741.280200,-144.421971,279.666965,36.251422,-0.003499,1.679829
742.878754,-144.595693,281.253957,36.283771,-0.003341,1.673160
744.481446,-144.759255,282.846213,36.316879,-0.003182,1.666724
746.088229,-144.912958,284.443585,36.350720,-0.003022,1.660523
747.699060,-145.057118,286.045931,36.385271,-0.002860,1.654561
749.313894,-145.192059,287.653119,36.420506,-0.002696,1.648843
750.932691,-145.318120,289.265023,36.456398,-0.002530,1.643373
752.555412,-145.435646,290.881524,36.492919,-0.002363,1.638154
754.182018,-145.544998,292.502513,36.530042,-0.002195,1.633190
755.812475,-145.646543,294.127884,36.567738,-0.002025,1.628485
757.446749,-145.740660,295.757542,36.605975,-0.001854,1.624041
759.084806,-145.827737,297.391397,36.644725,-0.001681,1.619863
760.726618,-145.908172,299.029366,36.683954,-0.001507,1.615954
762.372156,-145.982372,300.671371,36.723629,-0.001332,1.612318
764.021391,-146.050754,302.317345,36.763719,-0.001155,1.608956
765.674300,-146.113744,303.967221,36.804187,-0.000976,1.605873
767.330858,-146.171775,305.620942,36.845000,-0.000797,1.603072
768.991042,-146.225292,307.278455,36.886119,-0.000616,1.600556
770.654833,-146.274744,308.939712,36.927508,-0.000434,1.598327
772.322209,-146.320592,310.604669,36.969129,-0.000251,1.596388
773.993154,-146.363305,312.273287,37.010942,-0.000067,1.594744
775.667649,-146.403358,313.945531,37.052906,0.000119,1.593395
777.345343,-146.441236,315.621369,37.094980,0.000305,1.592289
779.024579,-146.477323,317.300104,37.137104,0.000493,1.591206
780.703916,-146.511596,318.979104,37.179170,0.000681,1.590395
782.383230,-146.544507,320.658105,37.221127,0.000870,1.589892
784.062533,-146.576572,322.337105,37.262931,0.001059,1.589697
785.741835,-146.608310,324.016105,37.304536,0.001249,1.589810
787.421146,-146.640237,325.695105,37.345899,0.001438,1.590231
789.100475,-146.672872,327.374105,37.386971,0.001629,1.590961
790.779835,-146.706733,329.053105,37.427708,0.001819,1.592001
792.459237,-146.742341,330.732106,37.468061,0.002010,1.593349
794.138697,-146.780214,332.411106,37.507984,0.002200,1.595007
795.818231,-146.820871,334.090106,37.547426,0.002392,1.596974
797.497859,-146.864834,335.769106,37.586340,0.002583,1.599250
799.177604,-146.912620,337.448106,37.624675,0.002775,1.601835
800.857492,-146.964750,339.127107,37.662382,0.002967,1.604728
802.537555,-147.021743,340.806107,37.699409,0.003159,1.607930
804.217829,-147.084119,342.485107,37.735703,0.003351,1.611440
805.898353,-147.152397,344.164108,37.771212,0.003544,1.615258
807.579176,-147.227097,345.843108,37.805882,0.003737,1.619383
809.260350,-147.308739,347.522109,37.839657,0.003931,1.623816
810.941934,-147.397843,349.201109,37.872480,0.004125,1.628557
812.623995,-147.494931,350.880110,37.904294,0.004320,1.633605
814.306609,-147.600525,352.559110,37.935037,0.004516,1.638960
815.989856,-147.715149,354.238111,37.964645,0.004714,1.644623
817.673830,-147.839330,355.917111,37.993054,0.004913,1.650595
819.358630,-147.973596,357.596112,38.020194,0.005114,1.656875
821.044369,-148.118480,359.275113,38.045992,0.005317,1.663466
822.731166,-148.274519,360.954114,38.070369,0.005523,1.670368
824.419155,-148.442254,362.633114,38.093245,0.005731,1.677583
826.108481,-148.622233,364.312115,38.114526,0.005943,1.685112
827.800693,-148.815010,365.991116,38.134113,0.006156,1.693235
829.499827,-149.021951,367.672825,38.151949,0.006373,1.702358
831.208549,-149.245471,369.361974,38.163783,0.006594,1.713252
832.926717,-149.488753,371.058188,37.890116,0.006868,1.723459
834.653799,-149.750734,372.760915,37.462410,0.007169,1.733129
836.389373,-150.030564,374.469554,37.036035,0.007465,1.743439
838.133132,-150.329428,376.183437,36.610302,0.007762,1.754398
839.884747,-150.648523,377.901834,36.185393,0.008062,1.766018
841.643861,-150.989053,379.623945,35.761625,0.008368,1.778307
843.410095,-151.352227,381.348900,35.339337,0.008683,1.791274
845.183046,-151.739251,383.075758,34.919019,0.009008,1.804927
846.962285,-152.151327,384.803502,34.501291,0.009343,1.819275
848.747358,-152.589640,386.531036,34.086866,0.009690,1.834327
850.537788,-153.055364,388.257186,33.676530,0.010047,1.850091
852.333074,-153.549651,389.980694,33.271110,0.010415,1.866580
854.132691,-154.073628,391.700218,32.871462,0.010792,1.883801
855.936091,-154.628390,393.414330,32.478441,0.011177,1.901765
857.742702,-155.214991,395.121512,32.092897,0.011569,1.920481
859.551925,-155.834438,396.820158,31.715712,0.011965,1.939955
861.363140,-156.487677,398.508574,31.347728,0.012365,1.960193
863.175698,-157.175588,400.184972,30.989762,0.012765,1.981199
864.988923,-157.898961,401.847480,30.642648,0.013165,2.002971
866.802109,-158.658491,403.494138,30.307241,0.013561,2.025507
868.614518,-159.454759,405.122902,29.984391,0.013953,2.048800
870.425377,-160.288216,406.731655,29.674967,0.014337,2.072835
872.233875,-161.159158,408.318207,29.380043,0.014710,2.097597
874.039162,-162.067720,409.880310,29.100722,0.015071,2.123061
875.840339,-163.013847,411.415667,28.838299,0.015417,2.149197
877.636461,-163.997276,412.921947,28.594397,0.015744,2.175973
879.426532,-165.017527,414.396802,28.370622,0.016050,2.203351
881.209508,-166.073890,415.837884,28.168449,0.016332,2.231303
882.984311,-167.165435,417.242855,27.988172,0.016586,2.259834
884.749852,-168.291076,418.609388,27.826164,0.016814,2.288969
886.504929,-169.449591,419.935163,27.672724,0.017019,2.318427
888.248027,-170.639094,421.218089,27.528033,0.017198,2.347621
889.977838,-171.856537,422.456587,27.422049,0.017331,2.377746
891.693174,-173.100815,423.648357,27.324914,0.017437,2.407969
893.392461,-174.369233,424.791791,27.237084,0.017513,2.438044
895.074108,-175.658592,425.885648,27.168993,0.017552,2.468114
896.736721,-176.965871,426.928768,27.123270,0.017553,2.498496
898.378888,-178.288495,427.919900,27.082762,0.017526,2.528744
899.999027,-179.623128,428.858370,27.043517,0.017474,2.558704
901.595557,-180.966213,429.743873,27.005756,0.017398,2.588332
903.166957,-182.314191,430.576386,26.969699,0.017298,2.617583
904.711779,-183.663538,431.356171,26.935553,0.017175,2.646414
906.228669,-185.010801,432.083772,26.903505,0.017031,2.674779
907.716382,-186.352631,432.760007,26.873715,0.016868,2.702633
909.173794,-187.685826,433.385954,26.846309,0.016688,2.729936
910.599925,-189.007359,433.962939,26.821378,0.016494,2.756646
911.993945,-190.314416,434.492506,26.798970,0.016290,2.782728
913.355189,-191.604423,434.976397,26.779097,0.016078,2.808148
914.683169,-192.875069,435.416521,26.761729,0.015863,2.832879
915.977577,-194.124328,435.814922,26.746802,0.015647,2.856899
917.238428,-195.350471,436.173744,26.734221,0.015433,2.880171
918.469455,-196.552334,436.495296,26.723864,0.015225,2.901983
919.676259,-197.735459,436.784336,26.715544,0.015023,2.922757
920.861397,-198.902630,437.043912,26.709122,0.014829,2.942960
922.026010,-200.054124,437.275693,26.704485,0.014644,2.962608
923.171244,-201.190315,437.481254,26.701514,0.014468,2.981716
924.298251,-202.311661,437.662074,26.700091,0.014302,3.000303
925.408188,-203.418701,437.819536,26.700100,0.014146,3.018390
926.502216,-204.512042,437.954924,26.701429,0.014002,3.035996
927.581497,-205.592355,438.069428,26.703969,0.013868,3.053145
928.647196,-206.660362,438.164138,26.707616,0.013744,3.069861
929.700477,-207.716837,438.240050,26.712275,0.013630,3.086169
930.742508,-208.762593,438.298069,26.717854,0.013525,3.102095
931.774453,-209.798481,438.339005,26.724270,0.013430,3.117664
932.797479,-210.825381,438.363582,26.731447,0.013343,3.132903
933.812755,-211.844202,438.372436,26.739313,0.013265,3.147839
934.821450,-212.855875,438.366117,26.747805,0.013194,3.162497
935.824736,-213.861352,438.345095,26.756863,0.013131,3.176906
936.823790,-214.861603,438.309758,26.766435,0.013075,3.191090
937.819793,-215.857614,438.260418,26.776472,0.013026,3.205075
938.813934,-216.850384,438.197310,26.786930,0.012985,3.218889
939.807413,-217.840926,438.120591,26.797769,0.012950,3.232556
940.801441,-218.830268,438.030349,26.808953,0.012922,3.246100
941.797242,-219.819448,437.926595,26.820449,0.012901,3.259547
942.796058,-220.809516,437.809267,26.832223,0.012888,3.272922
943.799153,-221.801536,437.678231,26.844245,0.012882,3.286250
944.807812,-222.796586,437.533278,26.856485,0.012884,3.299554
945.823348,-223.795756,437.374121,26.868911,0.012895,3.312862
946.847101,-224.800148,437.200398,26.881491,0.012916,3.326197
947.880448,-225.810880,437.011664,26.894194,0.012946,3.339586
948.924800,-226.829083,436.807390,26.906983,0.012987,3.353056
949.981609,-227.855901,436.586961,26.919820,0.013039,3.366633
951.052368,-228.892492,436.349667,26.932663,0.013102,3.380346
952.138618,-229.940023,436.094702,26.945466,0.013178,3.394225
953.241950,-230.999673,435.821156,26.958178,0.013267,3.408299
954.364004,-232.072623,435.528009,26.970743,0.013368,3.422602
955.507204,-233.160060,435.214123,26.983098,0.013482,3.437068
956.678453,-234.264594,434.877919,26.995190,0.013609,3.450999
957.884472,-235.396113,434.516202,27.007031,0.013747,3.465217
959.127227,-236.556678,434.126929,27.018530,0.013898,3.479965
960.407742,-237.746551,433.708204,27.029569,0.014058,3.495279
961.726862,-238.965737,433.258066,27.040023,0.014226,3.511193
963.085235,-240.213954,432.774502,27.049758,0.014399,3.527742
964.483284,-241.490611,432.255465,27.058639,0.014574,3.544957
965.921193,-242.794778,431.698893,27.066529,0.014747,3.562869
967.398890,-244.125169,431.102739,27.073300,0.014915,3.581505
968.916030,-245.480126,430.464997,27.078836,0.015074,3.600887
970.471990,-246.857607,429.783735,27.083042,0.015221,3.621033
972.065866,-248.255190,429.057133,27.085846,0.015353,3.641952
973.696478,-249.670079,428.283516,27.087216,0.015466,3.663648
975.362379,-251.099122,427.461395,27.087160,0.015557,3.686116
977.061876,-252.538847,426.589505,27.085725,0.015625,3.709341
978.793053,-253.985497,425.666837,27.083011,0.015668,3.733298
980.553805,-255.435087,424.692672,27.079160,0.015684,3.757955
982.341868,-256.883455,423.666601,27.074368,0.015674,3.783270
984.154861,-258.326332,422.588549,27.068874,0.015635,3.809191
985.990322,-259.759406,421.458782,27.062956,0.015569,3.835658
987.845750,-261.178393,420.277910,27.056925,0.015475,3.862606
989.718641,-262.579102,419.046880,27.051117,0.015354,3.889961
991.606523,-263.957499,417.766966,27.045883,0.015207,3.917645
993.506985,-265.309762,416.439744,27.041580,0.015035,3.945577
995.417703,-266.632337,415.067070,27.038559,0.014838,3.973671
997.336464,-267.921972,413.651043,27.037157,0.014619,4.001839
999.261177,-269.175757,412.193977,27.037690,0.014379,4.029993
1001.189890,-270.391143,410.698359,27.040440,0.014120,4.058046
1003.120790,-271.565962,409.166813,27.045653,0.013843,4.085910
1005.052210,-272.698428,407.602063,27.053532,0.013551,4.113501
1006.982625,-273.787139,406.006897,27.064236,0.013245,4.140737
1008.910647,-274.831066,404.384130,27.077876,0.012928,4.167543
1010.835019,-275.829543,402.736578,27.094518,0.012602,4.193847
1012.754607,-276.782236,401.067022,27.114183,0.012267,4.219585
1014.668389,-277.689130,399.378190,27.136853,0.011926,4.244700
1016.575441,-278.550492,397.672732,27.162473,0.011580,4.269141
1018.474935,-279.366843,395.953207,27.190959,0.011230,4.292868
1020.366118,-280.138931,394.222062,27.222202,0.010878,4.315846
1022.248313,-280.867694,392.481628,27.256075,0.010523,4.338048
1024.120903,-281.554233,390.734110,27.292435,0.010168,4.359457
1025.983327,-282.199785,388.981585,27.331130,0.009811,4.380058
1027.835073,-282.805693,387.225996,27.372005,0.009455,4.399845
1029.675676,-283.373390,385.469155,27.414901,0.009100,4.418815
1031.504708,-283.904369,383.712741,27.459659,0.008746,4.436970
1033.321781,-284.400173,381.958308,27.506122,0.008394,4.454315
1035.126539,-284.862374,380.207282,27.554137,0.008045,4.470858
1036.918662,-285.292560,378.460970,27.603553,0.007699,4.486609
1038.697859,-285.692326,376.720564,27.654226,0.007358,4.501580
1040.463871,-286.063259,374.987142,27.706014,0.007022,4.515785
1042.216467,-286.406931,373.261677,27.758783,0.006693,4.529242
1043.955445,-286.724890,371.545041,27.812402,0.006370,4.541967
1045.680633,-287.018655,369.838011,27.866746,0.006056,4.553980
1047.391888,-287.289705,368.141271,27.921696,0.005751,4.565301
1049.091384,-287.539478,366.455419,27.977140,0.005455,4.576264
1050.784871,-287.769463,364.776358,28.033125,0.005168,4.587210
1052.476046,-287.980743,363.097363,28.089799,0.004888,4.597615
1054.165242,-288.174297,361.418368,28.147104,0.004614,4.607488
1055.852724,-288.351075,359.739373,28.204982,0.004345,4.616842
1057.538732,-288.511989,358.060377,28.263381,0.004079,4.625692
1059.223476,-288.657919,356.381381,28.322253,0.003817,4.634052
1060.907143,-288.789716,354.702384,28.381551,0.003557,4.641934
1062.589899,-288.908206,353.023387,28.441234,0.003300,4.649349
1064.271889,-289.014190,351.344390,28.501259,0.003047,4.656308
1065.953241,-289.108449,349.665393,28.561589,0.002796,4.662818
1067.634066,-289.191747,347.986395,28.622183,0.002549,4.668888
1069.314461,-289.264831,346.307397,28.683004,0.002307,4.674525
1070.994510,-289.328434,344.628398,28.744015,0.002070,4.679737
1072.674282,-289.383276,342.949400,28.805178,0.001840,4.684531
1074.353838,-289.430061,341.270401,28.866455,0.001618,4.688917
1076.033228,-289.469478,339.591402,28.927810,0.001408,4.692904
1077.712492,-289.502198,337.912403,28.989206,0.001210,4.696503
1079.391665,-289.528873,336.233404,29.050608,0.001028,4.699728
1081.070772,-289.550131,334.554404,29.111983,0.000864,4.702597
1082.749834,-289.566572,332.875405,29.173299,0.000720,4.705128
1084.428866,-289.578763,331.196405,29.234531,0.000599,4.707344
1086.107881,-289.587233,329.517405,29.295653,0.000500,4.709271
1087.786886,-289.592469,327.838405,29.356648,0.000423,4.710934
1089.465887,-289.594912,326.159405,29.417501,0.000365,4.712363
1091.144887,-289.594956,324.480405,29.478200,0.000327,4.713588
1092.823890,-289.592943,322.801405,29.538738,0.000306,4.714642
1094.502897,-289.589160,321.122405,29.599110,0.000299,4.715555
1096.181908,-289.583844,319.443405,29.659311,0.000304,4.716357
1097.860924,-289.577181,317.764405,29.719341,0.000318,4.717075
1099.539945,-289.569314,316.085405,29.779196,0.000339,4.717733
1101.218972,-289.560340,314.406405,29.838878,0.000364,4.718355
1102.898006,-289.550324,312.727404,29.898385,0.000392,4.718959
1104.577046,-289.539292,311.048404,29.957716,0.000423,4.719562
1106.256093,-289.527247,309.369404,30.016871,0.000455,4.720178
1107.935149,-289.514169,307.690403,30.075851,0.000488,4.720817
1109.614214,-289.500018,306.011403,30.134653,0.000522,4.721488
1111.293289,-289.484740,304.332403,30.193280,0.000557,4.722197
1112.972377,-289.468273,302.653402,30.251729,0.000592,4.722949
1114.651478,-289.450543,300.974402,30.310001,0.000628,4.723748
1116.330595,-289.431470,299.295401,30.368096,0.000664,4.724597
1118.009731,-289.410971,297.616401,30.426013,0.000700,4.725499
1119.688887,-289.388958,295.937400,30.483752,0.000737,4.726455
1121.368066,-289.365339,294.258399,30.541314,0.000774,4.727467
1123.047271,-289.340021,292.579399,30.598697,0.000811,4.728536
1124.726507,-289.312909,290.900398,30.655902,0.000848,4.729662
1126.405776,-289.283904,289.221397,30.712929,0.000885,4.730847
1128.085083,-289.252910,287.542396,30.769776,0.000923,4.732091
1129.764432,-289.219825,285.863396,30.826445,0.000960,4.733395
1131.443828,-289.184550,284.184395,30.882935,0.000998,4.734759
1133.123277,-289.146984,282.505394,30.939245,0.001035,4.736184
1134.802784,-289.107026,280.826393,30.995375,0.001072,4.737668
1136.482356,-289.064573,279.147392,31.051327,0.001110,4.739214
1138.161998,-289.019522,277.468390,31.107098,0.001147,4.740821
1139.841719,-288.971773,275.789389,31.162689,0.001184,4.742488
1141.521527,-288.921221,274.110388,31.218100,0.001221,4.744216
1143.201428,-288.867765,272.431386,31.273331,0.001258,4.746006
1144.881432,-288.811301,270.752385,31.328381,0.001295,4.747856
1146.561549,-288.751728,269.073383,31.383250,0.001332,4.749766
1148.241788,-288.688942,267.394382,31.437939,0.001368,4.751738
1149.922159,-288.622841,265.715380,31.492447,0.001405,4.753770
1151.602674,-288.553322,264.036378,31.546774,0.001441,4.755863
1153.283345,-288.480284,262.357376,31.600920,0.001478,4.758016
1154.964183,-288.403623,260.678374,31.654885,0.001514,4.760229
1156.645202,-288.323238,258.999372,31.708668,0.001551,4.762503
1158.326416,-288.239026,257.320370,31.762270,0.001587,4.764836
1160.007838,-288.150886,255.641368,31.815690,0.001623,4.767230
1161.689484,-288.058715,253.962365,31.868929,0.001659,4.769684
1163.371370,-287.962412,252.283363,31.921986,0.001695,4.772197
1165.053513,-287.861874,250.604360,31.974860,0.001731,4.774770
1166.735929,-287.757000,248.925357,32.027553,0.001766,4.777403
1168.418637,-287.647687,247.246354,32.080064,0.001802,4.780095
1170.101656,-287.533835,245.567351,32.132392,0.001838,4.782847
1171.785006,-287.415340,243.888348,32.184538,0.001874,4.785658
1173.468707,-287.292101,242.209345,32.236502,0.001909,4.788528
1175.152780,-287.164015,240.530342,32.288283,0.001945,4.791458
1176.837249,-287.030980,238.851338,32.339881,0.001980,4.794447
1178.522137,-286.892895,237.172335,32.391297,0.002015,4.797495
1180.207467,-286.749655,235.493331,32.442529,0.002051,4.800602
1181.893265,-286.601159,233.814327,32.493579,0.002086,4.803769
1183.579558,-286.447304,232.135323,32.544446,0.002121,4.806994
1185.266371,-286.287985,230.456319,32.595129,0.002157,4.810279
1186.953734,-286.123100,228.777315,32.645629,0.002192,4.813623
1188.641676,-285.952544,227.098310,32.695945,0.002227,4.817026
1190.330226,-285.776214,225.419305,32.746078,0.002262,4.820488
1192.019417,-285.594004,223.740301,32.796028,0.002297,4.824010
1193.709281,-285.405810,222.061296,32.845793,0.002332,4.827591
1195.399851,-285.211526,220.382291,32.895374,0.002367,4.831231
1197.091163,-285.011045,218.703285,32.944771,0.002403,4.834930
1198.783252,-284.804262,217.024280,32.993984,0.002438,4.838689
1200.476155,-284.591068,215.345274,33.043012,0.002473,4.842508
1202.169912,-284.371356,213.666269,33.091854,0.002509,4.846387
1203.864562,-284.145016,211.987263,33.140511,0.002545,4.850326
1205.560149,-283.911939,210.308257,33.188981,0.002581,4.854326
1207.257292,-283.672012,208.629246,33.237265,0.002617,4.858497
1208.957018,-283.424771,206.949119,33.285394,0.002654,4.862837
1210.659720,-283.169788,205.267106,33.333390,0.002690,4.867244
1212.365332,-282.906941,203.583324,33.381248,0.002727,4.871719
1214.073779,-282.636106,201.897897,33.428964,0.002765,4.876261
1215.784984,-282.357161,200.210958,33.476533,0.002802,4.880872
1217.498865,-282.069987,198.522643,33.523951,0.002839,4.885550
1219.215334,-281.774463,196.833097,33.571211,0.002876,4.890297
1220.934299,-281.470472,195.142469,33.618310,0.002914,4.895113
1222.655665,-281.157898,193.450916,33.665242,0.002951,4.899998
1224.379331,-280.836626,191.758600,33.712003,0.002988,4.904952
1226.105191,-280.506545,190.065689,33.758586,0.003025,4.909974
1227.833138,-280.167544,188.372358,33.804989,0.003061,4.915066
1229.563057,-279.819518,186.678786,33.851204,0.003098,4.920226
1231.294831,-279.462363,184.985159,33.897229,0.003134,4.925454
1233.028339,-279.095978,183.291667,33.943056,0.003171,4.930750
1234.763455,-278.720266,181.598508,33.988683,0.003207,4.936115
1236.500052,-278.335135,179.905881,34.034103,0.003242,4.941546
1238.237995,-277.940496,178.213993,34.079312,0.003278,4.947044
1239.977149,-277.536263,176.523057,34.124305,0.003313,4.952607
1241.717373,-277.122357,174.833287,34.169077,0.003348,4.958237
1243.458525,-276.698702,173.144903,34.213624,0.003382,4.963931
1245.200459,-276.265227,171.458131,34.257941,0.003417,4.969689
1246.943023,-275.821867,169.773200,34.302023,0.003451,4.975510
1248.686066,-275.368563,168.090341,34.345866,0.003484,4.981393
1250.429432,-274.905259,166.409790,34.389466,0.003517,4.987337
1252.172963,-274.431907,164.731789,34.432817,0.003550,4.993342
1253.916496,-273.948464,163.056579,34.475917,0.003583,4.999406
1255.659870,-273.454894,161.384406,34.518761,0.003615,5.005528
1257.402917,-272.951166,159.715519,34.561345,0.003646,5.011707
1259.145469,-272.437256,158.050168,34.603665,0.003677,5.017943
1260.887356,-271.913146,156.388606,34.645717,0.003708,5.024232
1262.628406,-271.378827,154.731087,34.687499,0.003738,5.030575
1264.368445,-270.834294,153.077869,34.729006,0.003768,5.036970
1266.107297,-270.279550,151.429208,34.770236,0.003797,5.043416
1267.844785,-269.714605,149.785363,34.811185,0.003826,5.049910
1269.580732,-269.139477,148.146592,34.851850,0.003854,5.056453
1271.314957,-268.554191,146.513154,34.892230,0.003881,5.063041
1273.047282,-267.958777,144.885309,34.932320,0.003908,5.069674
1274.777525,-267.353275,143.263314,34.972120,0.003935,5.076351
1276.505505,-266.737731,141.647427,35.011626,0.003961,5.083068
1278.231043,-266.112199,140.037904,35.050838,0.003986,5.089825
1279.953955,-265.476740,138.435001,35.089752,0.004011,5.096620
1281.674062,-264.831421,136.838970,35.128368,0.004035,5.103452
1283.391184,-264.176318,135.250062,35.166684,0.004058,5.110317
1285.105140,-263.511513,133.668524,35.204700,0.004081,5.117216
1286.815753,-262.837095,132.094601,35.242413,0.004103,5.124145
1288.522845,-262.153161,130.528535,35.279824,0.004124,5.131104
1290.226241,-261.459814,128.970564,35.316932,0.004145,5.138090
1291.925766,-260.757163,127.420920,35.353737,0.004166,5.145101
1293.621249,-260.045323,125.879833,35.390237,0.004185,5.152135
1295.312520,-259.324418,124.347527,35.426435,0.004204,5.159192
1296.999412,-258.594575,122.824220,35.462328,0.004222,5.166267
1298.681761,-257.855927,121.310125,35.497920,0.004240,5.173361
1300.359406,-257.108615,119.805449,35.533209,0.004257,5.180471
1302.032189,-256.352782,118.310394,35.568196,0.004273,5.187595
1303.699958,-255.588577,116.825153,35.602883,0.004289,5.194731
1305.362561,-254.816155,115.349914,35.637272,0.004304,5.201877
1307.019854,-254.035674,113.884856,35.671362,0.004318,5.209032
1308.671696,-253.247295,112.430151,35.705156,0.004332,5.216193
1310.317950,-252.451183,110.985965,35.738655,0.004345,5.223360
1311.958485,-251.647507,109.552453,35.771862,0.004357,5.230530
1313.593176,-250.836438,108.129763,35.804777,0.004369,5.237701
1315.221904,-250.018150,106.718036,35.837404,0.004380,5.244871
1316.844554,-249.192816,105.317400,35.869745,0.004391,5.252040
1318.461019,-248.360615,103.927979,35.901802,0.004401,5.259205
1320.071197,-247.521723,102.549884,35.933577,0.004410,5.266365
1321.674995,-246.676318,101.183219,35.965074,0.004419,5.273518
1323.272325,-245.824579,99.828076,35.996295,0.004427,5.280663
1324.863106,-244.966682,98.484540,36.027244,0.004435,5.287798
1326.447268,-244.102806,97.152685,36.057922,0.004442,5.294922
1328.024744,-243.233124,95.832576,36.088335,0.004449,5.302033
1329.595477,-242.357811,94.524266,36.118484,0.004455,5.309131
1331.159421,-241.477038,93.227800,36.148374,0.004460,5.316213
1332.716533,-240.590973,91.943212,36.178009,0.004465,5.323280
1334.266783,-239.699782,90.670528,36.207390,0.004469,5.330328
1335.810148,-238.803626,89.409762,36.236524,0.004473,5.337359
1337.346615,-237.902662,88.160918,36.265412,0.004477,5.344369
1338.876178,-236.997044,86.923991,36.294059,0.004480,5.351360
1340.398842,-236.086918,85.698966,36.322469,0.004483,5.358329
1341.914622,-235.172426,84.485818,36.350646,0.004486,5.365276
1343.423542,-234.253705,83.284513,36.378592,0.004488,5.372200
1344.925636,-233.330884,82.095008,36.406312,0.004490,5.379101
1346.420948,-232.404086,80.917248,36.433808,0.004492,5.385978
1347.909532,-231.473425,79.751171,36.461085,0.004494,5.392832
1349.391452,-230.539008,78.596707,36.488146,0.004496,5.399661
1350.866783,-229.600936,77.453775,36.514994,0.004498,5.406466
1352.335610,-228.659296,76.322287,36.541632,0.004501,5.413246
1353.798030,-227.714172,75.202145,36.568064,0.004503,5.420002
1355.254501,-226.765634,74.093244,36.594293,0.004505,5.426683
1356.706429,-225.813339,72.994892,36.620335,0.004508,5.433171
1358.154960,-224.856276,71.905404,36.646228,0.004510,5.439635
1359.600343,-223.894350,70.824554,36.671978,0.004512,5.446088
1361.042779,-222.927511,69.752196,36.697591,0.004514,5.452530
1362.482467,-221.955703,68.688191,36.723072,0.004516,5.458962
1363.919608,-220.978871,67.632402,36.748427,0.004516,5.465384
1365.354398,-219.996952,66.584695,36.773662,0.004516,5.471797
1366.787036,-219.009885,65.544939,36.798785,0.004516,5.478202
1368.217719,-218.017602,64.513006,36.823802,0.004514,5.484598
1369.646644,-217.020035,63.488770,36.848721,0.004511,5.490986
1371.074006,-216.017110,62.472111,36.873550,0.004507,5.497367
1372.500002,-215.008755,61.462906,36.898297,0.004501,5.503739
1373.924827,-213.994891,60.461041,36.922971,0.004494,5.510105
1375.348675,-212.975439,59.466398,36.947580,0.004486,5.516462
1376.771743,-211.950317,58.478867,36.972134,0.004476,5.522811
1378.194224,-210.919440,57.498335,36.996641,0.004465,5.529153
1379.616315,-209.882723,56.524694,37.021110,0.004454,5.535485
1381.038210,-208.840075,55.557837,37.045550,0.004441,5.541809
1382.460106,-207.791407,54.597660,37.069970,0.004427,5.548124
1383.882198,-206.736623,53.644057,37.094377,0.004412,5.554429
1385.304682,-205.675629,52.696928,37.118780,0.004396,5.560723
1386.727757,-204.608325,51.756170,37.143186,0.004381,5.567007
1388.151620,-203.534611,50.821687,37.167602,0.004364,5.573281
1389.576471,-202.454382,49.893378,37.192034,0.004348,5.579543
1391.002510,-201.367531,48.971150,37.216488,0.004332,5.585795
1392.429937,-200.273950,48.054906,37.240969,0.004316,5.592035
1393.858956,-199.173524,47.144554,37.265482,0.004300,5.598264
1395.289771,-198.066138,46.240004,37.290031,0.004285,5.604482
1396.722587,-196.951671,45.341165,37.314618,0.004270,5.610689
1398.158245,-195.830000,44.447951,37.339248,0.004256,5.616795
1399.598339,-194.700083,43.559389,37.363945,0.004243,5.622756
1401.043808,-193.560708,42.674331,37.388737,0.004230,5.628719
1402.494804,-192.411748,41.792762,37.413626,0.004218,5.634686
1403.951470,-191.253085,40.914682,37.438613,0.004206,5.640657
1405.413936,-190.084606,40.040098,37.463698,0.004195,5.646633
1406.882326,-188.906205,39.169027,37.488882,0.004184,5.652615
1408.356749,-187.717785,38.301493,37.514166,0.004174,5.658602
1409.837308,-186.519253,37.437531,37.539549,0.004164,5.664597
1411.324094,-185.310526,36.577182,37.565033,0.004154,5.670598
1412.817190,-184.091527,35.720498,37.590617,0.004144,5.676608
1414.316667,-182.862186,34.867536,37.616302,0.004134,5.682626
1415.822586,-181.622443,34.018363,37.642088,0.004124,5.688653
1417.335002,-180.372242,33.173053,37.667974,0.004114,5.694689
1418.853956,-179.111539,32.331685,37.693963,0.004104,5.700736
1420.379483,-177.840295,31.494348,37.720053,0.004093,5.706792
1421.911605,-176.558482,30.661136,37.746246,0.004082,5.712858
1423.450337,-175.266077,29.832148,37.772542,0.004071,5.718935
1424.995685,-173.963070,29.007492,37.798941,0.004060,5.725022
1426.547644,-172.649455,28.187278,37.825444,0.004048,5.731118
1428.106203,-171.325238,27.371623,37.852052,0.004036,5.737225
1429.671338,-169.990432,26.560648,37.878765,0.004024,5.743341
1431.243021,-168.645061,25.754478,37.905584,0.004011,5.749466
1432.821211,-167.289156,24.953241,37.932510,0.003998,5.755600
1434.405862,-165.922757,24.157071,37.959543,0.003985,5.761742
1435.996919,-164.545915,23.366102,37.986683,0.003971,5.767891
1437.594318,-163.158687,22.580472,38.013933,0.003956,5.774046
1439.197988,-161.761141,21.800321,38.041291,0.003941,5.780207
1440.807850,-160.353354,21.025790,38.068759,0.003926,5.786373
1442.423819,-158.935410,20.257022,38.096337,0.003910,5.792542
1444.045802,-157.507403,19.494161,38.124027,0.003894,5.798715
1445.673698,-156.069436,18.737349,38.151827,0.003877,5.804888
1447.307403,-154.621620,17.986731,38.179740,0.003860,5.811063
1448.946801,-153.164073,17.242451,38.207764,0.003842,5.817236
1450.591776,-151.696924,16.504650,38.235902,0.003824,5.823408
1452.242202,-150.220306,15.773471,38.264152,0.003806,5.829576
1453.897950,-148.734364,15.049053,38.292516,0.003786,5.835739
1455.558883,-147.239248,14.331533,38.320994,0.003767,5.841897
1457.224861,-145.735116,13.621048,38.349586,0.003746,5.848047
1458.895739,-144.222133,12.917729,38.378292,0.003726,5.854187
1460.571368,-142.700470,12.221707,38.407112,0.003704,5.860318
1462.251594,-141.170305,11.533108,38.436047,0.003683,5.866436
1463.936259,-139.631825,10.852055,38.465096,0.003660,5.872541
1465.625202,-138.085218,10.178665,38.494259,0.003637,5.878630
1467.318259,-136.530682,9.513055,38.523537,0.003614,5.884703
1469.015262,-134.968417,8.855332,38.552928,0.003590,5.890757
1470.716042,-133.398630,8.205603,38.582433,0.003566,5.896791
1472.420425,-131.821533,7.563968,38.612051,0.003541,5.902804
1474.128237,-130.237342,6.930520,38.641782,0.003516,5.908793
1475.839302,-128.646274,6.305350,38.671625,0.003490,5.914757
1477.553442,-127.048555,5.688540,38.701579,0.003463,5.920694
1479.270477,-125.444411,5.080170,38.731644,0.003437,5.926604
1480.990226,-123.834071,4.480309,38.761819,0.003409,5.932483
1482.712509,-122.217768,3.889026,38.792102,0.003382,5.938331
1484.437144,-120.595735,3.306378,38.822492,0.003354,5.944145
1486.163949,-118.968210,2.732420,38.852989,0.003325,5.949925
1487.892741,-117.335431,2.167198,38.883591,0.003296,5.955669
1489.623340,-115.697636,1.610753,38.914295,0.003267,5.961375
1491.355562,-114.055065,1.063120,38.945102,0.003237,5.967041
1493.089229,-112.407960,0.524327,38.976008,0.003207,5.972667
1494.824159,-110.756561,-0.005606,39.007013,0.003176,5.978250
1496.560175,-109.101109,-0.526662,39.038114,0.003146,5.983790
1498.297098,-107.441844,-1.038834,39.069309,0.003114,5.989285
1500.034753,-105.779006,-1.542117,39.100595,0.003083,5.994733
1501.772966,-104.112833,-2.036517,39.131971,0.003051,6.000134
1503.511563,-102.443562,-2.522042,39.163434,0.003019,6.005486
1505.250375,-100.771428,-2.998709,39.194982,0.002987,6.010788
1506.989234,-99.096666,-3.466539,39.226612,0.002954,6.016038
1508.727974,-97.419506,-3.925560,39.258320,0.002922,6.021236
1510.466432,-95.740177,-4.375805,39.290106,0.002889,6.026381
1512.204447,-94.058905,-4.817311,39.321964,0.002855,6.031471
1513.941861,-92.375913,-5.250124,39.353894,0.002822,6.036506
1515.678522,-90.691421,-5.674293,39.385890,0.002788,6.041484
1517.414275,-89.005646,-6.089872,39.417951,0.002755,6.046405
1519.148975,-87.318799,-6.496919,39.450073,0.002721,6.051268
1520.882476,-85.631090,-6.895499,39.482253,0.002687,6.056073
1522.614636,-83.942724,-7.285680,39.514488,0.002653,6.060818
1524.345319,-82.253900,-7.667535,39.546774,0.002619,6.065502
1526.074391,-80.564815,-8.041140,39.579108,0.002584,6.070126
1527.801722,-78.875659,-8.406576,39.611486,0.002550,6.074689
1529.527185,-77.186620,-8.763928,39.643905,0.002516,6.079190
1531.250660,-75.497879,-9.113284,39.676361,0.002481,6.083628
1532.972028,-73.809611,-9.454734,39.708852,0.002447,6.088004
1534.691176,-72.121989,-9.788373,39.741372,0.002413,6.092317
1536.407996,-70.435177,-10.114299,39.773919,0.002379,6.096567
1538.122383,-68.749336,-10.432611,39.806489,0.002345,6.100754
1539.834237,-67.064620,-10.743412,39.839078,0.002311,6.104876
1541.543463,-65.381178,-11.046807,39.871683,0.002277,6.108936
1543.249971,-63.699152,-11.342903,39.904299,0.002244,6.112931
1544.953837,-62.018679,-11.631807,39.936923,0.002210,6.116896
1546.655804,-60.339559,-11.913630,39.969557,0.002177,6.120962
1548.356578,-58.660569,-12.188416,40.002224,0.002145,6.124989
1550.056269,-56.981578,-12.456264,40.034924,0.002112,6.128958
1551.754919,-55.302587,-12.717284,40.067656,0.002080,6.132867
1553.452570,-53.623595,-12.971584,40.100419,0.002048,6.136719
1555.149265,-51.944604,-13.219274,40.133212,0.002016,6.140513
1556.845042,-50.265612,-13.460457,40.166034,0.001984,6.144250
1558.539940,-48.586620,-13.695241,40.198883,0.001953,6.147930
1560.233996,-46.907628,-13.923729,40.231759,0.001922,6.151554
1561.927246,-45.228635,-14.146023,40.264659,0.001891,6.155121
1563.619724,-43.549643,-14.362224,40.297583,0.001860,6.158633
1565.311464,-41.870650,-14.572435,40.330530,0.001829,6.162090
1567.002498,-40.191657,-14.776752,40.363498,0.001799,6.165493
1568.692857,-38.512664,-14.975275,40.396485,0.001769,6.168841
1570.382572,-36.833670,-15.168099,40.429491,0.001739,6.172135
1572.071671,-35.154676,-15.355322,40.462515,0.001709,6.175376
1573.760183,-33.475683,-15.537038,40.495555,0.001679,6.178564
1575.448134,-31.796689,-15.713339,40.528610,0.001650,6.181700
1577.135551,-30.117694,-15.884320,40.561678,0.001620,6.184784
1578.822459,-28.438700,-16.050071,40.594761,0.001591,6.187815
1580.508882,-26.759706,-16.210684,40.627855,0.001561,6.190796
1582.194843,-25.080711,-16.366249,40.660961,0.001532,6.193725
1583.880365,-23.401716,-16.516855,40.694079,0.001501,6.196603
1585.565470,-21.722721,-16.662592,40.727208,0.001471,6.199430
1587.250178,-20.043726,-16.803547,40.760348,0.001440,6.202205
1588.934511,-18.364730,-16.939810,40.793500,0.001408,6.204930
1590.618487,-16.685735,-17.071468,40.826663,0.001375,6.207604
1592.302126,-15.006739,-17.198612,40.859838,0.001341,6.210225
1593.985445,-13.327743,-17.321329,40.893026,0.001307,6.212795
1595.668463,-11.648747,-17.439711,40.926226,0.001272,6.215311
1597.351195,-9.969751,-17.553847,40.959438,0.001236,6.217774
1599.033660,-8.290755,-17.663829,40.992662,0.001200,6.220183
1600.715871,-6.611759,-17.769749,41.025898,0.001165,6.222538
1602.397845,-4.932762,-17.871700,41.059142,0.001130,6.224838
1604.079596,-3.253765,-17.969775,41.092392,0.001098,6.227084
1605.708924,-1.574769,-18.064069,41.125645,0.001067,6.229813
1607.233624,-0.000000,-18.148197,41.156830,0.001042,6.232543
