0.000000,0.000000,0.000000,20.000000,0.000000,-20.000000
1.679000,0.000000,1.679000,20.000000,1.679000,-20.000000
3.358000,0.000000,3.358000,20.000000,3.358000,-20.000000
5.037000,0.000000,5.037000,20.000000,5.037000,-20.000000
6.716000,0.000000,6.716000,20.000000,6.716000,-20.000000
8.395000,0.000000,8.395000,20.000000,8.395000,-20.000000
10.074000,0.000000,10.074000,20.000000,10.074000,-20.000000
11.753000,0.000000,11.753000,20.000000,11.753000,-20.000000
13.432000,0.000000,13.432000,20.000000,13.432000,-20.000000
15.111000,0.000000,15.111000,20.000000,15.111000,-20.000000
16.790000,0.000000,16.790000,20.000000,16.790000,-20.000000
18.469000,0.000000,18.469000,20.000000,18.469000,-20.000000
20.148000,0.000000,20.148000,20.000000,20.148000,-20.000000
21.827000,0.000000,21.827000,20.000000,21.827000,-20.000000
23.506000,0.000000,23.506000,20.000000,23.506000,-20.000000
25.185000,0.000000,25.185000,20.000000,25.185000,-20.000000
26.864000,0.000000,26.864000,20.000000,26.864000,-20.000000
28.543000,0.000000,28.543000,20.000000,28.543000,-20.000000
30.222000,0.000000,30.222000,20.000000,30.222000,-20.000000
31.901000,0.000000,31.901000,20.000000,31.901000,-20.000000
33.580000,0.000000,33.580000,20.000000,33.580000,-20.000000
35.259000,0.000000,35.259000,20.000000,35.259000,-20.000000
36.938000,0.000000,36.938000,20.000000,36.938000,-20.000000
38.617000,0.000000,38.617000,20.000000,38.617000,-20.000000
40.296000,0.000000,40.296000,20.000000,40.296000,-20.000000
41.975000,0.000000,41.975000,20.000000,41.975000,-20.000000
43.654000,0.000000,43.654000,20.000000,43.654000,-20.000000
45.333000,0.000000,45.333000,20.000000,45.333000,-20.000000
47.012000,0.000000,47.012000,20.000000,47.012000,-20.000000
48.691000,0.000000,48.691000,20.000000,48.691000,-20.000000
50.370000,0.000000,50.370000,20.000000,50.370000,-20.000000
52.049000,0.000000,52.049000,20.000000,52.049000,-20.000000
53.728000,0.000000,53.728000,20.000000,53.728000,-20.000000
55.407000,0.000000,55.407000,20.000000,55.407000,-20.000000
57.086000,0.000000,57.086000,20.000000,57.086000,-20.000000
58.765000,0.000000,58.765000,20.000000,58.765000,-20.000000
60.444000,0.000000,60.444000,20.000000,60.444000,-20.000000
62.123000,0.000000,62.123000,20.000000,62.123000,-20.000000
63.802000,0.000000,63.802000,20.000000,63.802000,-20.000000
65.481000,0.000000,65.481000,20.000000,65.481000,-20.000000
67.160000,0.000000,67.160000,20.000000,67.160000,-20.000000
68.839000,0.000000,68.839000,20.000000,68.839000,-20.000000
70.518000,0.000000,70.518000,20.000000,70.518000,-20.000000
72.197000,0.000000,72.197000,20.000000,72.197000,-20.000000
73.876000,0.000000,73.876000,20.000000,73.876000,-20.000000
75.555000,0.000000,75.555000,20.000000,75.555000,-20.000000
77.234000,0.000000,77.234000,20.000000,77.234000,-20.000000
78.913000,0.000000,78.913000,20.000000,78.913000,-20.000000
80.592000,0.000000,80.592000,20.000000,80.592000,-20.000000
82.271000,0.000000,82.271000,20.000000,82.271000,-20.000000
83.950000,0.000000,83.950000,20.000000,83.950000,-20.000000
85.629000,0.000000,85.629000,20.000000,85.629000,-20.000000
87.308000,0.000000,87.308000,20.000000,87.308000,-20.000000
88.987000,0.000000,88.987000,20.000000,88.987000,-20.000000
90.666000,0.000000,90.666000,20.000000,90.666000,-20.000000
92.345000,0.000000,92.345000,20.000000,92.345000,-20.000000
94.024000,0.000000,94.024000,20.000000,94.024000,-20.000000
95.703000,0.000000,95.703000,20.000000,95.703000,-20.000000
97.382000,0.000000,97.382000,20.000000,97.382000,-20.000000
99.061000,0.000000,99.061000,20.000000,99.061000,-20.000000
100.740000,0.000007,100.739429,20.000007,100.740571,-19.999993
102.419000,0.000246,102.412880,20.000246,102.425120,-19.999753
104.098000,0.001199,104.080426,20.001192,104.115573,-19.998793
105.776998,0.003362,105.742068,20.003331,105.811929,-19.996608
107.455994,0.007228,107.397801,20.007144,107.514186,-19.992687
109.134983,0.013296,109.047625,20.013105,109.222340,-19.986513
110.813959,0.022059,110.691532,20.021685,110.936387,-19.977566
112.492917,0.034015,112.329516,20.033347,112.656317,-19.965318
114.171843,0.049657,113.961567,20.048552,114.382120,-19.949237
115.850726,0.069483,115.587670,20.067753,116.113781,-19.928787
117.529546,0.093987,117.207811,20.091399,117.851282,-19.903425
119.208283,0.123664,118.821967,20.119933,119.594600,-19.872604
120.886910,0.159011,120.430115,20.153794,121.343706,-19.835772
122.565396,0.200522,122.032224,20.193414,123.098568,-19.792370
124.243704,0.248691,123.628263,20.239220,124.859145,-19.741837
125.921791,0.304015,125.218190,20.291635,126.625391,-19.683605
127.599608,0.366986,126.801962,20.351074,128.397254,-19.617102
129.277100,0.438099,128.379527,20.417948,130.174672,-19.541750
130.954203,0.517848,129.950830,20.492663,131.957575,-19.456967
132.630846,0.606724,131.515807,20.575617,133.745886,-19.362169
134.306952,0.705221,133.074387,20.667205,135.539518,-19.256762
135.982433,0.813830,134.626495,20.767812,137.338372,-19.140153
137.657193,0.933040,136.172045,20.877822,139.142341,-19.011742
139.331126,1.063342,137.710946,20.997610,140.951306,-18.870925
141.004117,1.205224,139.243098,21.127544,142.765136,-18.717095
142.676040,1.359172,140.768393,21.267986,144.583688,-18.549642
144.346760,1.525672,142.286715,21.419295,146.406806,-18.367950
146.016129,1.705207,143.797939,21.581817,148.234320,-18.171403
147.683989,1.898258,145.301931,21.755897,150.066047,-17.959380
149.350169,2.105306,146.798550,21.941869,151.901788,-17.731258
151.014486,2.326825,148.287644,22.140061,153.741329,-17.486411
152.676745,2.563291,149.769050,22.350795,155.584441,-17.224213
154.336738,2.815174,151.242599,22.574383,157.430876,-16.944034
155.994242,3.082943,152.708111,22.811129,159.280372,-16.645244
157.649021,3.367060,154.165395,23.061332,161.132647,-16.327212
159.300826,3.667986,155.614251,23.325279,162.987401,-15.989307
160.949392,3.986177,157.054469,23.603250,164.844315,-15.630897
162.594439,4.322083,158.485828,23.895516,166.703050,-15.251351
164.235673,4.676149,159.908098,24.202339,168.563248,-14.850041
165.872783,5.048817,161.321037,24.523971,170.424528,-14.426337
167.505442,5.440520,162.724394,24.860653,172.286490,-13.979614
169.133309,5.851685,164.117908,25.212618,174.148710,-13.509249
170.756024,6.282733,165.501304,25.580088,176.010743,-13.014623
172.373210,6.734076,166.874302,25.963273,177.872118,-12.495120
173.984475,7.206121,168.236606,26.362373,179.732345,-11.950132
175.589409,7.699262,169.587913,26.777575,181.590904,-11.379052
177.187582,8.213886,170.927909,27.209056,183.447256,-10.781284
178.778551,8.750372,172.256269,27.656980,185.300832,-10.156237
180.361849,9.309085,173.572658,28.121498,187.151040,-9.503329
181.936996,9.890380,174.876730,28.602746,188.997261,-8.821986
183.503491,10.494602,176.168132,29.100851,190.838850,-8.111647
185.060814,11.122081,177.446496,29.615922,192.675133,-7.371760
186.608430,11.773136,178.711450,30.148056,194.505411,-6.601785
188.145781,12.448069,179.962607,30.697334,196.328955,-5.801196
189.672293,13.147170,181.199576,31.263821,198.145010,-4.969482
191.187373,13.870712,182.421954,31.847570,199.952792,-4.106146
192.690408,14.618952,183.629328,32.448613,201.751488,-3.210710
194.180767,15.392129,184.821280,33.066970,203.540255,-2.282712
195.657802,16.190465,185.997381,33.702640,205.318223,-1.321710
197.120844,17.014163,187.157196,34.355608,207.084492,-0.327282
198.569208,17.863404,188.300282,35.025839,208.838133,0.700969
200.002188,18.738350,189.426189,35.713280,210.578188,1.763421
201.419064,19.639142,190.534460,36.417860,212.303669,2.860424
202.819096,20.565895,191.624632,37.139488,214.013559,3.992302
204.201526,21.518704,192.696238,37.878054,215.706814,5.159353
205.565581,22.497636,193.748804,38.633428,217.382358,6.361844
206.910471,23.502735,194.781852,39.405458,219.039089,7.600011
208.235389,24.534016,195.794901,40.193973,220.675877,8.874059
209.539513,25.591469,196.787465,40.998781,222.291562,10.184157
210.822008,26.675051,197.759057,41.819665,223.884959,11.530438
212.082021,27.784694,198.709188,42.656389,225.454855,12.912998
213.318689,28.920295,199.637366,43.508695,227.000012,14.331896
214.531134,30.081723,200.543101,44.376300,228.519166,15.787145
215.718465,31.268810,201.425901,45.258899,230.011030,17.278721
216.879783,32.481357,202.285276,46.156164,231.474290,18.806550
218.014176,33.719128,203.120738,47.067742,232.907614,20.370514
219.120724,34.981854,203.931802,47.993258,234.309646,21.970449
220.198497,36.269225,204.717986,48.932311,235.679009,23.606138
221.246561,37.580895,205.478813,49.884477,237.014308,25.277313
222.263972,38.916480,206.213811,50.849307,238.314133,26.983654
223.249785,40.275555,206.922517,51.826326,239.577053,28.724783
224.203049,41.657653,207.604471,52.815037,240.801626,30.500268
225.122812,43.062266,208.259226,53.814916,241.986398,32.309616
226.008122,44.488845,208.886343,54.825415,243.129901,34.152275
226.858026,45.936795,209.485391,55.845960,244.230661,36.027630
227.671576,47.405478,210.055956,56.875954,245.287197,37.935001
228.447827,48.894210,210.597634,57.914775,246.298021,39.873646
229.185840,50.402263,211.110034,58.961774,247.261647,41.842753
229.884684,51.928861,211.592782,60.016280,248.176585,43.841442
230.543436,53.473181,212.045533,61.077626,249.041339,45.868736
231.161291,55.034313,212.469287,62.148312,249.853295,47.920313
231.737763,56.611195,212.864659,63.229801,250.610867,49.992589
232.272451,58.202731,213.231374,64.321340,251.313529,52.084122
232.764984,59.807813,213.569177,65.422169,251.960791,54.193457
233.215018,61.425326,213.877832,66.531524,252.552203,56.319127
233.622240,63.054143,214.157126,67.648633,253.087355,58.459654
233.986369,64.693133,214.406864,68.772718,253.565873,60.613549
234.307149,66.341156,214.626873,69.902998,253.987425,62.779314
234.584359,67.997064,214.816998,71.038687,254.351719,64.955442
234.817804,69.659707,214.977109,72.178994,254.658500,67.140420
235.007324,71.327927,215.107093,73.323127,254.907555,69.332728
235.152786,73.000566,215.206861,74.470290,255.098710,71.530841
235.254088,74.676458,215.276343,75.619685,255.231834,73.733231
235.311162,76.354439,215.315490,76.770513,255.306833,75.938365
235.323966,78.033342,215.324276,77.921973,255.323655,78.144710
235.292491,79.711998,215.302693,79.073264,255.282289,80.350732
235.216761,81.389240,215.250759,80.223585,255.182763,82.554896
235.096827,83.063903,215.168507,81.372137,255.025147,84.755668
234.932773,84.734820,215.055996,82.518120,254.809549,86.951519
234.724712,86.400829,214.913304,83.660738,254.536121,89.140921
234.472791,88.060773,214.740530,84.799196,254.205051,91.322350
234.177183,89.713496,214.537794,85.932701,253.816572,93.494291
233.838095,91.357849,214.305238,87.060466,253.370952,95.655232
233.455762,92.992688,214.043022,88.181707,252.868501,97.803670
233.030450,94.616877,213.751330,89.295642,252.309570,99.938111
232.562456,96.229284,213.430364,90.401498,251.694547,102.057070
232.052104,97.828790,213.080348,91.498506,251.023859,104.159074
231.499749,99.414281,212.701525,92.585901,250.297973,106.242661
230.905776,100.984655,212.294158,93.662929,249.517394,108.306381
230.270601,102.538820,211.858414,94.729123,248.682788,110.348518
229.594831,104.075771,211.392983,95.787664,247.796680,112.363877
228.879358,105.594646,210.897690,96.839098,246.861026,114.350194
228.125108,107.094644,210.372902,97.882739,245.877314,116.306549
227.333015,108.575009,209.819000,98.917925,244.847030,118.232092
226.504021,110.035030,209.236377,99.944020,243.771664,120.126041
225.639072,111.474045,208.625445,100.960410,242.652699,121.987679
224.739119,112.891432,207.986625,101.966510,241.491614,123.816354
223.805115,114.286617,207.320349,102.961756,240.289881,125.611479
222.838012,115.659068,206.627062,103.945610,239.048962,127.372526
221.838762,117.008293,205.907216,104.917559,237.770307,129.099027
220.808312,118.333845,205.161272,105.877116,236.455353,130.790575
219.747609,119.635316,204.389696,106.823817,235.105521,132.446816
218.657591,120.912337,203.592965,107.757223,233.722218,134.067452
217.539192,122.164578,202.771556,108.676920,232.306828,135.652236
216.393337,123.391747,201.925953,109.582518,230.860721,137.200976
215.220942,124.593588,201.056642,110.473652,229.385243,138.713524
214.022915,125.769881,200.164113,111.349978,227.881718,140.189783
212.800152,126.920440,199.248855,112.211179,226.351449,141.629701
211.553538,128.045114,198.311361,113.056960,224.795714,143.033268
210.283944,129.143782,197.352122,113.887047,223.215765,144.400518
208.992229,130.216358,196.371627,114.701191,221.612831,145.731525
207.679239,131.262783,195.370366,115.499165,219.988112,147.026401
206.345804,132.283029,194.348825,116.280763,218.342783,148.285294
204.992739,133.277096,193.307489,117.045802,216.677990,149.508390
203.620845,134.245012,192.246836,117.794117,214.994854,150.695906
202.230903,135.186830,191.167343,118.525568,213.294463,151.848091
200.823682,136.102629,190.069482,119.240032,211.577882,152.965226
199.399930,136.992514,188.953718,119.937407,209.846142,154.047620
197.960380,137.856610,187.820511,120.617612,208.100249,155.095608
196.505747,138.695066,186.670316,121.280581,206.341178,156.109552
195.036726,139.508054,185.503578,121.926271,204.569873,157.089837
193.553996,140.295764,184.320739,122.554654,202.787253,158.036873
192.058218,141.058406,183.122231,123.165722,200.994205,158.951090
190.550033,141.796210,181.908478,123.759483,199.191588,159.832938
189.030063,142.509423,180.679897,124.335961,197.380230,160.682885
187.498914,143.198308,179.436895,124.895198,195.560933,161.501419
185.957169,143.863146,178.179870,125.437251,193.734469,162.289041
184.405398,144.504232,176.909213,125.962193,191.901582,163.046271
182.844146,145.121875,175.625304,126.470111,190.062989,163.773640
181.273945,145.716399,174.328514,126.961107,188.219377,164.471691
179.695305,146.288141,173.019202,127.435299,186.371408,165.140983
178.108719,146.837449,171.697722,127.892816,184.519716,165.782081
176.514661,147.364682,170.364412,128.333801,182.664909,166.395564
174.913587,147.870214,169.019605,128.758412,180.807570,166.982015
173.305936,148.354423,167.663620,129.166817,178.948253,167.542030
171.692129,148.817703,166.296767,129.559197,177.087491,168.076209
170.072568,149.260452,164.919346,129.935745,175.225790,168.585159
168.447640,149.683078,163.531646,130.296665,173.363633,169.069491
166.817712,150.085999,162.133945,130.642174,171.501479,169.529824
165.183139,150.469637,160.726513,130.972496,169.639765,169.966777
163.544254,150.834422,159.309605,131.287869,167.778904,170.380975
161.901379,151.180792,157.883470,131.588538,165.919288,170.773046
160.254816,151.509188,156.448344,131.874760,164.061288,171.143616
158.604854,151.820059,155.004453,132.146800,162.205255,171.493318
156.951766,152.113857,153.552014,132.404933,160.351518,171.822781
155.295811,152.391040,152.091232,132.649443,158.500389,172.132638
153.637232,152.652070,150.622304,132.880621,156.652160,172.423520
151.976260,152.897412,149.145416,133.098768,154.807105,172.696056
150.313111,153.127535,147.660743,133.304192,152.965479,172.950878
148.647988,153.342911,146.168452,133.497209,151.127523,173.188614
146.981080,153.544016,144.668701,133.678143,149.293459,173.409889
145.312566,153.731328,143.161637,133.847326,147.463494,173.615329
143.642610,153.905326,141.647399,134.005096,145.637821,173.805555
141.971367,154.066492,140.126117,134.151798,143.816618,173.981187
140.298979,154.215312,138.597911,134.287784,142.000047,174.142840
138.625578,154.352271,137.062895,134.413414,140.188261,174.291128
136.951284,154.477856,135.521173,134.529052,138.381396,174.426660
135.276210,154.592556,133.972841,134.635071,136.579578,174.550042
133.600455,154.696861,132.417989,134.731848,134.782922,174.661875
131.924114,154.791262,130.856696,134.819767,132.991531,174.762757
130.247268,154.876250,129.289038,134.899219,131.205498,174.853282
128.569994,154.952318,127.715081,134.970599,129.424907,174.934038
126.892359,155.019960,126.134886,135.034309,127.649832,175.005610
125.214422,155.079668,124.548506,135.090757,125.880338,175.068578
123.536237,155.131936,122.955990,135.140355,124.116484,175.123517
121.857850,155.177260,121.357381,135.183523,122.358319,175.170997
120.179301,155.216134,119.752714,135.220684,120.605888,175.211584
118.500625,155.249052,118.142023,135.252268,118.859226,175.245837
116.821850,155.276511,116.525334,135.278709,117.118366,175.274313
115.143001,155.299005,114.902670,135.300450,115.383332,175.297561
113.464098,155.317031,113.274051,135.317934,113.654146,175.316128
111.785158,155.331082,111.639490,135.331613,111.930825,175.330552
110.106191,155.341655,109.999000,135.341943,110.213382,175.341368
108.427208,155.349246,108.352590,135.349386,108.501827,175.349107
106.748216,155.354351,106.700267,135.354408,106.796166,175.354293
105.069219,155.357464,105.042035,135.357482,105.096404,175.357445
103.390220,155.359081,103.377896,135.359085,103.402544,175.359077
101.711220,155.359699,101.707853,135.359699,101.714588,175.359698
100.032220,155.359812,100.031905,135.359812,100.032535,175.359812
98.353220,155.359838,98.352906,135.359838,98.353534,175.359838
96.674220,155.359865,96.673906,135.359865,96.674534,175.359865
94.995220,155.359891,94.994906,135.359891,94.995534,175.359891
93.316220,155.359917,93.315906,135.359917,93.316534,175.359917
91.637220,155.359944,91.636906,135.359944,91.637534,175.359944
89.958220,155.359970,89.957906,135.359970,89.958534,175.359970
88.279220,155.359996,88.278906,135.359996,88.279534,175.359996
86.600220,155.360023,86.599906,135.360023,86.600534,175.360023
84.921220,155.360049,84.920906,135.360049,84.921534,175.360049
83.242220,155.360076,83.241906,135.360076,83.242534,175.360076
81.563220,155.360102,81.562906,135.360102,81.563534,175.360102
79.884220,155.360128,79.883906,135.360128,79.884534,175.360128
78.205220,155.360155,78.204906,135.360155,78.205534,175.360155
76.526220,155.360181,76.525906,135.360181,76.526534,175.360181
74.847220,155.360207,74.846906,135.360207,74.847534,175.360207
73.168220,155.360234,73.167906,135.360234,73.168534,175.360234
71.489220,155.360260,71.488906,135.360260,71.489534,175.360260
69.810220,155.360287,69.809906,135.360287,69.810534,175.360287
68.131220,155.360313,68.130906,135.360313,68.131534,175.360313
66.452220,155.360339,66.451906,135.360339,66.452534,175.360339
64.773220,155.360366,64.772906,135.360366,64.773534,175.360366
63.094220,155.360392,63.093906,135.360392,63.094534,175.360392
61.415220,155.360418,61.414906,135.360418,61.415534,175.360418
59.736220,155.360445,59.735906,135.360445,59.736534,175.360445
58.057220,155.360471,58.056906,135.360471,58.057534,175.360471
56.378220,155.360498,56.377906,135.360498,56.378534,175.360498
54.699220,155.360524,54.698906,135.360524,54.699534,175.360524
53.020220,155.360550,53.019906,135.360550,53.020534,175.360550
51.341220,155.360577,51.340906,135.360577,51.341534,175.360577
49.662220,155.360603,49.661906,135.360603,49.662534,175.360603
47.983220,155.360629,47.982906,135.360629,47.983534,175.360629
46.304220,155.360656,46.303906,135.360656,46.304534,175.360656
44.625220,155.360682,44.624906,135.360682,44.625534,175.360682
42.946220,155.360709,42.945906,135.360709,42.946534,175.360709
41.267220,155.360735,41.266906,135.360735,41.267534,175.360735
39.588220,155.360761,39.587906,135.360761,39.588534,175.360761
37.909220,155.360788,37.908906,135.360788,37.909534,175.360788
36.230220,155.360814,36.229906,135.360814,36.230534,175.360814
34.551220,155.360840,34.550906,135.360840,34.551534,175.360840
32.872220,155.360867,32.871906,135.360867,32.872534,175.360867
31.193220,155.360893,31.192906,135.360893,31.193534,175.360893
29.514220,155.360920,29.513906,135.360920,29.514534,175.360920
27.835220,155.360946,27.834906,135.360946,27.835534,175.360946
26.156220,155.360972,26.155906,135.360972,26.156534,175.360972
24.477220,155.360999,24.476906,135.360999,24.477534,175.360999
22.798220,155.361025,22.797906,135.361025,22.798534,175.361025
21.119220,155.361051,21.118906,135.361051,21.119534,175.361051
19.440220,155.361078,19.439906,135.361078,19.440534,175.361078
17.761220,155.361104,17.760906,135.361104,17.761534,175.361104
16.082220,155.361131,16.081906,135.361131,16.082534,175.361131
14.403220,155.361157,14.402906,135.361157,14.403534,175.361157
12.724220,155.361183,12.723906,135.361183,12.724534,175.361183
11.045220,155.361210,11.044906,135.361210,11.045534,175.361210
9.366220,155.361236,9.365906,135.361236,9.366534,175.361236
7.687220,155.361262,7.686906,135.361262,7.687534,175.361262
6.008220,155.361289,6.007906,135.361289,6.008534,175.361289
4.329220,155.361315,4.328906,135.361315,4.329534,175.361315
2.650220,155.361342,2.649906,135.361342,2.650534,175.361342
0.971220,155.361368,0.970906,135.361368,0.971534,175.361368
-0.707780,155.361399,-0.708534,135.361400,-0.707025,175.361399
-2.386780,155.361619,-2.392077,135.361620,-2.381483,175.361618
-4.065780,155.362426,-4.080539,135.362432,-4.051020,175.362421
-5.744779,155.364234,-5.773920,135.364255,-5.715637,175.364213
-7.423775,155.367456,-7.472219,135.367515,-7.375331,175.367397
-9.102768,155.372504,-9.175434,135.372636,-9.030101,175.372372
-10.781752,155.379793,-10.883561,135.380052,-10.679942,175.379534
-12.460722,155.389734,-12.596594,135.390196,-12.324850,175.389273
-14.139671,155.402742,-14.314525,135.403506,-13.964818,175.401977
-15.818590,155.419228,-16.037345,135.420424,-15.599835,175.418032
-17.497466,155.439606,-17.765041,135.441396,-17.229891,175.437816
-19.176284,155.464289,-19.497597,135.466870,-18.854971,175.461708
-20.855026,155.493689,-21.234994,135.497299,-20.475058,175.490079
-22.533670,155.528220,-22.977208,135.533139,-22.090132,175.523301
-24.212191,155.568293,-24.724214,135.574849,-23.700168,175.561738
-25.890559,155.614322,-26.475978,135.622892,-25.305140,175.605753
-27.568740,155.666719,-28.232466,135.677735,-26.905015,175.655703
-29.246696,155.725895,-29.993634,135.739848,-28.499758,175.711942
-30.924382,155.792263,-31.759436,135.809703,-30.089328,175.774822
-32.601751,155.866233,-33.529819,135.887778,-31.673682,175.844689
-34.278746,155.948218,-35.304722,135.974551,-33.252770,175.921885
-35.955308,156.038626,-37.084080,136.070505,-34.826537,176.006748
-37.631371,156.137870,-38.867819,136.176126,-36.394922,176.099613
-39.306860,156.246357,-40.655858,136.291904,-37.957862,176.200810
-40.981696,156.364497,-42.448108,136.418328,-39.515285,176.310665
-42.655792,156.492697,-44.244471,136.555895,-41.067113,176.429500
-44.329053,156.631365,-46.044842,136.705100,-42.613264,176.557631
-46.001377,156.780907,-47.849105,136.866442,-44.153649,176.695372
-47.672654,156.941727,-49.657136,137.040425,-45.688172,176.843029
-49.342765,157.114229,-51.468800,137.227550,-47.216731,177.000907
-51.011584,157.298815,-53.283953,137.428325,-48.739216,177.169304
-52.678975,157.495885,-55.102437,137.643257,-50.255512,177.348513
-54.344792,157.705839,-56.924087,137.872856,-51.765496,177.538822
-56.008881,157.929073,-58.748724,138.117630,-53.269037,177.740516
-57.671078,158.165982,-60.576158,138.378094,-54.765997,177.953870
-59.331208,158.416958,-62.406184,138.654759,-56.256233,178.179157
-60.989089,158.682391,-64.238589,138.948138,-57.739589,178.416644
-62.644524,158.962669,-66.073141,139.258746,-59.215907,178.666592
-64.297309,159.258174,-67.909600,139.587095,-60.685018,178.929254
-65.947226,159.569289,-69.747707,139.933701,-62.146746,179.204878
-67.594048,159.896391,-71.587192,140.299074,-63.600905,179.493707
-69.237536,160.239852,-73.427768,140.683729,-65.047304,179.795975
-70.877438,160.600043,-75.269134,141.088175,-66.485742,180.111911
-72.513491,160.977329,-77.110973,141.512921,-67.916009,180.441736
-74.145421,161.372069,-78.952951,141.958475,-69.337890,180.785664
-75.772938,161.784620,-80.794719,142.425340,-70.751157,181.143900
-77.395744,162.215331,-82.635911,142.914019,-72.155578,181.516643
-79.013525,162.664547,-84.476142,143.425009,-73.550909,181.904085
-80.625955,163.132605,-86.315010,143.958804,-74.936899,182.306406
-82.232694,163.619837,-88.152098,144.515894,-76.313291,182.723781
-83.833391,164.126568,-89.986967,145.096763,-77.679815,183.156374
-85.427678,164.653115,-91.819161,145.701890,-79.036195,183.604341
-87.015177,165.199788,-93.648205,146.331748,-80.382148,184.067828
-88.595493,165.766888,-95.473605,146.986803,-81.717381,184.546972
-90.168219,166.354707,-97.294846,147.667514,-83.041592,185.041900
-91.732935,166.963529,-99.111396,148.374330,-84.354473,185.552727
-93.289203,167.593627,-100.922700,149.107694,-85.655707,186.079561
-94.836576,168.245266,-102.728184,149.868038,-86.944968,186.622494
-96.374589,168.918698,-104.527254,150.655783,-88.221923,187.181612
-97.902763,169.614164,-106.319294,151.471341,-89.486233,187.756987
-99.420608,170.331895,-108.103668,152.315112,-90.737548,188.348678
-100.927617,171.072107,-109.879719,153.187480,-91.975514,188.956733
-102.423268,171.835005,-111.646768,154.088821,-93.199768,189.581189
-103.907027,172.620780,-113.404115,155.019492,-94.409940,190.222068
-105.378346,173.429609,-115.151039,155.979839,-95.605654,190.879379
-106.836662,174.261653,-116.886797,156.970187,-96.786527,191.553118
-108.281397,175.117059,-118.610624,157.990849,-97.952169,192.243268
-109.711962,175.995957,-120.321736,159.042117,-99.102187,192.949797
-111.127752,176.898461,-122.019324,160.124265,-100.236180,193.672657
-112.528150,177.824667,-123.702560,161.237546,-101.353740,194.411787
-113.912527,178.774653,-125.370595,162.382195,-102.454458,195.167111
-115.280237,179.748479,-127.022557,163.558422,-103.537917,195.938535
-116.630662,180.746137,-128.655809,164.765027,-104.605516,196.727246
-117.963338,181.767383,-130.267598,166.000164,-105.659078,197.534601
-119.277853,182.811902,-131.857423,167.263448,-106.698282,198.360355
-120.573800,183.879370,-133.424792,168.554488,-107.722808,199.204252
-121.850779,184.969459,-134.969220,169.872886,-108.732338,200.066032
-123.108395,186.081830,-136.490229,171.218232,-109.726561,200.945427
-124.346260,187.216140,-137.987351,172.590113,-110.705170,201.842166
-125.563991,188.372038,-139.460121,173.988103,-111.667861,202.755972
-126.761210,189.549167,-140.908084,175.411771,-112.614337,203.686563
-127.937550,190.747163,-142.330794,176.860676,-113.544305,204.633650
-129.092644,191.965656,-143.727810,178.334371,-114.457479,205.596941
-130.226137,193.204269,-145.098700,179.832400,-115.353575,206.576138
-131.337678,194.462619,-146.443040,181.354299,-116.232317,207.570939
-132.426924,195.740317,-147.760415,182.899599,-117.093433,208.581035
-133.493537,197.036968,-149.050418,184.467821,-117.936656,209.606115
-134.537189,198.352172,-150.312650,186.058481,-118.761727,210.645862
-135.557555,199.685521,-151.546720,187.671088,-119.568390,211.699954
-136.554322,201.036604,-152.752238,189.305127,-120.356407,212.768080
-137.527252,202.404952,-153.927275,190.957713,-121.127230,213.852190
-138.476345,203.789941,-155.070741,192.626339,-121.881948,214.953543
-139.401659,205.190929,-156.182848,194.310134,-122.620470,216.071724
-140.303274,206.607286,-157.263829,196.008250,-123.342718,217.206321
-141.181286,208.038394,-158.313940,197.719858,-124.048632,218.356930
-142.035811,209.483651,-159.333455,199.444154,-124.738166,219.523148
-142.866978,210.942466,-160.322667,201.180350,-125.411289,220.704582
-143.674935,212.414264,-161.281889,202.927684,-126.067982,221.900843
-144.459845,213.898481,-162.211448,204.685415,-126.708242,223.111547
-145.221884,215.394570,-163.111689,206.452820,-127.332080,224.336320
-145.961244,216.901997,-163.982971,208.229202,-127.939518,225.574792
-146.678130,218.420241,-164.825668,210.013882,-128.530592,226.826599
-147.372760,219.948796,-165.640168,211.806204,-129.105352,228.091388
-148.045363,221.487171,-166.426870,213.605532,-129.663857,229.368810
-148.696183,223.034889,-167.186185,215.411252,-130.206181,230.658525
-149.325471,224.591485,-167.918535,217.222770,-130.732407,231.960200
-149.933492,226.156512,-168.624354,219.039513,-131.242630,233.273511
-150.520521,227.729533,-169.304084,220.860927,-131.736957,234.598140
-151.086840,229.310129,-169.958174,222.686479,-132.215505,235.933780
-151.632743,230.897893,-170.587084,224.515657,-132.678401,237.280128
-152.158531,232.492431,-171.191281,226.347967,-133.125781,238.636894
-152.664515,234.093364,-171.771237,228.182935,-133.557792,240.003793
-153.151011,235.700326,-172.327431,230.020104,-133.974591,241.380548
-153.618345,237.312966,-172.860348,231.859038,-134.376342,242.766894
-154.066848,238.930945,-173.370477,233.699319,-134.763219,244.162570
-154.496859,240.553936,-173.858314,235.540546,-135.135405,245.567326
-154.908723,242.181628,-174.324356,237.382335,-135.493090,246.980920
-155.302789,243.813720,-174.769104,239.224321,-135.836474,248.403119
-155.679413,245.449926,-175.193063,241.066155,-136.165762,249.833697
-156.038955,247.089970,-175.596741,242.907504,-136.481170,251.272437
-156.381781,248.733591,-175.980645,244.748051,-136.782917,252.719130
-156.708261,250.380536,-176.345288,246.587496,-137.071234,254.173576
-157.018768,252.030568,-176.691181,248.425552,-137.346354,255.635584
-157.313679,253.683459,-177.018837,250.261950,-137.608520,257.104967
-157.593375,255.338992,-177.328770,252.096433,-137.857981,258.581552
-157.858242,256.996963,-177.621494,253.928758,-138.094990,260.065169
-158.108665,258.657178,-177.897521,255.758697,-138.319810,261.555659
-158.345036,260.319452,-178.157366,257.586035,-138.532705,263.052868
-158.567745,261.983611,-178.401541,259.410569,-138.733950,264.556653
-158.777189,263.649492,-178.630558,261.232109,-138.923820,266.066875
-158.973764,265.316941,-178.844928,263.050477,-139.102601,267.583404
-159.157869,266.985813,-179.045159,264.865507,-139.270579,269.106119
-159.329905,268.655972,-179.231760,266.677042,-139.428050,270.634902
-159.490273,270.327293,-179.405235,268.484940,-139.575310,272.169646
-159.639377,271.999656,-179.566090,270.289064,-139.712665,273.710248
-159.777623,273.672952,-179.714825,272.089292,-139.840421,275.256612
-159.905416,275.347079,-179.851939,273.885507,-139.958892,276.808651
-160.023163,277.021943,-179.977930,275.677605,-140.068395,278.366280
-160.131272,278.697456,-180.093292,277.465489,-140.169251,279.929424
-160.230152,280.373540,-180.198516,279.249069,-140.261788,281.498011
-160.320212,282.050121,-180.294090,281.028266,-140.346334,283.071977
-160.401863,283.727133,-180.380501,282.803005,-140.423225,284.651261
-160.475515,285.404515,-180.458231,284.573221,-140.492799,286.235810
-160.541579,287.082214,-180.527760,286.338854,-140.555398,287.825573
-160.600467,288.760179,-180.589563,288.099851,-140.611370,289.420507
-160.652589,290.438369,-180.644114,289.856166,-140.661065,291.020572
-160.698360,292.116744,-180.691882,291.607757,-140.704837,292.625732
-160.738189,293.795271,-180.733334,293.354586,-140.743045,294.235955
-160.772491,295.473920,-180.768932,295.096624,-140.776050,295.851215
-160.801678,297.152665,-180.799137,296.833843,-140.804219,297.471488
-160.826162,298.831486,-180.824403,298.566220,-140.827921,299.096752
-160.846356,300.510365,-180.845183,300.293737,-140.847529,300.726992
-160.862674,302.189285,-180.861926,302.016377,-140.863421,302.362193
-160.875527,303.868235,-180.875078,303.734128,-140.875977,304.002343
-160.885330,305.547207,-180.885079,305.446980,-140.885581,305.647434
-160.892495,307.226191,-180.892368,307.154925,-140.892622,307.297457
-160.897434,308.905184,-180.897379,308.857959,-140.897490,308.952409
-160.900562,310.584181,-180.900543,310.556077,-140.900582,310.612285
-160.902292,312.263180,-180.902287,312.249277,-140.902296,312.277083
-160.903035,313.942180,-180.903035,313.937557,-140.903036,313.946802
-160.903206,315.621180,-180.903206,315.620917,-140.903206,315.621442
-160.903201,317.300180,-180.903201,317.300284,-140.903201,317.300075
-160.903192,318.979180,-180.903192,318.979284,-140.903192,318.979075
-160.903183,320.658180,-180.903183,320.658284,-140.903183,320.658075
-160.903175,322.337180,-180.903175,322.337284,-140.903175,322.337075
-160.903166,324.016180,-180.903166,324.016284,-140.903166,324.016075
-160.903157,325.695180,-180.903157,325.695284,-140.903157,325.695075
-160.903148,327.374180,-180.903148,327.374284,-140.903148,327.374075
-160.903139,329.053180,-180.903139,329.053284,-140.903139,329.053075
-160.903131,330.732180,-180.903131,330.732284,-140.903131,330.732075
-160.903122,332.411180,-180.903122,332.411284,-140.903122,332.411075
-160.903113,334.090180,-180.903113,334.090284,-140.903113,334.090075
-160.903104,335.769180,-180.903104,335.769284,-140.903104,335.769075
-160.903095,337.448180,-180.903095,337.448284,-140.903095,337.448075
-160.903087,339.127180,-180.903087,339.127284,-140.903087,339.127075
-160.903078,340.806180,-180.903078,340.806284,-140.903078,340.806075
-160.903069,342.485180,-180.903069,342.485284,-140.903069,342.485075
-160.903060,344.164180,-180.903060,344.164284,-140.903060,344.164075
-160.903052,345.843180,-180.903052,345.843284,-140.903052,345.843075
-160.903043,347.522180,-180.903043,347.522284,-140.903043,347.522075
-160.903034,349.201180,-180.903034,349.201284,-140.903034,349.201075
-160.903025,350.880180,-180.903025,350.880284,-140.903025,350.880075
-160.903016,352.559180,-180.903016,352.559284,-140.903016,352.559075
-160.903008,354.238180,-180.903008,354.238284,-140.903008,354.238075
-160.902999,355.917180,-180.902999,355.917284,-140.902999,355.917075
-160.902990,357.596180,-180.902990,357.596284,-140.902990,357.596075
-160.902981,359.275180,-180.902981,359.275284,-140.902981,359.275075
-160.902972,360.954180,-180.902972,360.954284,-140.902972,360.954075
-160.902964,362.633180,-180.902964,362.633284,-140.902964,362.633075
-160.902955,364.312180,-180.902955,364.312284,-140.902955,364.312075
-160.902946,365.991180,-180.902946,365.991284,-140.902946,365.991075
-160.903043,367.670180,-180.903043,367.665727,-140.903044,367.674633
-160.904059,369.349179,-180.904047,369.327230,-140.904072,369.371129
-160.907095,371.028176,-180.907026,370.975610,-140.907164,371.080743
-160.913251,372.707165,-180.913019,372.610861,-140.913483,372.803468
-160.923629,374.386132,-180.923042,374.232972,-140.924215,374.539292
-160.939330,376.065058,-180.938085,375.841923,-140.940575,376.288193
-160.961456,377.743911,-180.959112,377.437685,-140.963801,378.050137
-160.991108,379.422647,-180.987059,379.020217,-140.995157,379.825078
-161.029386,381.101209,-181.022838,380.589468,-141.035934,381.612950
-161.077390,382.779520,-181.067334,382.145370,-141.087446,383.413670
-161.136220,384.457486,-181.121405,383.687839,-141.151034,385.227132
-161.206972,386.134990,-181.185883,385.216776,-141.228061,387.053205
-161.290745,387.811895,-181.261573,386.732062,-141.319917,388.891728
-161.388632,389.488033,-181.349251,388.233558,-141.428014,390.742509
-161.501726,391.163214,-181.449666,389.721105,-141.553786,392.605323
-161.631115,392.837214,-181.563540,391.194523,-141.698690,394.479905
-161.777885,394.509779,-181.691564,392.653607,-141.864205,396.365950
-161.943115,396.180620,-181.834400,394.098132,-142.051829,398.263108
-162.127880,397.849412,-181.992681,395.527845,-142.263079,400.170980
-162.333248,399.515794,-182.167007,396.942470,-142.499489,402.089117
-162.560280,401.179361,-182.357949,398.341708,-142.762610,404.017014
-162.810025,402.839669,-182.566044,399.725229,-143.054007,405.954108
-163.083525,404.496228,-182.791794,401.092683,-143.375255,407.899773
-163.381806,406.148504,-183.035670,402.443689,-143.727943,409.853318
-163.705883,407.795912,-183.298104,403.777842,-144.113663,411.813982
-164.056754,409.437821,-183.579495,405.094712,-144.534013,413.780931
-164.435398,411.073547,-183.880201,406.393841,-144.990596,415.753254
-164.842776,412.702353,-184.200543,407.674746,-145.485008,417.729961
-165.279824,414.323448,-184.540803,408.936920,-146.018845,419.709977
-165.747455,415.935985,-184.901220,410.179830,-146.593691,421.692140
-166.246554,417.539060,-185.281989,411.402921,-147.211118,423.675199
-166.777973,419.131710,-185.683265,412.605613,-147.872681,425.657807
-167.342533,420.712915,-186.105154,413.787307,-148.579912,427.638522
-167.941017,422.281591,-186.547719,414.947380,-149.334315,429.615802
-168.574167,423.836597,-187.010971,416.085194,-150.137363,431.588000
-169.242682,425.376728,-187.494875,417.200089,-150.990488,433.553366
-169.947212,426.900717,-187.999345,418.291391,-151.895079,435.510044
-170.688356,428.407238,-188.524240,419.358413,-152.852472,437.456063
-171.466659,429.894900,-189.069371,420.400454,-153.863946,439.389346
-172.282602,431.362252,-189.634491,421.416803,-154.930713,441.307700
-173.136605,432.807781,-190.219298,422.406743,-156.053912,443.208819
-174.029018,434.229916,-190.823435,423.369550,-157.234601,445.090282
-174.960117,435.627025,-191.446486,424.304498,-158.473748,446.949553
-175.930100,436.997421,-192.087978,425.210862,-159.772221,448.783980
-176.939081,438.339360,-192.747377,426.087921,-161.130784,450.590799
-177.987087,439.651045,-193.424092,426.934958,-162.550081,452.367132
-179.074050,440.930628,-194.117469,427.751268,-164.030631,454.109989
-180.199806,442.176216,-194.826797,428.536159,-165.572816,455.816272
-181.364085,443.385868,-195.551300,429.288955,-167.176871,457.482780
-182.566510,444.557605,-196.290145,430.009003,-168.842875,459.106208
-183.806590,445.689413,-197.042439,430.695671,-170.570741,460.683155
-185.083714,446.779242,-197.807227,431.348357,-172.360201,462.210128
-186.397148,447.825022,-198.583496,431.966493,-174.210800,463.683550
-187.746029,448.824659,-199.370458,432.549750,-176.121600,465.099567
-189.129172,449.776323,-200.174228,433.102789,-178.084117,466.449858
-190.544919,450.678771,-200.996944,433.627226,-180.092894,467.730316
-191.991518,451.530886,-201.837589,434.122415,-182.145447,468.939358
-193.467182,452.331616,-202.695125,434.587742,-184.239239,470.075490
-194.970085,453.079970,-203.568490,435.022633,-186.371679,471.137307
-196.498369,453.775023,-204.456605,435.426549,-188.540133,472.123496
-198.050145,454.415915,-205.358372,435.798992,-190.741918,473.032838
-199.623493,455.001854,-206.272675,436.139500,-192.974312,473.864207
-201.216469,455.532115,-207.198384,436.447653,-195.234554,474.616577
-202.827104,456.006044,-208.134356,436.723070,-197.519851,475.289017
-204.453404,456.423053,-209.079431,436.965410,-199.827377,475.880696
-206.093360,456.782628,-210.032443,437.174374,-202.154278,476.390882
-207.744945,457.084323,-210.992212,437.349702,-204.497678,476.818944
-209.406115,457.327766,-211.957551,437.491180,-206.854678,477.164353
-211.074817,457.512656,-212.927268,437.598630,-209.222365,477.426682
-212.748987,457.638764,-213.900163,437.671921,-211.597811,477.605606
-214.426557,457.705934,-214.875034,437.710963,-213.978079,477.700905
-216.105450,457.714083,-215.850674,437.715706,-216.360227,477.712460
-217.783593,457.663201,-216.825878,437.686144,-218.741307,477.640257
-219.458909,457.553351,-217.799440,437.622316,-221.118377,477.484386
-221.129327,457.384668,-218.770155,437.524298,-223.488498,477.245039
-222.792782,457.157362,-219.736825,437.392213,-225.848738,476.922512
-224.447217,456.871714,-220.698253,437.226224,-228.196180,476.517204
-226.090586,456.528076,-221.653251,437.026536,-230.527921,476.029616
-227.720858,456.126873,-222.600638,436.793396,-232.841078,475.460350
-229.336017,455.668602,-223.539243,436.527092,-235.132791,474.810112
-230.934066,455.153829,-224.467905,436.227953,-237.400227,474.079704
-232.513028,454.583191,-225.385475,435.896350,-239.640581,473.270031
-234.070952,453.957392,-226.290821,435.532693,-241.851084,472.382092
-235.605911,453.277208,-227.182821,435.137430,-244.029002,471.416986
-237.116008,452.543479,-228.060373,434.711051,-246.171643,470.375906
-238.599375,451.757112,-228.922392,434.254083,-248.276358,469.260140
-240.054178,450.919079,-229.767812,433.767091,-250.340544,468.071066
-241.478618,450.030417,-230.595588,433.250677,-252.361648,466.810156
-242.870935,449.092224,-231.404696,432.705480,-254.337173,465.478968
-244.229419,448.105679,-232.195435,432.131223,-256.263403,464.080134
-245.552731,447.072429,-232.974712,431.522720,-258.130750,462.622137
-246.839959,445.994553,-233.742798,430.879515,-259.937120,461.109591
-248.090333,444.874130,-234.498663,430.202167,-261.682003,459.546093
-249.303210,443.713216,-235.241337,429.491270,-263.365082,457.935162
-250.478065,442.513834,-235.969910,428.747446,-264.986220,456.280222
-251.614492,441.277975,-236.683531,427.971344,-266.545452,454.584606
-252.712190,440.007590,-237.381410,427.163634,-268.042970,452.851545
-253.770967,438.704585,-238.062817,426.325004,-269.479118,451.084165
-254.790730,437.370822,-238.727083,425.456156,-270.854377,449.285487
-255.771479,436.008111,-239.373598,424.557804,-272.169359,447.458418
-256.713304,434.618211,-240.001815,423.630667,-273.424794,445.605754
-257.616382,433.202825,-240.611242,422.675471,-274.621523,443.730180
-258.480968,431.763601,-241.201448,421.692941,-275.760488,441.834261
-259.307391,430.302127,-241.772060,420.683802,-276.842722,439.920451
-260.096052,428.819931,-242.322761,419.648774,-277.869343,437.991088
-260.847416,427.318482,-242.853289,418.588568,-278.841543,436.048396
-261.562012,425.799186,-243.363439,417.503890,-279.760584,434.094483
-262.240422,424.263389,-243.853056,416.395429,-280.627787,432.131350
-262.883284,422.712374,-244.322041,415.263866,-281.444526,430.160883
-263.491283,421.147362,-244.770344,414.109862,-282.212223,428.184862
-264.065151,419.569512,-245.197963,412.934062,-282.932340,426.204962
-264.605659,417.979924,-245.604947,411.737094,-283.606372,424.222754
-265.113618,416.379635,-245.991391,410.519564,-284.235845,422.239707
-265.589871,414.769624,-246.357435,409.282056,-284.822307,420.257193
-266.035296,413.150811,-246.703265,408.025133,-285.367327,418.276490
-266.450796,411.524059,-247.029107,406.749334,-285.872485,416.298784
-266.837304,409.890174,-247.335233,405.455173,-286.339375,414.325174
-267.195771,408.249907,-247.621950,404.143141,-286.769592,412.356673
-267.527174,406.603957,-247.889609,402.813700,-287.164739,410.394213
-267.832505,404.952970,-248.138596,401.467291,-287.526413,408.438648
-268.112773,403.297543,-248.369335,400.104324,-287.856212,406.490761
-268.369004,401.638224,-248.582286,398.725187,-288.155722,404.551260
-268.602233,399.975514,-248.777942,397.330239,-288.426525,402.620789
-268.813510,398.309872,-248.956833,395.919815,-288.670187,400.699929
-269.003891,396.641711,-249.119517,394.494222,-288.888264,398.789200
-269.174441,394.971405,-249.266589,393.053744,-289.082294,396.889066
-269.326236,393.299289,-249.398672,391.598639,-289.253799,394.999939
-269.460352,391.625661,-249.516420,390.129140,-289.404284,393.122183
-269.577873,389.950786,-249.620516,388.645457,-289.535231,391.256115
-269.679889,388.274894,-249.711674,387.147778,-289.648104,389.402009
-269.767489,386.598185,-249.790635,385.636267,-289.744343,387.560104
-269.841768,384.920833,-249.858168,384.111068,-289.825368,385.730598
-269.903821,383.242984,-249.915070,382.572305,-289.892573,383.913662
-269.954747,381.564759,-249.962166,381.020084,-289.947329,382.109433
-269.995645,379.886259,-250.000306,379.454493,-289.990984,380.318026
-270.027613,378.207565,-250.030368,377.875602,-290.024858,378.539529
-270.051753,376.528740,-250.053257,376.283469,-290.050249,376.774012
-270.069165,374.849831,-250.069902,374.678137,-290.068428,375.021526
-270.080951,373.170873,-250.081260,373.059637,-290.080642,373.282110
-270.088212,371.491890,-250.088314,371.427993,-290.088110,371.555786
-270.092048,369.812894,-250.092070,369.783216,-290.092026,369.842572
-270.093563,368.133895,-250.093565,368.125316,-290.093561,368.142474
-270.093857,366.454895,-250.093857,366.454295,-290.093857,366.455495
-270.093901,364.775895,-250.093901,364.775371,-290.093901,364.776419
-270.093945,363.096895,-250.093945,363.096371,-290.093945,363.097419
-270.093989,361.417895,-250.093989,361.417371,-290.093989,361.418419
-270.094033,359.738895,-250.094033,359.738371,-290.094033,359.739419
-270.094077,358.059895,-250.094077,358.059371,-290.094077,358.060419
-270.094121,356.380895,-250.094121,356.380371,-290.094121,356.381419
-270.094165,354.701895,-250.094165,354.701371,-290.094165,354.702419
-270.094209,353.022895,-250.094209,353.022371,-290.094209,353.023419
-270.094253,351.343895,-250.094253,351.343371,-290.094253,351.344419
-270.094297,349.664895,-250.094297,349.664371,-290.094297,349.665419
-270.094340,347.985895,-250.094340,347.985371,-290.094340,347.986419
-270.094384,346.306895,-250.094384,346.306371,-290.094384,346.307419
-270.094428,344.627895,-250.094428,344.627371,-290.094428,344.628419
-270.094472,342.948895,-250.094472,342.948371,-290.094472,342.949419
-270.094516,341.269895,-250.094516,341.269371,-290.094516,341.270419
-270.094560,339.590895,-250.094560,339.590371,-290.094560,339.591419
-270.094604,337.911895,-250.094604,337.911371,-290.094604,337.912419
-270.094648,336.232895,-250.094648,336.232371,-290.094648,336.233419
-270.094692,334.553895,-250.094692,334.553371,-290.094692,334.554419
-270.094736,332.874895,-250.094736,332.874371,-290.094736,332.875419
-270.094780,331.195895,-250.094780,331.195371,-290.094780,331.196419
-270.094824,329.516895,-250.094824,329.516371,-290.094824,329.517419
-270.094868,327.837895,-250.094868,327.837371,-290.094868,327.838419
-270.094912,326.158895,-250.094912,326.158371,-290.094912,326.159419
-270.094956,324.479895,-250.094956,324.479371,-290.094956,324.480419
-270.095000,322.800895,-250.095000,322.800371,-290.095000,322.801419
-270.095044,321.121895,-250.095044,321.121371,-290.095044,321.122419
-270.095088,319.442895,-250.095088,319.442371,-290.095088,319.443419
-270.095132,317.763895,-250.095132,317.763371,-290.095132,317.764419
-270.095176,316.084895,-250.095176,316.084371,-290.095176,316.085419
-270.095220,314.405895,-250.095220,314.405371,-290.095220,314.406419
-270.095264,312.726895,-250.095264,312.726371,-290.095264,312.727419
-270.095308,311.047895,-250.095308,311.047371,-290.095308,311.048419
-270.095351,309.368895,-250.095351,309.368371,-290.095351,309.369419
-270.095395,307.689895,-250.095395,307.689371,-290.095395,307.690419
-270.095439,306.010895,-250.095439,306.010371,-290.095439,306.011419
-270.095483,304.331895,-250.095483,304.331371,-290.095483,304.332419
-270.095527,302.652895,-250.095527,302.652371,-290.095527,302.653419
-270.095571,300.973895,-250.095571,300.973371,-290.095571,300.974419
-270.095615,299.294895,-250.095615,299.294371,-290.095615,299.295419
-270.095659,297.615895,-250.095659,297.615371,-290.095659,297.616419
-270.095703,295.936895,-250.095703,295.936371,-290.095703,295.937419
-270.095747,294.257895,-250.095747,294.257371,-290.095747,294.258419
-270.095791,292.578895,-250.095791,292.578371,-290.095791,292.579419
-270.095835,290.899895,-250.095835,290.899371,-290.095835,290.900419
-270.095879,289.220895,-250.095879,289.220371,-290.095879,289.221419
-270.095923,287.541895,-250.095923,287.541371,-290.095923,287.542419
-270.095967,285.862895,-250.095967,285.862371,-290.095967,285.863419
-270.096011,284.183895,-250.096011,284.183371,-290.096011,284.184419
-270.096055,282.504895,-250.096055,282.504371,-290.096055,282.505419
-270.096099,280.825895,-250.096099,280.825371,-290.096099,280.826419
-270.096143,279.146895,-250.096143,279.146371,-290.096143,279.147419
-270.096187,277.467895,-250.096187,277.467371,-290.096187,277.468419
-270.096231,275.788895,-250.096231,275.788371,-290.096231,275.789419
-270.096275,274.109895,-250.096275,274.109371,-290.096275,274.110419
-270.096318,272.430895,-250.096319,272.430371,-290.096318,272.431419
-270.096362,270.751895,-250.096362,270.751371,-290.096362,270.752419
-270.096406,269.072895,-250.096406,269.072371,-290.096406,269.073419
-270.096450,267.393895,-250.096450,267.393371,-290.096450,267.394419
-270.096494,265.714895,-250.096494,265.714371,-290.096494,265.715419
-270.096538,264.035895,-250.096538,264.035371,-290.096538,264.036419
-270.096582,262.356895,-250.096582,262.356371,-290.096582,262.357419
-270.096626,260.677895,-250.096626,260.677371,-290.096626,260.678419
-270.096670,258.998895,-250.096670,258.998371,-290.096670,258.999419
-270.096714,257.319895,-250.096714,257.319371,-290.096714,257.320419
-270.096758,255.640895,-250.096758,255.640371,-290.096758,255.641419
-270.096802,253.961895,-250.096802,253.961371,-290.096802,253.962419
-270.096846,252.282895,-250.096846,252.282371,-290.096846,252.283419
-270.096890,250.603895,-250.096890,250.603371,-290.096890,250.604419
-270.096934,248.924895,-250.096934,248.924371,-290.096934,248.925419
-270.096978,247.245895,-250.096978,247.245371,-290.096978,247.246419
-270.097022,245.566895,-250.097022,245.566371,-290.097022,245.567419
-270.097066,243.887895,-250.097066,243.887371,-290.097066,243.888419
-270.097110,242.208895,-250.097110,242.208371,-290.097110,242.209419
-270.097154,240.529895,-250.097154,240.529371,-290.097154,240.530419
-270.097198,238.850895,-250.097198,238.850371,-290.097198,238.851419
-270.097242,237.171895,-250.097242,237.171371,-290.097242,237.172419
-270.097286,235.492895,-250.097286,235.492371,-290.097286,235.493419
-270.097329,233.813895,-250.097329,233.813371,-290.097329,233.814419
-270.097373,232.134895,-250.097373,232.134371,-290.097373,232.135419
-270.097417,230.455895,-250.097417,230.455371,-290.097417,230.456419
-270.097461,228.776895,-250.097461,228.776371,-290.097461,228.777419
-270.097505,227.097895,-250.097505,227.097371,-290.097505,227.098419
-270.097549,225.418895,-250.097549,225.418371,-290.097549,225.419419
-270.097593,223.739895,-250.097593,223.739371,-290.097593,223.740419
-270.097637,222.060895,-250.097637,222.060371,-290.097637,222.061419
-270.097681,220.381895,-250.097681,220.381371,-290.097681,220.382419
-270.097725,218.702895,-250.097725,218.702371,-290.097725,218.703419
-270.097769,217.023895,-250.097769,217.023371,-290.097769,217.024419
-270.097813,215.344895,-250.097813,215.344371,-290.097813,215.345419
-270.097857,213.665895,-250.097857,213.665371,-290.097857,213.666419
-270.097901,211.986895,-250.097901,211.986371,-290.097901,211.987419
-270.097945,210.307895,-250.097945,210.307371,-290.097945,210.308419
-270.097989,208.628895,-250.097989,208.628378,-290.097989,208.629411
-270.097982,206.949895,-250.097982,206.951059,-290.097982,206.948731
-270.097711,205.270895,-250.097712,205.276692,-290.097710,205.265098
-270.096927,203.591895,-250.096931,203.605278,-290.096922,203.578513
-270.095382,201.912896,-250.095396,201.936815,-290.095367,201.888976
-270.092829,200.233898,-250.092864,200.271307,-290.092794,200.196489
-270.089019,198.554902,-250.089091,198.608752,-290.088946,198.501052
-270.083705,196.875911,-250.083839,196.949154,-290.083571,196.802667
-270.076640,195.196926,-250.076868,195.292514,-290.076411,195.101337
-270.067575,193.517950,-250.067940,193.638836,-290.067209,193.397064
-270.056262,191.838989,-250.056818,191.988124,-290.055706,191.689853
-270.042454,190.160045,-250.043267,190.340381,-290.041641,189.979710
-270.025902,188.481127,-250.027053,188.695615,-290.024752,188.266639
-270.006360,186.802241,-250.007943,187.053833,-290.004778,186.550650
-269.983580,185.123396,-249.985706,185.415042,-289.981453,184.831750
-269.957313,183.444602,-249.960112,183.779253,-289.954513,183.109951
-269.927311,181.765870,-249.930933,182.146476,-289.923690,181.385265
-269.893329,180.087215,-249.897941,180.516725,-289.888716,179.657705
-269.855117,178.408650,-249.860910,178.890013,-289.849323,177.927287
-269.812428,176.730193,-249.819616,177.266357,-289.805240,176.194029
-269.765015,175.051863,-249.773835,175.645775,-289.756195,174.457952
-269.712631,173.373681,-249.723346,174.028286,-289.701915,172.719077
-269.655028,171.695671,-249.667929,172.413912,-289.642127,170.977429
-269.591959,170.017856,-249.607363,170.802678,-289.576554,169.233035
-269.523177,168.340267,-249.541433,169.194609,-289.504921,167.485924
-269.448436,166.662932,-249.469922,167.589733,-289.426951,165.736131
-269.367489,164.985885,-249.392615,165.988082,-289.342363,163.983689
-269.280089,163.309163,-249.309299,164.389688,-289.250879,162.228637
-269.185991,161.632803,-249.219763,162.794588,-289.152218,160.471018
-269.084948,159.956847,-249.123796,161.202819,-289.046099,158.710876
-268.976714,158.281341,-249.021192,159.614422,-288.932237,156.948259
-268.861046,156.606331,-248.911741,158.029442,-288.810351,155.183221
-268.737697,154.931870,-248.795240,156.447924,-288.680154,153.415816
-268.606424,153.258011,-248.671486,154.869919,-288.541362,151.646104
-268.466982,151.584813,-248.540275,153.295478,-288.393688,149.874148
-268.319127,149.912338,-248.401409,151.724658,-288.236845,148.100018
-268.162617,148.240650,-248.254689,150.157517,-288.070546,146.323783
-267.997210,146.569820,-248.099918,148.594117,-287.894501,144.545522
-267.822663,144.899920,-247.936902,147.034524,-287.708423,142.765315
-267.638735,143.231026,-247.765449,145.478806,-287.512021,140.983247
-267.445186,141.563222,-247.585368,143.927035,-287.305005,139.199409
-267.241777,139.896591,-247.396469,142.379286,-287.087084,137.413896
-267.028268,138.231225,-247.198568,140.835640,-286.857969,135.626810
-266.804423,136.567216,-246.991478,139.296178,-286.617367,133.838255
-266.570003,134.904664,-246.775018,137.760986,-286.364988,132.048342
-266.324774,133.243672,-246.549008,136.230156,-286.100540,130.257189
-266.068501,131.584349,-246.313270,134.703781,-285.823732,128.464917
-265.800951,129.926807,-246.067629,133.181958,-285.534273,126.671655
-265.521891,128.271163,-245.811911,131.664790,-285.231871,124.877536
-265.231091,126.617542,-245.545947,130.152382,-284.916235,123.082701
-264.928322,124.966070,-245.269568,128.644844,-284.587076,121.287295
-264.613357,123.316881,-244.982609,127.142290,-284.244104,119.491471
-264.285968,121.670113,-244.684908,125.644837,-283.887029,117.695389
-263.945934,120.025910,-244.376305,124.152607,-283.515562,115.899213
-263.593030,118.384421,-244.056643,122.665726,-283.129417,114.103116
-263.227037,116.745801,-243.725768,121.184325,-282.728306,112.307277
-262.847737,115.110211,-243.383530,119.708539,-282.311945,110.511882
-262.454914,113.477815,-243.029780,118.238506,-281.880048,108.717125
-262.048355,111.848787,-242.664376,116.774369,-281.432334,106.923205
-261.627848,110.223303,-242.287175,115.316275,-280.968521,105.130331
-261.193184,108.601548,-241.898039,113.864378,-280.488329,103.338718
-260.744159,106.983710,-241.496836,112.418833,-279.991482,101.548588
-260.280569,105.369986,-241.083434,110.979800,-279.477704,99.760172
-259.802214,103.760577,-240.657706,109.547445,-278.946721,97.973709
-259.308897,102.155691,-240.219531,108.121937,-278.398264,96.189445
-258.800426,100.555542,-239.768789,106.703450,-277.832064,94.407634
-258.276610,98.960351,-239.305364,105.292163,-277.247856,92.628538
-257.737263,97.370343,-238.829148,103.888257,-276.645377,90.852429
-257.182201,95.785754,-238.340033,102.491921,-276.024370,89.079586
-256.611248,94.206821,-237.837917,101.103346,-275.384578,87.310295
-256.024227,92.633791,-237.322704,99.722729,-274.725750,85.544854
-255.420969,91.066917,-236.794300,98.350268,-274.047638,83.783565
-254.801307,89.506457,-236.252618,96.986170,-273.349997,82.026744
-254.165082,87.952677,-235.697574,95.630643,-272.632590,80.274712
-253.512136,86.405850,-235.129092,94.283901,-271.895180,78.527799
-252.842318,84.866254,-234.547097,92.946162,-271.137538,76.786346
-252.155481,83.334174,-233.951524,91.617648,-270.359439,75.050701
-251.451487,81.809903,-233.342309,90.298584,-269.560664,73.321222
-250.730198,80.293739,-232.719398,88.989202,-268.740998,71.598276
-249.991487,78.785988,-232.082738,87.689736,-267.900235,69.882239
-249.235229,77.286960,-231.432286,86.400425,-267.038172,68.173496
-248.461309,75.796976,-230.768003,85.121511,-266.154614,66.472441
-247.669615,74.316358,-230.089857,83.853240,-265.249372,64.779477
-246.860043,72.845440,-229.397820,82.595864,-264.322267,63.095016
-246.032498,71.384559,-228.691874,81.349636,-263.373122,61.419482
-245.186889,69.934059,-227.972005,80.114814,-262.401773,59.753304
-244.323134,68.494291,-227.238207,78.891660,-261.408061,58.096923
-243.441158,67.065613,-226.490480,77.680439,-260.391836,56.450787
-242.540895,65.648388,-225.728833,76.481420,-259.352957,54.815356
-241.622285,64.242985,-224.953278,75.294873,-258.291291,53.191097
-240.685291,62.849772,-224.163409,74.120415,-257.207174,51.579128
-239.730009,61.469035,-223.358183,72.956563,-256.101835,49.981506
-238.756602,60.101014,-222.537679,71.803430,-254.975525,48.398598
-237.765241,58.745949,-221.702041,70.661217,-253.828440,46.830680
-236.756097,57.404073,-220.851415,69.530123,-252.660780,45.278024
-235.729347,56.075622,-219.985946,68.410343,-251.472747,43.740900
-234.685168,54.760825,-219.105788,67.302074,-250.264548,42.219576
-233.623742,53.459911,-218.211091,66.205506,-249.036393,40.714317
-232.545255,52.173108,-217.302013,65.120833,-247.788496,39.225383
-231.449892,50.900637,-216.378710,64.048240,-246.521074,37.753033
-230.337846,49.642721,-215.441345,62.987917,-245.234347,36.297525
-229.209309,48.399578,-214.490078,61.940046,-243.928539,34.859110
-228.064477,47.171425,-213.525077,60.904809,-242.603877,33.438040
-226.903550,45.958474,-212.546509,59.882388,-241.260591,32.034561
-225.726729,44.760938,-211.554543,58.872960,-239.898915,30.648917
-224.534219,43.579024,-210.549353,57.876700,-238.519085,29.281349
-223.326228,42.412938,-209.531114,56.893781,-237.121342,27.932095
-222.102965,41.262882,-208.500001,55.924375,-235.705929,26.601389
-220.864644,40.129057,-207.456196,54.968650,-234.273092,25.289464
-219.611479,39.011659,-206.399878,54.026772,-232.823079,23.996547
-218.343688,37.910883,-205.331232,53.098905,-231.356144,22.722862
-217.061492,36.826921,-204.250444,52.185210,-229.872541,21.468632
-215.765115,35.759961,-203.157701,51.285846,-228.372528,20.234075
-214.454780,34.710187,-202.053194,50.400970,-226.856366,19.019404
-213.130717,33.677784,-200.937115,49.530736,-225.324318,17.824833
-211.793155,32.662931,-199.809657,48.675294,-223.776652,16.650567
-210.442327,31.665803,-198.671017,47.834794,-222.213636,15.496812
-209.078467,30.686574,-197.521393,47.009382,-220.635542,14.363767
-207.701814,29.725416,-196.360985,46.199200,-219.042644,13.251631
-206.312607,28.782493,-195.189994,45.404391,-217.435219,12.160596
-204.911105,27.857942,-194.007524,44.624334,-215.814687,11.091550
-203.497661,26.951754,-192.812494,43.858179,-214.182828,10.045329
-202.072646,26.063872,-191.605177,43.105940,-212.540116,9.021804
-200.636426,25.194232,-190.385840,42.367627,-210.887011,8.020837
-199.189358,24.342762,-189.154751,41.643244,-209.223966,7.042281
-197.731798,23.509383,-187.912172,40.932785,-207.551424,6.085981
-196.264090,22.694006,-186.658361,40.236240,-205.869818,5.151772
-194.786575,21.896538,-185.393575,39.553592,-204.179574,4.239484
-193.299586,21.116876,-184.118065,38.884815,-202.481107,3.348937
-191.803451,20.354912,-182.832078,38.229880,-200.774824,2.479945
-190.298490,19.610533,-181.535860,37.588750,-199.061120,1.632315
-188.785017,18.883615,-180.229648,36.961382,-197.340385,0.805848
-187.263339,18.174032,-178.913681,36.347728,-195.612997,0.000337
-185.733757,17.481652,-177.588188,35.747732,-193.879326,-0.784429
-184.196566,16.806334,-176.253398,35.161336,-192.139733,-1.548668
-182.652052,16.147935,-174.909535,34.588473,-190.394568,-2.292603
-181.100496,15.506305,-173.556816,34.029072,-188.644176,-3.016462
-179.542173,14.881289,-172.195458,33.483057,-186.888888,-3.720479
-177.977351,14.272727,-170.825671,32.950347,-185.129031,-4.404892
-176.406291,13.680456,-169.447660,32.430855,-183.364921,-5.069943
-174.829246,13.104307,-168.061629,31.924491,-181.596864,-5.715878
-173.246467,12.544105,-166.667773,31.431159,-179.825160,-6.342948
-171.658193,11.999675,-165.266287,30.950758,-178.050099,-6.951408
-170.064660,11.470834,-163.857358,30.483183,-176.271962,-7.541515
-168.466098,10.957397,-162.441172,30.028325,-174.491023,-8.113530
-166.862728,10.459176,-161.017908,29.586071,-172.707548,-8.667718
-165.254766,9.975979,-159.587740,29.156302,-170.921792,-9.204345
-163.642423,9.507608,-158.150841,28.738899,-169.134005,-9.723682
-162.025902,9.053866,-156.707376,28.333734,-167.344427,-10.226001
-160.405400,8.614551,-155.257508,27.940679,-165.553293,-10.711576
-158.781110,8.189458,-153.801393,27.559601,-163.760826,-11.180685
-157.153216,7.778379,-152.339187,27.190363,-161.967246,-11.633605
-155.521899,7.381104,-150.871037,26.832826,-160.172761,-12.070618
-153.887331,6.997420,-149.397087,26.486845,-158.377575,-12.492006
-152.249681,6.627112,-147.917479,26.152276,-156.581883,-12.898052
-150.609111,6.269962,-146.432348,25.828967,-154.785873,-13.289042
-148.965777,5.925752,-144.941826,25.516766,-152.989728,-13.665262
-147.319831,5.594259,-143.446041,25.215517,-151.193621,-14.026998
-145.671417,5.275261,-141.945114,24.925061,-149.397720,-14.374540
-144.020676,4.968530,-140.439167,24.645237,-147.602186,-14.708176
-142.367743,4.673842,-138.928313,24.375881,-145.807173,-15.028197
-140.712748,4.390967,-137.412664,24.116824,-144.012831,-15.334891
-139.055814,4.119674,-135.892327,23.867898,-142.219300,-15.628550
-137.397061,3.859733,-134.367405,23.628931,-140.426717,-15.909465
-135.736604,3.610910,-132.837996,23.399747,-138.635212,-16.177927
-134.074552,3.372972,-131.304196,23.180171,-136.844908,-16.434227
-132.411010,3.145683,-129.766096,22.970022,-135.055924,-16.678657
-130.746079,2.928806,-128.223784,22.769119,-133.268374,-16.911507
-129.079853,2.722104,-126.677343,22.577278,-131.482363,-17.133070
-127.412425,2.525339,-125.126855,22.394314,-129.697996,-17.343636
-125.743881,2.338271,-123.572395,22.220038,-127.915367,-17.543496
-124.074304,2.160660,-122.014037,22.054260,-126.134571,-17.732939
-122.403772,1.992266,-120.451851,21.896789,-124.355693,-17.912256
-120.732359,1.832847,-118.885903,21.747429,-122.578816,-18.081736
-119.060137,1.682160,-117.316255,21.605987,-120.804019,-18.241667
-117.387171,1.539963,-115.742969,21.472263,-119.031373,-18.392337
-115.713524,1.406012,-114.166099,21.346059,-117.260950,-18.534035
-114.039257,1.280064,-112.585701,21.227174,-115.492813,-18.667045
-112.364423,1.161874,-111.001823,21.115403,-113.727023,-18.791655
-110.689076,1.051198,-109.414515,21.010544,-111.963638,-18.908148
-109.013265,0.947789,-107.823820,20.912388,-110.202710,-19.016810
-107.337035,0.851404,-106.229780,20.820730,-108.444290,-19.117922
-105.660429,0.761795,-104.632435,20.735358,-106.688423,-19.211768
-103.983487,0.678718,-103.031821,20.656063,-104.935152,-19.298628
-102.306245,0.601925,-101.427972,20.582631,-103.184517,-19.378782
-100.628737,0.531170,-99.820920,20.514849,-101.436554,-19.452509
-98.950995,0.466207,-98.210693,20.452501,-99.691297,-19.520088
-97.273048,0.406788,-96.597319,20.395369,-97.948776,-19.581794
-95.594921,0.352666,-94.980822,20.343236,-96.209020,-19.637904
-93.916639,0.303595,-93.361224,20.295881,-94.472053,-19.688691
-92.238223,0.259327,-91.738546,20.253084,-92.737899,-19.734430
-90.559693,0.219614,-90.112807,20.214621,-91.006579,-19.775393
-88.881067,0.184210,-88.484023,20.180268,-89.278111,-19.811849
-87.202360,0.152866,-86.852209,20.149800,-87.552511,-19.844069
-85.523586,0.125334,-85.217378,20.122990,-85.829794,-19.872321
-83.844757,0.101369,-83.579542,20.099610,-84.109972,-19.896873
-82.165884,0.080720,-81.938711,20.079430,-82.393057,-19.917989
-80.486977,0.063142,-80.294895,20.062219,-80.679059,-19.935936
-78.808042,0.048385,-78.648099,20.047746,-78.967984,-19.950975
-77.129086,0.036203,-76.998331,20.035776,-77.259841,-19.963369
-75.450115,0.026348,-75.345596,20.026075,-75.554634,-19.973379
-73.771133,0.018571,-73.689899,20.018406,-73.852368,-19.981264
-72.092144,0.012625,-72.031241,20.012532,-72.153046,-19.987283
-70.413149,0.008262,-70.369627,20.008214,-70.456672,-19.991691
-68.734152,0.005234,-68.705058,20.005213,-68.763246,-19.994745
-67.055153,0.003294,-67.037535,20.003286,-67.072771,-19.996699
-65.376154,0.002193,-65.367060,20.002191,-65.385248,-19.997805
-63.697154,0.001684,-63.693632,20.001684,-63.700676,-19.998316
-62.018154,0.001519,-62.017252,20.001519,-62.019056,-19.998481
-60.339154,0.001459,-60.338473,20.001459,-60.339835,-19.998541
-58.660154,0.001402,-58.659473,20.001402,-58.660835,-19.998598
-56.981154,0.001345,-56.980473,20.001345,-56.981835,-19.998655
-55.302154,0.001288,-55.301473,20.001288,-55.302835,-19.998712
-53.623154,0.001231,-53.622473,20.001231,-53.623835,-19.998769
-51.944154,0.001173,-51.943473,20.001173,-51.944835,-19.998827
-50.265154,0.001116,-50.264473,20.001116,-50.265835,-19.998884
-48.586154,0.001059,-48.585473,20.001059,-48.586835,-19.998941
-46.907154,0.001002,-46.906473,20.001002,-46.907835,-19.998998
-45.228154,0.000945,-45.227473,20.000945,-45.228835,-19.999055
-43.549154,0.000888,-43.548473,20.000888,-43.549835,-19.999112
-41.870154,0.000831,-41.869473,20.000831,-41.870835,-19.999169
-40.191154,0.000773,-40.190473,20.000773,-40.191835,-19.999227
-38.512154,0.000716,-38.511473,20.000716,-38.512835,-19.999284
-36.833154,0.000659,-36.832473,20.000659,-36.833835,-19.999341
-35.154154,0.000602,-35.153473,20.000602,-35.154835,-19.999398
-33.475154,0.000545,-33.474473,20.000545,-33.475835,-19.999455
-31.796154,0.000488,-31.795473,20.000488,-31.796835,-19.999512
-30.117154,0.000431,-30.116473,20.000431,-30.117835,-19.999569
-28.438154,0.000373,-28.437473,20.000373,-28.438835,-19.999627
-26.759154,0.000316,-26.758473,20.000316,-26.759835,-19.999684
-25.080154,0.000259,-25.079473,20.000259,-25.080835,-19.999741
-23.401154,0.000202,-23.400473,20.000202,-23.401835,-19.999798
-21.722154,0.000145,-21.721473,20.000145,-21.722835,-19.999855
-20.043154,0.000088,-20.042473,20.000088,-20.043835,-19.999912
-18.364154,0.000031,-18.363473,20.000031,-18.364835,-19.999969
-16.685154,-0.000027,-16.684473,19.999973,-16.685835,-20.000027
-15.006154,-0.000084,-15.005473,19.999916,-15.006835,-20.000084
-13.327154,-0.000141,-13.326473,19.999859,-13.327835,-20.000141
-11.648154,-0.000198,-11.647473,19.999802,-11.648835,-20.000198
-9.969154,-0.000255,-9.968473,19.999745,-9.969835,-20.000255
-8.290154,-0.000312,-8.289473,19.999688,-8.290835,-20.000312
-6.611154,-0.000369,-6.610473,19.999631,-6.611835,-20.000369
-4.932154,-0.000427,-4.931473,19.999573,-4.932835,-20.000427
-3.253154,-0.000484,-3.252473,19.999516,-3.253835,-20.000484
-1.574154,-0.000541,-1.573473,19.999459,-1.574835,-20.000541
0.000000,0.000000,0.000000,20.000000,0.000000,-20.000000
