-49.350350,-822.283474,-49.817216,-826.035629,-48.882787,-818.533149
-53.717590,-821.746985,-54.177819,-825.502345,-53.257819,-817.990198
-58.084096,-821.210146,-58.544653,-824.967309,-57.622620,-817.455999
-62.451402,-820.673631,-62.913638,-824.421490,-61.989709,-816.922423
-66.818236,-820.137149,-67.279943,-823.886302,-66.355943,-816.388684
-71.184120,-819.600906,-71.646534,-823.354391,-70.722580,-815.854370
-75.550040,-819.064722,-76.010343,-822.819049,-75.089344,-815.319006
-79.915614,-818.528283,-80.376360,-822.273322,-79.456390,-814.773322
-84.280162,-817.992050,-84.739127,-821.738419,-83.819586,-814.238412
-88.645704,-817.455701,-89.105904,-821.205084,-88.186969,-813.704440
-93.012132,-816.918964,-93.472027,-820.670467,-92.552047,-813.170840
-97.377923,-816.374363,-97.845984,-820.123423,-96.911956,-812.633388
-101.743953,-815.833133,-102.206665,-819.570592,-101.277733,-812.093047
-106.108579,-815.285219,-106.579260,-819.027918,-105.639240,-811.546824
-110.473747,-814.739062,-110.940167,-818.472904,-110.001466,-811.002035
-114.839356,-814.192405,-115.312854,-817.929107,-114.371709,-810.464393
-119.204603,-813.649143,-119.673710,-817.373245,-118.740347,-809.924819
-123.569477,-813.102377,-124.034515,-816.829325,-123.104541,-809.379325
-127.935589,-812.555706,-128.397902,-816.273952,-127.467913,-808.834995
-132.301901,-812.010632,-132.765904,-815.731696,-131.836956,-808.289511
-136.667009,-811.464912,-137.136880,-815.177600,-136.197570,-807.756749
-141.032471,-810.920493,-141.500314,-814.631685,-140.569803,-807.210899
-145.387601,-810.289737,-145.921265,-813.996980,-144.855805,-806.586939
-149.737131,-809.629880,-150.312706,-813.343288,-149.163716,-805.922403
-154.072744,-808.889913,-154.685280,-812.597725,-153.463297,-805.177640
-158.389797,-808.052462,-159.126806,-811.744391,-157.646671,-804.354400
-162.701867,-807.184413,-163.372270,-810.898322,-162.035878,-803.473838
-166.987294,-806.198012,-167.848918,-809.860837,-166.124468,-802.531840
-171.272238,-805.203647,-172.139464,-808.870121,-170.409455,-801.550120
-175.535990,-804.118559,-176.481845,-807.770756,-174.592567,-800.470535
-179.796818,-803.017318,-180.756415,-806.676458,-178.839125,-799.366542
-184.031310,-801.821743,-185.063427,-805.463622,-183.002411,-798.183428
-188.245958,-800.563931,-189.346319,-804.184263,-187.146054,-796.944280
-192.444372,-799.258651,-193.546244,-802.867928,-191.340592,-795.645299
-196.617875,-797.874549,-197.825288,-801.446074,-195.414147,-794.307045
-200.789840,-796.481514,-201.949122,-800.066755,-199.637867,-792.907077
-204.944956,-795.038604,-206.192889,-798.590203,-203.702440,-791.488959
-209.099575,-793.591669,-210.346558,-797.145761,-207.857550,-790.039911
-213.254765,-792.144553,-214.500427,-795.698673,-212.010815,-788.590096
-217.410639,-790.697192,-218.644564,-794.251803,-216.174872,-787.141846
-221.567434,-789.249512,-222.809604,-792.803288,-220.328944,-785.695505
-225.724216,-787.801836,-226.963118,-791.353851,-224.482172,-784.249907
-229.880520,-786.354328,-231.117162,-789.904538,-228.646984,-782.804183
-234.036051,-784.907084,-235.271293,-788.465943,-232.801301,-781.355943
-238.191595,-783.459843,-239.425686,-787.016604,-236.955399,-779.906605
-242.345834,-782.013054,-243.579473,-785.567186,-241.109515,-778.457410
-246.498396,-780.566848,-247.733640,-784.118755,-245.263637,-777.008756
-250.652427,-779.126737,-251.887757,-782.680295,-249.415632,-775.570584
-254.809896,-777.696726,-256.031874,-781.256285,-253.586596,-774.130900
-258.966848,-776.264037,-260.196060,-779.830480,-257.736113,-772.700480
-263.123916,-774.832862,-264.350233,-778.403338,-261.889700,-771.263543
-267.289854,-773.428498,-268.556699,-776.984844,-266.017513,-769.867260
-271.484528,-772.111825,-272.609437,-775.705413,-270.361888,-768.515915
-275.681338,-770.799631,-276.792977,-774.386120,-274.572329,-767.206110
-279.880838,-769.489347,-281.034874,-773.040980,-278.718069,-765.912293
-284.113728,-768.287707,-285.130645,-771.889092,-283.096360,-764.689112
-288.349472,-767.097095,-289.345254,-770.688684,-287.355973,-763.500244
-292.584691,-765.903308,-293.588918,-769.490335,-291.578911,-762.310272
-296.843302,-764.793849,-297.783050,-768.400782,-295.902827,-761.180861
-301.107859,-763.705271,-302.015901,-767.326749,-300.197438,-760.075393
-305.371137,-762.615007,-306.282779,-766.244023,-304.452511,-758.984024
-309.657526,-761.619849,-310.505425,-765.263387,-308.804283,-757.973344
-313.957204,-760.678746,-314.735840,-764.331640,-313.175846,-757.021634
-318.256994,-759.738816,-319.035681,-763.379920,-317.474046,-756.089920
-322.565310,-758.847722,-323.327790,-762.498448,-321.798416,-755.188622
-326.885008,-758.016532,-327.580859,-761.694471,-326.189074,-754.334641
-331.204031,-757.182154,-331.896360,-760.870197,-330.512498,-753.489522
-335.529352,-756.380386,-336.260583,-760.065614,-334.802622,-752.684835
-339.867983,-755.658877,-340.473680,-759.360820,-339.263765,-751.950818
-344.206693,-754.940546,-344.804243,-758.637644,-343.604243,-751.235780
-348.545620,-754.231900,-349.244273,-757.903087,-347.850035,-750.552095
-352.900522,-753.631303,-353.408381,-757.337267,-352.398176,-749.927444
-357.256015,-753.035930,-357.749169,-756.743261,-356.760400,-749.332876
-361.612242,-752.440587,-362.110594,-756.137413,-361.109837,-748.738483
-365.968801,-751.844272,-366.472105,-755.544018,-365.461027,-748.143959
-370.328124,-751.262309,-370.823259,-754.959475,-369.833349,-747.559478
-374.689190,-750.690786,-375.175661,-754.395599,-374.204247,-746.984056
-379.106854,-750.111861,-379.623935,-753.810930,-378.652617,-746.405500
-383.507492,-749.535169,-383.995839,-753.236251,-383.016609,-745.835822
-387.872119,-748.963189,-388.358723,-752.661728,-387.389228,-745.261528
-392.237152,-748.391158,-392.719465,-752.093800,-391.749470,-744.686032
-396.601243,-747.819239,-397.080448,-751.522295,-396.118070,-744.116097
-400.964253,-747.247474,-401.452216,-750.948243,-400.483064,-743.548015
-405.326095,-746.675867,-405.815040,-750.372850,-404.845040,-742.973928
-409.688072,-746.104241,-410.176581,-749.810171,-409.206581,-742.398139
-414.051329,-745.532437,-414.537075,-749.234413,-413.567459,-741.835723
-418.413568,-744.951523,-418.888341,-748.660162,-417.938361,-741.250242
-422.769629,-744.337380,-423.292234,-748.035760,-422.242179,-740.636035
-427.125318,-743.722735,-427.649727,-747.421281,-426.601861,-740.021214
-431.481193,-743.108136,-432.001685,-746.806776,-430.951686,-739.406800
-435.837418,-742.494834,-436.354604,-746.191725,-435.313572,-738.792320
-440.185093,-741.836303,-440.735120,-745.537491,-439.628702,-738.137919
-444.528654,-741.153958,-445.117108,-744.853162,-443.947110,-737.460311
-448.873397,-740.473253,-449.457466,-744.168967,-448.297465,-736.768558
-453.218531,-739.791041,-453.791081,-743.494153,-452.641080,-736.086248
-457.562773,-739.097329,-458.078978,-742.814581,-457.045739,-735.391106
-461.896864,-738.343482,-462.540043,-742.046203,-461.250791,-734.643312
-466.229237,-737.586398,-466.873577,-741.291209,-465.583622,-733.871209
-470.562174,-736.826592,-471.205864,-740.547798,-469.925864,-733.106927
-474.891401,-736.041656,-475.427875,-739.806271,-474.364004,-732.313399
-479.187714,-735.101929,-480.007328,-738.756482,-478.367047,-731.466116
-483.437294,-733.984026,-484.378855,-737.596078,-482.490978,-730.376605
-487.636578,-732.689684,-488.647114,-736.302704,-486.627254,-729.081270
-491.765213,-731.183579,-493.070066,-734.705011,-490.458536,-727.673865
-495.841878,-729.532321,-497.272609,-732.989073,-494.412503,-726.079003
-499.859377,-727.741088,-501.394645,-731.175241,-498.331726,-724.323246
-503.813413,-725.815481,-505.351215,-729.271612,-502.287093,-722.373203
-507.664506,-723.691866,-509.503987,-726.986509,-505.833024,-720.405892
-511.427084,-721.414688,-513.390077,-724.616258,-509.471050,-718.215880
-515.091112,-718.982884,-517.136623,-722.122414,-513.043164,-715.845276
-518.639033,-716.384474,-520.757818,-719.495021,-516.533295,-713.291018
-522.079766,-713.646878,-524.439681,-716.571944,-519.729021,-710.722625
-525.413240,-710.780717,-527.870159,-713.607798,-522.970337,-707.965968
-528.653290,-707.810876,-531.128695,-710.581078,-526.178506,-705.041726
-531.749376,-704.688889,-534.376563,-707.341408,-529.142412,-702.065641
-534.721707,-701.446562,-537.478483,-703.941686,-531.968456,-698.951598
-537.554576,-698.081971,-540.424310,-700.482678,-534.694205,-695.690224
-540.256589,-694.610240,-543.173131,-696.964075,-537.350161,-692.261059
-542.806535,-691.023968,-545.864945,-693.168454,-539.770146,-688.906187
-545.191681,-687.326831,-548.330006,-689.324399,-542.051782,-685.332786
-547.424242,-683.537567,-550.668186,-685.441502,-544.206164,-681.654622
-549.561892,-679.692102,-552.852959,-681.556118,-546.279597,-677.834974
-551.599285,-675.790139,-554.953384,-677.523488,-548.243494,-674.063398
-553.628327,-671.884976,-556.984481,-673.617750,-550.284788,-670.158799
-555.663056,-667.986911,-559.001272,-669.730913,-552.325341,-666.244910
-557.679842,-664.082704,-560.983566,-665.880256,-554.384176,-662.283251
-559.621036,-660.140602,-562.996959,-661.806351,-556.246880,-658.476613
-561.560695,-656.196433,-564.950327,-657.848291,-558.181030,-654.542649
-563.506606,-652.252784,-566.893698,-653.911181,-560.112913,-650.588784
-565.439620,-648.301379,-568.824759,-650.010452,-562.079247,-646.599472
-567.311717,-644.321242,-570.730638,-645.929090,-563.890711,-642.719198
-569.175541,-640.337003,-572.605145,-641.925905,-565.755143,-638.745994
-571.038587,-636.353816,-574.457795,-637.953332,-567.617528,-634.763332
-572.902219,-632.370800,-576.320964,-633.967987,-569.480986,-630.777998
-574.767191,-628.386138,-578.184468,-629.983435,-571.355387,-626.791300
-576.631358,-624.400498,-580.047585,-625.999863,-573.217903,-622.803882
-578.495930,-620.416782,-581.911674,-622.016074,-575.081298,-618.816955
-580.358759,-616.432822,-583.775196,-618.030952,-576.944551,-614.840716
-582.223618,-612.448088,-585.627376,-614.044280,-578.811570,-610.853602
-584.087931,-608.462564,-587.490525,-610.056504,-580.681657,-606.866459
-585.951891,-604.477345,-589.355162,-606.069542,-582.545046,-602.879612
-587.816881,-600.490531,-591.218079,-602.083665,-584.408079,-598.894443
-589.677549,-596.500333,-593.086542,-598.090855,-586.271661,-594.910673
-591.537249,-592.510686,-594.945622,-594.098640,-588.125612,-590.919173
-593.396585,-588.522518,-596.808795,-590.112673,-589.988922,-586.932507
-595.255056,-584.534098,-598.671959,-586.126177,-591.842327,-582.945568
-597.114402,-580.545140,-600.531529,-582.138134,-593.695970,-578.954617
-598.973538,-576.554637,-602.388393,-578.150714,-595.559431,-574.961200
-600.833952,-572.565139,-604.252629,-574.155379,-597.412530,-570.965375
-602.692932,-568.578208,-606.115707,-570.171762,-599.265145,-566.981860
-604.548149,-564.593024,-607.976481,-566.188162,-601.126481,-562.998162
-606.405202,-560.608417,-609.832892,-562.204001,-602.982552,-559.013940
-608.262868,-556.622041,-611.697247,-558.219172,-604.836400,-555.027808
-610.060337,-552.607079,-613.508482,-554.156524,-606.608384,-551.065259
-611.843513,-548.586484,-615.301159,-550.112418,-608.393940,-547.063280
-613.630875,-544.567921,-617.076436,-546.096842,-610.177014,-543.046905
-615.413682,-540.547284,-618.852792,-542.071927,-611.972797,-539.020089
-617.134436,-536.499811,-620.599939,-537.979874,-613.668835,-535.022702
-618.832989,-532.442807,-622.306774,-533.884678,-615.355404,-530.995779
-620.532086,-528.384489,-624.010955,-529.839524,-617.051176,-526.930041
-622.230913,-524.327120,-625.709377,-525.787518,-618.753938,-522.865602
-623.873592,-520.246999,-627.363851,-521.662662,-620.384400,-518.833054
-625.485704,-516.152599,-628.990600,-517.528440,-621.980606,-514.778445
-627.102871,-512.058777,-630.596801,-513.434585,-623.606647,-510.682016
-628.715615,-507.964077,-632.203018,-509.351245,-625.223017,-506.580217
-630.290731,-503.855597,-633.789200,-505.214531,-626.798379,-502.506934
-631.854238,-499.742908,-635.345267,-501.071960,-628.355403,-498.411960
-633.337241,-495.601226,-636.801295,-496.977816,-629.869244,-494.219990
-634.613687,-491.393062,-638.183856,-492.472260,-631.063972,-490.325681
-635.702390,-487.133676,-639.322891,-488.028841,-632.082271,-486.239613
-636.656792,-482.793847,-640.314976,-483.578390,-633.004610,-482.006141
-637.447976,-478.466695,-641.111793,-479.255775,-633.800600,-477.683054
-638.035003,-474.107918,-641.735016,-474.574680,-634.345039,-473.645291
-638.441199,-469.729811,-642.139753,-470.043275,-634.739614,-469.413290
-638.682593,-465.339712,-642.407484,-465.554904,-634.977302,-465.128468
-638.757285,-460.940503,-642.521162,-461.158529,-635.024576,-460.722604
-638.623434,-456.545230,-642.379626,-456.399228,-634.869556,-456.688785
-638.285785,-452.165599,-642.021982,-451.848671,-634.561273,-452.476628
-637.821971,-447.788785,-641.537009,-447.396647,-634.114292,-448.183369
-637.250562,-443.418671,-640.976603,-442.905391,-633.542912,-443.924578
-636.709351,-439.037443,-640.429060,-438.563694,-632.959136,-439.513840
-636.134374,-434.654577,-639.882678,-434.181647,-632.374882,-435.122749
-635.496887,-430.270446,-639.241157,-429.741193,-631.760160,-430.799761
-634.849695,-425.876492,-638.564776,-425.319286,-631.125680,-426.429758
-634.197864,-421.475855,-637.911108,-420.938511,-630.481200,-422.018396
-633.512847,-417.073720,-637.239438,-416.580196,-629.817006,-417.564036
-632.787170,-412.673242,-636.488539,-412.056971,-629.080846,-413.295542
-632.052774,-408.270785,-635.756897,-407.654598,-628.336824,-408.894680
-631.234477,-403.881276,-634.944916,-403.225083,-627.535503,-404.541994
-630.357012,-399.500801,-634.042877,-398.751348,-626.681887,-400.252451
-629.437658,-395.126922,-633.129658,-394.475758,-625.751314,-395.786990
-628.339843,-390.795528,-631.959721,-389.868883,-624.719707,-391.718921
-627.228279,-386.470484,-630.865649,-385.567333,-623.634694,-387.365595
-626.005111,-382.180791,-629.601778,-381.147147,-622.441498,-383.211927
-624.796112,-377.886321,-628.382832,-376.865621,-621.202811,-378.904202
-623.427353,-373.638181,-626.984244,-372.503450,-619.884358,-374.772428
-622.020240,-369.403276,-625.556272,-368.207266,-618.506263,-370.591881
-620.520848,-365.199862,-624.039029,-363.961017,-617.023656,-366.427852
-618.937529,-361.023112,-622.416200,-359.679583,-615.476200,-362.369578
-617.299596,-356.864470,-620.803656,-355.580586,-613.810001,-358.141361
-615.522159,-352.764171,-618.954183,-351.261887,-612.118507,-354.257147
-613.755126,-348.661786,-617.247742,-347.308427,-610.272639,-350.008292
-611.851614,-344.622111,-615.241681,-343.023643,-608.481730,-346.213484
-609.970952,-340.572626,-613.337197,-338.987134,-606.578241,-342.169502
-608.070514,-336.533911,-611.444800,-334.959541,-604.674800,-338.114508
-606.165189,-332.496032,-609.552055,-330.922044,-602.771360,-334.081102
-604.267416,-328.455995,-607.647920,-326.877263,-600.877920,-330.036769
-602.329196,-324.439726,-605.732475,-322.907035,-598.924538,-325.974663
-600.277182,-320.480924,-603.580670,-318.757906,-596.982049,-322.198957
-598.134858,-316.568522,-601.446980,-314.784546,-594.877371,-318.315299
-595.960494,-312.673037,-599.204478,-310.808832,-592.687598,-314.561437
-593.602406,-308.883934,-596.816097,-306.921440,-590.396811,-310.846306
-591.184652,-305.129327,-594.334030,-303.076298,-588.053542,-307.175480
-588.656999,-301.447172,-591.725029,-299.317777,-585.584767,-303.577397
-586.079540,-297.801187,-589.237592,-295.803387,-582.949420,-299.774617
-583.361491,-294.265126,-586.315368,-291.974095,-580.425687,-296.548837
-580.590166,-290.769604,-583.569216,-288.487041,-577.641305,-293.029588
-577.726414,-287.349914,-580.576460,-284.908496,-574.885124,-289.777548
-574.783316,-283.993841,-577.624644,-281.527931,-571.949716,-286.443077
-571.763007,-280.700667,-574.521057,-278.149633,-569.014298,-283.242914
-568.628597,-277.511313,-571.319580,-274.849580,-565.969628,-280.139613
-565.463731,-274.348829,-568.117863,-271.645814,-562.810062,-277.047573
-562.172471,-271.328223,-564.729076,-268.544765,-559.614782,-274.109668
-558.874388,-268.330260,-561.402987,-265.524784,-556.353001,-271.132870
-555.594791,-265.328731,-558.130505,-262.548670,-553.050582,-268.119640
-552.298774,-262.359689,-554.831063,-259.575227,-549.767258,-265.143106
-549.005975,-259.398534,-551.521693,-256.605431,-546.492307,-262.195179
-545.720011,-256.444746,-548.232225,-253.653136,-543.212905,-259.233759
-542.441580,-253.496412,-544.942120,-250.718246,-539.941375,-256.277698
-539.166850,-250.549005,-541.662762,-247.773194,-536.666769,-253.321882
-535.901373,-247.597369,-538.404494,-244.828817,-533.396377,-250.368811
-532.637635,-244.646700,-535.143092,-241.873086,-530.133165,-247.413108
-529.373189,-241.695360,-531.882006,-238.928922,-526.872006,-244.468926
-526.107982,-238.743363,-528.614472,-235.972610,-523.604473,-241.512610
-522.843305,-235.791824,-525.345237,-233.016748,-520.335235,-238.566350
-519.579169,-232.840774,-522.083144,-230.072986,-517.073151,-235.612136
-516.315086,-229.889774,-518.822514,-227.116297,-513.811148,-232.661136
-513.051244,-226.938988,-515.555887,-224.169009,-510.549388,-229.712509
-509.788198,-223.988935,-512.296167,-221.216799,-507.286141,-226.756528
-506.525876,-221.039524,-509.034899,-218.272696,-504.025096,-223.812693
-503.263884,-218.090419,-505.772494,-215.321718,-500.762494,-220.861718
-500.001169,-215.140658,-502.507402,-212.371954,-497.497400,-217.911949
-496.738528,-212.190965,-499.247175,-209.426486,-494.237165,-214.956583
-493.477595,-209.242800,-495.985676,-206.469943,-490.975676,-212.010306
-490.233868,-206.277603,-492.732018,-203.515878,-487.719590,-209.062258
-486.982852,-203.316930,-489.529610,-200.540818,-484.438991,-206.090041
-483.793953,-200.286954,-486.344815,-197.573095,-481.197780,-203.059196
-480.651828,-197.210693,-483.303522,-194.540404,-477.984815,-199.890416
-477.557670,-194.083264,-480.184878,-191.415149,-474.889943,-196.799656
-474.516645,-190.903869,-477.240000,-188.330000,-471.790000,-193.480000
-471.529745,-187.671149,-474.275998,-185.137230,-468.765417,-190.230110
-468.601391,-184.386212,-471.378460,-181.915182,-465.805251,-186.870715
-465.727850,-181.051924,-468.574520,-178.622333,-462.864731,-183.491547
-462.912177,-177.669230,-465.738235,-175.270242,-460.059272,-180.092130
-460.160979,-174.235972,-463.083925,-171.918206,-457.234264,-176.550722
-457.466773,-170.758433,-460.369299,-168.492250,-454.510286,-173.072164
-454.829939,-167.240733,-457.834560,-165.032520,-451.794154,-169.462143
-452.239157,-163.686380,-455.193360,-161.399173,-449.208792,-166.029277
-449.710645,-160.087483,-452.798682,-157.952894,-446.618739,-162.217082
-447.218559,-156.397157,-450.302281,-154.273552,-444.083043,-158.473909
-444.803084,-152.679652,-447.922519,-150.653921,-441.672652,-154.714551
-442.478376,-148.948196,-445.651739,-146.988027,-439.290837,-150.917771
-440.208110,-145.182561,-443.346237,-143.236185,-437.026396,-147.153550
-438.000333,-141.377845,-441.231531,-139.523753,-434.750480,-143.233632
-435.847155,-137.538093,-439.057919,-135.706470,-432.579799,-139.397921
-433.769255,-133.658554,-437.065973,-131.923931,-430.457735,-135.400147
-431.759468,-129.744345,-435.050325,-128.022653,-428.398785,-131.500226
-429.813860,-125.801082,-433.157969,-124.176217,-426.457865,-127.435841
-427.937265,-121.822670,-431.324887,-120.241197,-424.524640,-123.409943
-426.081450,-117.832960,-429.482486,-116.257982,-422.680944,-119.407509
-424.262236,-113.826881,-427.677643,-112.284541,-420.847640,-115.373918
-422.444839,-109.820511,-425.863778,-108.278832,-419.023926,-111.368829
-420.626554,-105.813993,-424.039883,-104.264926,-417.211558,-107.362347
-418.809346,-101.806791,-422.227369,-100.262384,-415.386706,-103.354955
-416.991948,-97.800579,-420.414584,-96.250399,-413.574517,-99.351397
-415.174004,-93.795553,-418.599186,-92.244323,-411.750672,-95.347220
-413.355261,-89.790328,-416.775811,-88.235987,-409.932593,-91.343962
-411.536628,-85.782988,-414.964849,-84.227500,-408.113563,-87.337685
-409.718975,-81.775615,-413.140216,-80.219504,-406.290215,-83.331503
-407.901655,-77.769770,-411.325821,-76.213521,-404.477336,-79.325629
-406.084459,-73.763578,-409.513319,-72.207051,-402.652503,-75.319613
-404.256879,-69.761625,-407.691338,-68.195077,-400.829709,-71.325316
-402.414358,-65.767850,-405.836627,-64.184505,-398.995675,-67.350559
-400.568277,-61.776962,-403.989401,-60.191393,-397.153883,-63.362324
-398.722066,-57.784745,-402.139777,-56.202470,-395.302732,-59.366058
-396.876132,-53.791997,-400.296521,-52.212938,-393.456610,-55.371935
-395.029898,-49.800272,-398.442688,-48.222778,-391.611816,-51.378559
-393.155913,-45.820414,-396.559207,-44.226458,-389.749558,-47.415103
-391.257652,-41.850527,-394.645840,-40.223407,-387.865336,-43.476449
-389.359893,-37.882134,-392.742405,-36.257000,-385.972400,-39.507024
-387.463180,-33.914851,-390.848960,-32.293213,-384.078960,-35.536509
-385.537076,-29.961036,-388.902800,-28.312814,-382.197834,-31.597151
-383.562498,-26.030538,-386.901455,-24.339601,-380.221440,-27.717934
-381.578130,-22.104394,-384.919751,-20.399855,-378.238533,-23.806789
-379.593464,-18.178545,-382.949280,-16.478672,-376.239350,-19.877071
-377.585307,-14.264021,-380.941720,-12.548446,-374.251807,-15.967431
-375.550833,-10.361712,-378.878252,-8.622191,-372.238182,-12.091658
-373.498202,-6.467221,-376.825255,-4.700954,-370.178196,-8.232487
-371.443772,-2.574643,-374.781387,-0.808196,-368.101355,-4.344494
-369.357749,1.299618,-372.715580,3.078652,-366.028645,-0.464334
-367.280446,5.178495,-370.594792,6.967387,-363.965013,3.389830
-365.169704,9.037806,-368.475675,10.841959,-361.863291,7.233569
-363.058035,12.893850,-366.357476,14.704362,-359.757481,11.084363
-360.948032,16.750285,-364.253599,18.557746,-357.642963,14.941658
-358.836496,20.608013,-362.143181,22.416277,-355.531115,18.798194
-356.722888,24.467247,-360.033124,26.276340,-353.410643,22.657236
-354.609481,28.326475,-357.922371,30.136589,-351.300386,26.515339
-352.496258,32.185022,-355.810506,33.998029,-349.190506,30.373025
-350.407118,36.058430,-353.706930,37.858248,-347.099989,34.255377
-348.351008,39.951738,-351.683556,41.707242,-345.013115,38.192034
-346.291169,43.842908,-349.629699,45.604202,-342.949099,42.082059
-344.233735,47.734485,-347.577666,49.502271,-340.887510,45.967230
-342.179461,51.628108,-345.533552,53.398251,-338.823448,49.856670
-340.122558,55.519318,-343.478481,57.292918,-336.759474,53.745308
-338.095547,59.423857,-341.456377,61.175292,-334.736174,57.674594
-336.100937,63.343423,-339.472843,65.058425,-332.724801,61.626409
-334.101635,67.259380,-337.468277,68.974972,-330.734425,65.545328
-332.107516,71.176341,-335.474162,72.888601,-328.744033,69.461488
-330.112074,75.093157,-333.472492,76.803548,-326.752894,73.381595
-328.116170,79.011297,-331.468595,80.719525,-324.760187,77.299248
-326.142325,82.941360,-329.495760,84.632283,-322.784449,81.249989
-324.193105,86.882342,-327.562275,88.544879,-320.822573,85.217981
-322.242641,90.823300,-325.618845,92.486569,-318.868695,89.159640
-320.291963,94.765545,-323.664545,96.437108,-316.915452,93.094456
-318.342512,98.708728,-321.722007,100.378704,-314.961846,97.037305
-316.399376,102.655144,-319.778602,104.322996,-313.008549,100.973058
-314.482063,106.613528,-317.865384,108.248658,-311.095117,104.978157
-312.594533,110.586316,-315.991610,112.196710,-309.191680,108.976331
-310.706940,114.560192,-314.108240,116.174000,-307.308011,112.945001
-308.817902,118.534140,-312.224952,120.149866,-305.414800,116.919909
-306.930527,122.509456,-310.331361,124.122582,-303.521648,120.894050
-305.040857,126.485536,-308.447926,128.104465,-301.637926,124.867533
-303.150477,130.461551,-306.554479,132.081385,-299.744480,128.841619
-301.264874,134.438787,-304.671075,136.057516,-297.859547,132.815440
-299.378368,138.414492,-302.787582,140.024728,-295.977345,136.798873
-297.496744,142.391824,-300.894119,144.002347,-294.094157,140.782139
-295.616266,146.366284,-299.010720,147.968502,-292.220642,144.758397
-293.732058,150.335384,-297.127280,151.946179,-290.337206,148.725320
-291.856317,154.304697,-295.243820,155.906435,-288.463774,152.703700
-289.974298,158.264666,-293.360454,159.869613,-286.590407,156.660313
-288.102495,162.224725,-291.476957,163.824506,-284.726088,160.625195
-286.225990,166.179461,-289.603295,167.771607,-282.853519,164.582405
-284.350115,170.131540,-287.720273,171.728932,-280.980075,168.532188
-282.484037,174.084626,-285.846642,175.677453,-279.106536,172.486657
-280.602297,178.025713,-283.973667,179.623729,-277.243234,176.431879
-278.736473,181.973485,-282.099736,183.570567,-275.369492,180.369495
-276.866004,185.919873,-280.237250,187.509448,-273.496328,184.328465
-274.987876,189.863643,-278.362885,191.464053,-271.622881,188.264025
-273.125446,193.814192,-276.488381,195.406844,-269.749724,192.218133
-271.249907,197.758069,-274.626078,199.359216,-267.876229,196.161836
-269.361518,201.745244,-272.732626,203.345705,-265.992605,200.145243
-267.494916,205.691067,-270.869110,207.290771,-264.119116,204.091356
-265.620917,209.633085,-269.001531,211.238540,-262.244613,208.027645
-263.760307,213.580170,-267.132412,215.178056,-260.374889,211.974946
-261.887202,217.518575,-265.268807,219.122378,-258.508800,215.922453
-260.023812,221.461317,-263.405358,223.058822,-256.645909,219.858355
-258.162426,225.407973,-261.541642,227.001041,-254.776537,223.810421
-256.290281,229.350077,-259.668078,230.953990,-252.918541,227.753514
-254.433481,233.300181,-257.815008,234.899403,-251.044582,231.699380
-252.571392,237.248128,-255.961315,238.847871,-249.181522,235.653592
-250.712312,241.198750,-254.109232,242.795990,-247.318349,239.597399
-248.851991,245.149318,-252.255198,246.750844,-245.454726,243.551714
-247.016659,249.110962,-250.390524,250.697488,-243.611581,247.506851
-245.221651,253.090813,-248.636442,254.619795,-241.789076,251.554267
-243.424462,257.072403,-246.864771,258.613433,-239.995328,255.534536
-241.642483,261.061393,-245.090841,262.608025,-238.190856,259.517996
-239.882848,265.060008,-243.315782,266.594956,-236.414850,263.512114
-238.132734,269.061505,-241.578079,270.560581,-234.684239,267.556159
-236.428486,273.080069,-239.902707,274.549268,-232.951208,271.610787
-234.719671,277.093775,-238.206932,278.575119,-231.235570,275.615412
-233.036395,281.119115,-236.509839,282.612481,-229.540092,279.618375
-231.366479,285.151209,-234.833175,286.582644,-227.883651,283.709663
-229.723553,289.194095,-233.207481,290.596440,-226.227488,287.786773
-228.093893,293.240881,-231.591148,294.650641,-224.591332,291.830155
-226.481625,297.293276,-229.970000,298.705322,-222.960268,295.864924
-224.862289,301.342152,-228.358795,302.718608,-221.369027,299.969195
-223.286361,305.409563,-226.752272,306.783549,-219.802600,304.023325
-221.726310,309.484442,-225.246229,310.820359,-218.206400,308.147433
-220.182391,313.565042,-223.721257,314.901822,-216.630233,312.222299
-218.652295,317.651277,-222.194895,318.954763,-215.103899,316.344547
-217.125672,321.740176,-220.668066,323.060446,-213.598109,320.430123
-215.621769,325.839241,-219.150595,327.143821,-212.082793,324.533840
-214.109688,329.938985,-217.647997,331.238236,-210.565546,328.637948
-212.595622,334.043412,-216.139305,335.352073,-209.049302,332.742079
-211.093245,338.157261,-214.632047,339.456211,-207.540760,336.856179
-209.569217,342.267687,-213.117836,343.569286,-206.025841,340.964632
-208.049267,346.384216,-211.580632,347.694528,-204.520266,345.074671
-206.530478,350.505985,-210.044540,351.798571,-203.004537,349.208563
-204.987967,354.623716,-208.508221,355.922762,-201.478179,353.333942
-203.407117,358.730254,-206.913143,360.087903,-199.931299,357.386494
-201.788176,362.823454,-205.276683,364.107132,-198.343821,361.554209
-200.102470,366.887180,-203.570755,368.295598,-196.649103,365.487036
-198.354335,370.924787,-201.757908,372.419219,-194.964416,369.433714
-196.549281,374.938247,-199.966581,376.472051,-193.144096,373.402728
-194.674399,378.918738,-198.041209,380.527330,-191.321235,377.317658
-192.737391,382.868799,-196.110344,384.521506,-189.407759,381.237142
-190.757073,386.798282,-194.098762,388.505566,-187.434099,385.101377
-188.715363,390.697829,-192.059098,392.409761,-185.410985,389.007171
-186.636892,394.577803,-189.968680,396.354623,-183.328183,392.815810
-184.498867,398.424812,-187.798941,400.252459,-181.247989,396.622688
-182.302396,402.235668,-185.662124,404.087568,-178.989513,400.406445
-180.029671,406.000277,-183.266391,407.975481,-176.816728,404.025484
-177.707172,409.735514,-180.928035,411.773506,-174.506750,407.714668
-175.337854,413.443599,-178.529075,415.504541,-172.149987,411.390875
-172.957615,417.144410,-176.131635,419.185921,-169.772797,415.096799
-170.557459,420.832216,-173.724674,422.893597,-167.384248,418.773605
-168.153187,424.517519,-171.323629,426.580497,-164.977608,422.450499
-165.699018,428.168716,-168.893874,430.232135,-162.552299,426.138272
-163.130441,431.736644,-166.210013,433.973002,-160.090726,429.532186
-160.459931,435.232264,-163.444400,437.531054,-157.482275,432.942945
-157.661123,438.627225,-160.613502,440.987247,-154.776942,436.321897
-154.779691,441.948309,-157.688498,444.384576,-151.905757,439.546761
-151.811282,445.189349,-154.578886,447.731159,-149.058845,442.651201
-148.725865,448.320449,-151.456676,450.910689,-146.043731,445.778368
-145.551627,451.360424,-148.140627,454.094536,-143.002682,448.661537
-142.265806,454.280403,-144.788002,457.080761,-139.783417,451.523950
-138.906645,457.112818,-141.290108,459.991894,-136.529727,454.251928
-135.445924,459.821086,-137.803055,462.756941,-133.127975,456.929416
-131.923513,462.450901,-134.197191,465.468584,-129.684480,459.484002
-128.304917,464.944796,-130.440828,468.056337,-126.200692,461.875706
-124.590059,467.296906,-126.615307,470.493895,-122.601209,464.167253
-120.824134,469.571438,-122.770631,472.792151,-118.893015,466.383136
-116.991152,471.734421,-118.846257,474.987633,-115.141304,468.504610
-113.083341,473.755773,-114.812964,477.118474,-111.382931,470.448722
-109.124203,475.674195,-110.780210,479.069279,-107.495830,472.325937
-105.102488,477.457653,-106.726553,480.849948,-103.514356,474.127194
-101.017378,479.090221,-102.429668,482.577113,-99.616747,475.627306
-96.902310,480.646595,-98.222403,484.173344,-95.584919,477.123713
-92.733165,482.046585,-93.941729,485.569643,-91.524831,478.522710
-88.504915,483.257024,-89.546509,486.843822,-87.488433,479.751288
-84.258962,484.391597,-85.176983,488.011421,-83.346178,480.801568
-79.997428,485.468620,-80.974115,489.111274,-79.034081,481.873364
-75.722347,486.496795,-76.583609,490.145798,-74.862561,482.859665
-71.437541,487.488313,-72.287918,491.146023,-70.590613,483.836601
-67.133677,488.392742,-67.912507,492.058196,-66.358871,484.748552
-62.819158,489.252214,-63.534889,492.939264,-62.106574,485.573036
-58.494773,490.071252,-59.218130,493.761402,-57.775457,486.409117
-54.162139,490.847899,-54.814730,494.552968,-53.511768,487.151858
-49.819508,491.568753,-50.448113,495.286719,-49.202864,487.906850
-45.466048,492.202859,-45.982614,495.921276,-44.950943,488.500850
-41.104924,492.783521,-41.636835,496.525275,-40.579121,489.075744
-36.735787,493.317426,-37.180880,497.060187,-36.293917,489.600119
-32.362399,493.835559,-32.801923,497.583759,-31.924121,490.086850
-27.980247,494.253707,-28.349830,497.993688,-27.611893,490.524560
-23.594251,494.598947,-23.881125,498.363254,-23.308302,490.851800
-19.209393,494.948192,-19.534587,498.728980,-18.885163,491.188337
-14.823408,495.261198,-15.088782,499.026276,-14.558942,491.496280
-10.437780,495.566514,-10.693121,499.322447,-10.182369,491.803520
-5.959922,495.876189,-6.221120,499.630758,-5.699578,492.120760
-1.573315,496.179893,-1.833342,499.928113,-1.312340,492.428000
2.813282,496.483287,2.552047,500.236270,3.073745,492.735240
7.200335,496.785262,6.942321,500.532470,7.458846,493.042480
11.586668,497.090071,11.326122,500.829720,11.847116,493.349720
15.973833,497.392626,15.713988,501.126960,16.232921,493.656960
20.362663,497.696237,20.105482,501.424194,20.620389,493.964200
24.752014,497.999580,24.492809,501.721627,25.010954,494.271440
29.141433,498.301551,28.884737,502.028727,29.397614,494.578680
33.531214,498.609233,33.272781,502.325937,33.790789,494.885920
37.921282,498.917155,37.660663,502.633442,38.181640,495.193155
42.310171,499.224996,42.050516,502.950129,42.570513,495.500383
46.698248,499.532776,46.438258,503.257387,46.957365,495.807136
51.086721,499.840585,50.827453,503.564861,51.346800,496.125870
55.475484,500.148410,55.215225,503.872119,55.734446,496.432152
59.864760,500.456277,59.605145,504.179360,60.125121,496.739362
64.254987,500.764206,63.994796,504.486600,64.514796,497.046600
68.645501,501.072164,68.385347,504.793840,68.906025,497.353840
73.035173,501.380057,72.774914,505.101080,73.295957,497.661080
77.423742,501.687871,77.163607,505.408320,77.683773,497.968320
81.811581,501.994835,81.551729,505.715560,82.071692,498.275560
86.199151,502.299629,85.943725,506.022800,86.456080,498.572795
90.587151,502.602490,90.330555,506.330040,90.843553,498.870047
94.975092,502.905798,94.717549,506.637280,95.233166,499.177011
99.362156,503.209798,99.104253,506.944520,99.619268,499.474525
103.748852,503.512584,103.493219,507.251761,104.004847,499.771760
108.134999,503.816903,107.876090,507.558999,108.395844,500.069000
112.521754,504.120698,112.260901,507.866256,112.788443,500.366256
116.908677,504.421912,116.648441,508.173767,117.168697,500.662408
121.295573,504.726716,121.039570,508.480319,121.559570,500.970684
125.683465,505.030371,125.421538,508.798836,125.941015,501.267965
130.071799,505.333230,129.812525,509.105274,130.332735,501.565200
134.460386,505.636138,134.204038,509.402440,134.713200,501.872477
138.850916,505.939172,138.585734,509.699680,139.115468,502.179680
143.243164,506.243953,142.979659,509.997099,143.506612,502.486920
147.635221,506.549054,147.379124,510.304223,147.898024,502.794160
152.025453,506.851865,151.768517,510.601400,152.288514,503.101400
156.414386,507.157833,156.151020,510.898640,156.681630,503.408640
160.803672,507.460871,160.542534,511.196114,161.062534,503.715897
165.194079,507.764269,164.933948,511.503168,165.453749,504.030295
169.585056,508.068337,169.325029,511.800360,169.845027,504.340360
173.975935,508.373248,173.716368,512.097601,174.236108,504.647600
178.366565,508.676310,178.107757,512.393818,178.627491,504.954840
182.757352,508.973882,182.489132,512.701962,183.018039,505.261962
187.146702,509.270924,186.900475,512.999320,187.400855,505.539315
191.534341,509.557137,191.285017,513.296561,191.781834,505.816760
195.921085,509.846913,195.673205,513.593821,196.169586,506.104616
200.309103,510.137113,200.063801,513.900270,200.554517,506.381052
204.699828,510.388373,204.455050,514.147719,204.936867,506.649425
209.090555,510.602509,208.917281,514.369820,209.261682,506.845637
213.480710,510.816422,213.297671,514.590299,213.658623,507.042352
217.873136,511.027438,217.690000,514.810000,218.050000,507.240000
222.269089,511.193075,222.120105,514.978747,222.411873,507.439361
226.664767,511.344362,226.542971,515.104712,226.782627,507.591279
231.061926,511.458822,230.972702,515.230424,231.154121,507.700938
235.459561,511.578481,235.356209,515.350356,235.555236,507.809206
239.857138,511.665666,239.776945,515.438920,239.937001,507.916388
244.254474,511.758942,244.165925,515.490205,244.341671,508.023258
248.654575,511.785156,248.629520,515.539874,248.679458,508.049898
253.055718,511.833483,253.020998,515.589928,253.091765,508.069992
257.456547,511.836417,257.433133,515.619980,257.482298,508.090000
261.857073,511.853795,261.863205,515.590255,261.852647,508.110010
266.258626,511.816271,266.284717,515.570000,266.235164,508.089931
270.660447,511.787890,270.696501,515.542825,270.626394,508.031062
275.061731,511.724260,275.088972,515.505944,275.032353,507.959689
279.462448,511.653426,279.528366,515.410221,279.389060,507.889321
283.862040,511.559303,283.931701,515.309538,283.790265,507.829782
288.260096,511.452407,288.371761,515.208846,288.153068,507.680204
292.655068,511.300012,292.736156,515.108221,292.569105,507.527329
297.048655,511.140578,297.194292,514.909812,296.894479,507.369855
301.442159,510.961618,301.596806,514.712009,301.285328,507.220472
305.833414,510.756078,305.996292,514.513881,305.666180,507.029963
310.224304,510.553829,310.376132,514.328903,310.080293,506.787841
314.614647,510.292386,314.839919,514.050689,314.389986,506.550214
319.006942,510.045942,319.220535,513.783457,318.792366,506.303568
323.398052,509.780479,323.612947,513.516333,323.182682,506.059807
327.788759,509.490704,328.043844,513.249529,327.533560,505.749014
332.177121,509.160172,332.465145,512.903176,331.896134,505.421764
336.563637,508.828446,336.857769,512.564522,336.276440,505.084452
340.948298,508.489665,341.238667,512.227123,340.657069,504.757280
345.331711,508.120184,345.629454,511.880042,345.039453,504.400035
349.713505,507.730269,350.060195,511.475358,349.360279,503.985303
354.092963,507.312615,354.451087,511.061212,353.731836,503.564280
358.472265,506.899307,358.832197,510.648869,358.113371,503.148864
362.850913,506.480544,363.204657,510.231908,362.494905,502.721858
367.223237,505.994807,367.636244,509.744023,366.811172,502.247511
371.595182,505.485830,372.044443,509.226605,371.147941,501.743526
375.967362,504.976754,376.409026,508.718488,375.528510,501.239142
380.339871,504.467506,380.780047,508.212286,379.900505,500.723803
384.707989,503.930084,385.151704,507.659758,384.261706,500.210775
389.069897,503.361553,389.561049,507.085311,388.583468,499.634759
393.430283,502.790313,393.924356,506.510563,392.934668,499.070528
397.790760,502.218895,398.286769,505.946061,397.298622,498.497023
402.149912,501.630674,402.626982,505.371819,401.676839,497.922852
406.507323,501.030146,407.028651,504.737360,405.987439,497.317360
410.860816,500.405707,411.400505,504.112880,410.330505,496.692876
415.214316,499.781259,415.752514,503.488400,414.682212,496.068394
419.568189,499.156762,420.103502,502.863920,419.031335,495.443917
423.922932,498.532133,424.453951,502.239440,423.393736,494.819440
428.290993,497.905605,428.807404,501.614960,427.744482,494.194960
432.724867,497.269633,433.256655,500.980480,432.191831,493.560480
437.081708,496.644705,437.616398,500.356000,436.547160,492.936000
441.440370,496.019520,441.969246,499.731520,440.909103,492.311520
445.793559,495.395124,446.320050,499.107040,445.260050,491.687040
450.149142,494.771011,450.682807,498.482560,449.622787,491.062560
454.511767,494.155988,455.033524,497.868070,453.982942,490.438080
458.879096,493.535134,459.405570,497.253599,458.354902,489.823600
463.257035,492.924129,463.776420,496.639125,462.737461,489.209120
467.642271,492.306301,468.165192,496.024712,467.117791,488.594640
472.034134,491.681541,472.558880,495.400160,471.508934,487.970160
476.433499,491.065423,476.960197,494.775680,475.911241,487.345680
480.834965,490.429569,481.367308,494.150278,480.301620,486.711200
485.246452,489.808231,485.772643,493.536705,484.712195,486.076720
489.663124,489.174671,490.194324,492.902240,489.134362,485.442240
494.080041,488.540236,494.615652,492.277760,493.539670,484.818302
498.499741,487.918605,499.027061,491.643280,497.965740,484.183280
502.918720,487.281002,503.448492,491.008800,502.388400,483.558800
507.338273,486.655740,507.869760,490.384320,506.810622,482.934322
511.758234,486.027142,512.286064,489.749840,511.231167,482.299767
516.179353,485.396657,516.712515,489.115360,515.641552,481.675360
520.601269,484.773242,521.123843,488.490880,520.073859,481.050880
525.022999,484.132867,525.554918,487.856400,524.495201,480.426400
529.449381,483.511520,529.976562,487.221920,528.915485,479.792151
533.871699,482.865810,534.398117,486.587400,533.347695,479.167478
538.272469,482.096818,538.929492,485.813399,537.619656,478.412430
542.678440,481.344125,543.340897,485.042215,542.011712,477.629801
547.072263,480.526658,547.704658,484.251002,546.439034,476.813344
551.453831,479.655484,552.193399,483.339289,550.713392,475.969449
555.834870,478.778599,556.576913,482.447860,555.095692,475.106643
560.192614,477.800814,561.000735,481.470813,559.392258,474.156122
564.533764,476.750874,565.446610,480.414764,563.628105,473.123152
568.880433,475.729428,569.758852,479.392321,567.999826,472.062333
573.198672,474.600263,574.149885,478.242883,572.250767,470.961010
577.514216,473.470852,578.487766,477.098391,576.540154,469.846668
581.818926,472.302347,582.684276,475.955971,580.961368,468.655999
586.084036,470.993446,587.205150,474.607140,584.976680,467.417344
590.366657,469.723069,591.448839,473.318400,589.276955,466.099463
594.621665,468.359849,595.747001,471.977258,593.504339,464.758435
598.863778,466.951113,599.978164,470.560658,597.758559,463.380483
603.034134,465.346415,604.420717,468.884287,601.674377,461.874400
607.140532,463.592729,608.621935,467.074776,605.681280,460.168048
611.178040,461.689112,612.781482,465.113336,609.619254,458.345403
615.158793,459.675030,616.813848,463.078031,613.527646,456.316898
619.058786,457.513911,620.923620,460.795547,617.205467,454.247291
622.855048,455.174928,624.813221,458.413727,620.937545,451.996747
626.570417,452.709400,628.657354,455.844472,624.535044,449.646671
630.187429,450.102671,632.344316,453.179091,628.076149,447.086492
633.714938,447.375979,636.045301,450.308554,631.405671,444.464431
637.119349,444.495068,639.536355,447.418141,634.751835,441.649992
640.456342,441.541333,642.964196,444.365599,638.006045,438.773492
643.651689,438.444819,646.211118,441.257748,641.165082,435.703098
646.707505,435.227994,649.450005,437.806301,644.015808,432.693804
649.633224,431.902595,652.442643,434.395962,646.879903,429.457436
652.446796,428.493256,655.336183,430.887594,649.608153,426.135117
655.136039,424.994726,658.137827,427.283519,652.200258,422.754539
657.665861,421.386596,660.772797,423.542004,654.641710,419.287446
660.169664,417.761708,663.261606,419.937377,657.081401,415.587882
662.548902,414.057802,665.708699,416.090610,659.392384,412.029375
664.891643,410.331360,668.093040,412.342319,661.723921,408.338808
667.191938,406.578986,670.385994,408.538092,664.049422,404.646550
669.433468,402.793520,672.683676,404.679884,666.184588,400.910276
671.584499,398.955311,674.874105,400.783454,668.326098,397.149612
673.682643,395.087946,676.992147,396.867470,670.390789,393.316320
675.732144,391.195665,679.065829,392.938477,672.425912,389.469473
677.709079,387.267948,681.066182,388.964665,674.398395,385.592552
679.663945,383.328238,683.032854,385.063829,676.325434,381.606305
681.535523,379.346288,684.925339,380.973905,678.172882,377.730917
683.363622,375.344618,686.799145,376.891974,679.919125,373.791994
685.107974,371.307032,688.575177,372.797534,681.682667,369.836399
686.829223,367.259930,690.317102,368.713896,683.330672,365.803937
688.456148,363.172288,691.977804,364.570228,684.967778,361.791732
690.034415,359.066149,693.564000,360.405364,686.523810,357.735845
691.591362,354.951624,695.129355,356.281190,688.050424,353.621691
693.125182,350.828119,696.673398,352.147346,689.583396,349.518422
694.653539,346.701468,698.202701,348.013240,691.112580,345.393240
696.186020,342.575759,699.720697,343.889120,692.648562,341.261010
697.715156,338.447503,701.250000,339.755000,694.180002,337.135000
699.246290,334.320136,702.779309,335.630880,695.711438,333.010880
700.774945,330.194537,704.297757,331.506782,697.247415,328.886760
702.304323,326.070035,705.822871,327.382526,698.784659,324.762640
703.833731,321.945098,707.350149,323.248520,700.308727,320.638520
705.361119,317.820229,708.876180,319.124400,701.845948,316.514400
706.889327,313.695374,710.402339,315.000280,703.373429,312.390280
708.413839,309.569035,711.928720,310.866160,704.898721,308.270361
709.936999,305.443849,713.455157,306.742040,706.424450,304.142041
711.457737,301.318904,714.970785,302.617920,707.940828,300.027920
712.975721,297.192834,716.486513,298.483800,709.467948,295.903800
714.494655,293.067722,718.003549,294.359680,710.982142,291.779680
716.014317,288.941746,719.519653,290.235560,712.509235,287.655589
717.535254,284.814997,721.035421,286.101440,714.036079,283.521440
719.056263,280.687692,722.555185,281.977320,715.550996,279.397320
720.578667,276.558904,724.074661,277.843220,717.077715,275.273977
721.973623,272.383897,725.513899,273.568834,718.433403,271.199615
723.226291,268.165626,726.782311,269.299328,719.665788,267.030538
724.281079,263.898526,727.924545,264.763122,720.657995,263.044603
725.211668,259.604646,728.877699,260.366322,721.545454,258.844472
726.001041,255.237594,729.709462,255.892905,722.299600,254.582634
726.621464,250.893581,730.346806,251.517611,722.907314,250.272738
727.052722,246.531776,730.803145,246.879673,723.323023,246.191894
727.302536,242.159296,731.052022,242.347990,723.561629,241.969020
727.442442,237.786343,731.199066,237.898206,723.699366,237.675953
727.460420,233.417069,731.223766,233.607959,723.733779,233.224184
727.250316,229.057419,731.009742,228.864630,723.506666,229.246615
726.871517,224.709025,730.629148,224.363267,723.169595,225.053429
726.395630,220.369658,730.114672,219.994337,722.674560,220.747297
725.722103,216.057496,729.466935,215.647217,722.002170,216.457788
724.891285,211.775220,728.575198,211.040998,721.225454,212.501522
723.914401,207.523869,727.571917,206.668231,720.272070,208.367044
722.793656,203.305472,726.443550,202.398698,719.169951,204.199312
721.518312,199.131122,725.110213,198.018582,717.954686,200.240238
720.053593,195.019306,723.594794,193.744236,716.515178,196.295738
718.440632,190.962079,721.950119,189.561961,714.978328,192.349515
716.746033,186.936835,720.236258,185.561334,713.282760,188.303734
714.882141,182.987869,718.295290,181.365375,711.485274,184.594441
712.822940,179.142832,716.149160,177.338504,709.569274,180.908617
710.689783,175.336299,713.938738,173.504770,707.437317,177.168657
708.395142,171.623767,711.682355,169.779109,705.129655,173.455365
705.982220,167.988504,709.096749,165.888373,702.866646,170.088290
703.439731,164.443401,706.487749,162.231360,700.397446,166.649715
700.771086,160.991388,703.797029,158.737860,697.756049,163.233334
697.948266,157.667265,700.790074,155.203134,695.127199,160.110995
695.023790,154.429818,697.782365,151.882280,692.282759,156.962000
691.988649,151.296736,694.670528,148.680028,689.307646,153.907751
688.864090,148.255143,691.466927,145.547216,686.272521,150.951229
685.720083,145.233798,688.304760,142.505268,683.154809,147.946006
682.644606,142.140534,685.242088,139.452213,680.042526,144.842640
679.643645,138.974181,682.378283,136.419826,676.899677,141.540174
676.709927,135.741723,679.472030,133.236397,673.922039,138.263300
673.836507,132.456674,676.656680,130.045444,670.985967,134.894170
671.060040,129.086644,673.930885,126.742700,668.171520,131.445040
668.336050,125.672973,671.235001,123.393496,665.402143,127.974083
665.686852,122.204381,668.654214,119.964466,662.721593,124.443725
663.082675,118.703709,665.953901,116.351484,660.179105,121.068636
660.611842,115.106824,663.706693,112.995657,657.518560,117.218596
658.185354,111.476318,661.255679,109.325981,655.099639,113.636028
655.878699,107.770171,659.075113,105.805747,652.663792,109.735897
653.630235,104.027163,656.833594,102.076703,650.414424,105.987790
651.486678,100.222567,654.762252,98.405937,648.194268,102.050321
649.433526,96.368103,652.716726,94.625454,646.101654,98.135595
647.419913,92.493472,650.733011,90.828754,644.093277,94.164808
645.510435,88.565082,648.868386,86.939869,642.149501,90.191964
643.652272,84.607992,647.045891,83.024536,640.236604,86.200933
641.964252,80.575826,645.425800,79.142134,638.493041,82.014300
640.319322,76.520451,643.739529,75.018760,636.869657,78.032154
638.790686,72.414935,642.302436,71.127366,635.273265,73.703297
637.302144,68.289166,640.801758,66.973428,633.798181,69.606207
635.912561,64.124696,639.471315,62.956511,632.352405,65.293295
634.603079,59.928225,638.172559,58.780545,631.034355,61.076017
633.420580,55.690310,637.051359,54.705317,629.785226,56.675756
632.332119,51.425957,635.979439,50.505904,628.678086,52.346044
631.317671,47.144126,634.977183,46.306785,627.657651,47.982752
630.318711,42.858283,633.965999,42.008393,626.666032,43.708729
629.356595,38.563487,633.024280,37.752705,625.684260,39.376740
628.362742,34.275037,632.104572,33.653213,624.666592,34.887137
627.198103,30.031545,630.811165,29.027835,623.590993,31.033652
625.807510,25.857787,629.355377,24.658464,622.254922,27.057024
624.250294,21.741962,627.764449,20.430136,620.738655,23.053261
622.552672,17.682838,626.013833,16.198940,619.120948,19.157004
620.672154,13.708444,624.048038,12.066983,617.297861,15.348970
618.597334,9.834479,621.901277,8.043166,615.288473,11.625800
616.357581,6.054699,619.630550,4.185271,613.087956,7.920256
613.955474,2.374768,617.087049,0.282818,610.836964,4.454638
611.369335,-1.177967,614.371991,-3.414958,608.376871,1.055313
608.738711,-4.701481,611.690031,-6.967885,605.790008,-2.443450
606.091269,-8.214161,609.051389,-10.472608,603.143755,-5.962444
603.429005,-11.717338,606.385585,-13.989942,600.475382,-9.447154
600.763844,-15.219791,603.740356,-17.488525,597.787455,-12.953272
598.100293,-18.723458,601.090472,-20.999662,595.107888,-16.446734
595.423365,-22.217278,598.505065,-24.401063,592.355998,-20.046377
592.649384,-25.634383,595.565120,-28.005677,589.744628,-23.272207
589.871430,-29.049484,592.755621,-31.426361,586.998647,-26.684024
587.009329,-32.395743,589.853849,-34.843336,584.174194,-29.963261
584.128246,-35.726488,586.959640,-38.223423,581.299613,-33.236414
581.191825,-39.006724,584.017139,-41.516950,578.375070,-36.502822
578.201832,-42.235437,580.954919,-44.809199,575.458042,-39.672103
575.195743,-45.447284,577.971120,-47.969810,572.424158,-42.927829
572.110058,-48.580375,574.770138,-51.216038,569.449416,-45.945205
569.012070,-51.701629,571.680112,-54.346958,566.364962,-49.076497
565.795334,-54.699243,568.353829,-57.469869,563.244913,-51.937551
562.548968,-57.666423,565.171700,-60.412304,559.933106,-54.936672
559.219087,-60.539106,561.673091,-63.413424,556.769728,-57.667818
555.842683,-63.360978,558.297589,-66.223038,553.399049,-60.504007
552.382706,-66.080927,554.683161,-69.048955,550.083369,-63.116659
548.853408,-68.709966,551.103970,-71.706219,546.603359,-65.713704
545.253443,-71.238221,547.372887,-74.321363,543.134859,-68.155415
541.599304,-73.688963,543.670311,-76.819952,539.530291,-70.562824
537.916947,-76.098959,539.964047,-79.273697,535.884028,-72.939558
534.161369,-78.390407,536.116970,-81.622982,532.215174,-75.158622
530.374557,-80.630717,532.475109,-83.793123,528.282600,-77.495663
526.497107,-82.708119,528.259743,-86.038885,524.743614,-79.380979
522.596393,-84.745003,524.374835,-88.054412,520.815807,-81.438963
518.642039,-86.674926,520.270816,-90.061250,517.010890,-83.288631
514.684899,-88.603907,516.310534,-91.993525,513.057120,-85.215623
510.727244,-90.532422,512.363960,-93.920725,509.084559,-87.146712
506.771745,-92.464078,508.418519,-95.848856,505.118705,-89.076829
502.814147,-94.390776,504.464368,-97.779334,501.164367,-91.004008
498.856824,-96.320563,500.510883,-99.711822,497.204117,-92.930849
494.897724,-98.250345,496.547151,-101.646229,493.246849,-94.859267
490.935712,-100.182367,492.591107,-103.579673,489.281898,-96.787518
486.967062,-102.111384,488.614228,-105.503120,485.318111,-98.719779
482.906376,-104.078913,484.543187,-107.466633,481.266432,-100.696633
478.923691,-106.009239,480.560000,-109.380000,477.290000,-102.640000
474.932568,-107.942945,476.563759,-111.303367,473.303557,-104.581007
470.935250,-109.889389,472.566196,-113.241261,469.301793,-106.526957
466.924528,-111.829754,468.558958,-115.190298,465.288974,-108.469949
462.911785,-113.784680,464.543623,-117.143229,461.282653,-110.423772
458.895461,-115.740760,460.528088,-119.097488,457.256115,-112.376983
454.875301,-117.686450,456.515630,-121.050592,453.238463,-114.323822
450.862390,-119.643674,452.501534,-123.004552,449.221564,-116.274070
446.847010,-121.593221,448.487750,-124.957756,445.207734,-118.227402
442.832949,-123.539080,444.468385,-126.910868,441.204001,-120.171234
438.825312,-125.494929,440.458278,-128.864282,437.189319,-122.124145
434.813777,-127.443084,436.454536,-130.817597,433.174422,-124.067630
430.801351,-129.389462,432.441537,-132.771959,429.167562,-126.010224
426.792215,-131.346128,428.437612,-134.713845,425.146569,-127.964742
422.819357,-133.381213,424.503914,-136.727885,421.131483,-130.009548
418.901571,-135.521772,420.665541,-138.821907,417.118241,-132.179682
415.045834,-137.772015,416.950706,-140.970918,413.113794,-134.522032
411.227554,-140.089055,413.153071,-143.241209,409.263286,-136.881989
407.495486,-142.541680,409.576673,-145.662414,405.416131,-139.412657
403.886968,-145.175227,406.075916,-148.178395,401.639281,-142.098516
400.283600,-147.816205,402.537480,-150.819689,398.015929,-144.803219
396.761449,-150.567611,399.089628,-153.547413,394.417916,-147.567684
393.301022,-153.394757,395.677855,-156.293959,390.907920,-150.473637
389.894416,-156.280404,392.281590,-159.150595,387.471582,-153.361918
386.535332,-159.215647,389.018929,-162.024858,384.037466,-156.392666
383.253824,-162.234360,385.791014,-165.059205,380.728999,-159.421015
380.097804,-165.383303,382.717489,-168.023897,377.437705,-162.702295
377.008865,-168.595222,379.750415,-171.183861,374.265124,-166.000256
374.024515,-171.909753,376.748816,-174.446012,371.231547,-169.311102
371.089360,-175.269886,373.940360,-177.699614,368.220386,-172.829567
368.272990,-178.737763,371.121274,-181.079551,365.335551,-176.326029
365.499049,-182.239776,368.460179,-184.519109,362.524390,-179.949809
362.813764,-185.812289,365.796739,-188.148445,359.835027,-183.480194
360.267507,-189.486458,363.358640,-191.628490,357.169444,-187.337833
357.774396,-193.195171,360.911895,-195.284490,354.630720,-191.093847
355.320445,-196.927485,358.472156,-198.981462,352.152706,-194.871555
352.861950,-200.652625,356.015226,-202.717334,349.714817,-198.587795
350.408096,-204.380239,353.555132,-206.455446,347.265949,-202.315572
347.961000,-208.115879,351.098708,-210.176317,344.820310,-206.052704
345.503466,-211.846010,348.640359,-213.909072,342.363146,-209.788822
343.049623,-215.578467,346.183164,-217.645431,339.912943,-213.515124
340.600482,-219.308004,343.732454,-221.361390,337.464063,-217.253064
338.152368,-223.023674,341.281292,-225.084835,335.027306,-220.968644
335.715880,-226.732900,338.840169,-228.785105,332.590479,-224.675125
333.281626,-230.432734,336.400373,-232.482251,330.160695,-228.382250
330.854227,-234.125599,333.962317,-236.168342,327.744777,-232.078421
328.429146,-237.808944,331.536058,-239.853491,325.326057,-235.766103
326.007269,-241.490040,329.107971,-243.533243,322.907954,-239.443228
323.587622,-245.170063,326.697496,-247.212081,320.480614,-243.122590
321.167256,-248.846578,324.276964,-250.892750,318.056647,-246.795731
318.749387,-252.522469,321.864969,-254.572174,315.633322,-250.473602
316.328746,-256.197082,319.446345,-258.251372,313.215516,-254.151372
313.910439,-259.874757,317.029212,-261.928067,310.794612,-257.820950
311.491298,-263.551009,314.609074,-265.604441,308.370512,-261.493256
309.072513,-267.225667,312.193112,-269.281867,305.952916,-265.171867
306.655113,-270.900072,309.782912,-272.959304,303.523432,-268.840024
304.235574,-274.573934,307.367794,-276.635475,301.105206,-272.515475
301.817998,-278.248511,304.947655,-280.313068,298.688974,-276.189924
299.400691,-281.922621,302.530587,-283.989075,296.270586,-279.859011
296.981623,-285.597205,300.120517,-287.658693,293.841559,-283.537190
294.564095,-289.273799,297.706175,-291.338857,291.423594,-287.208857
292.145680,-292.950692,295.287795,-295.018230,289.006330,-290.888604
289.727249,-296.627627,292.868095,-298.687500,286.589342,-294.567243
287.308603,-300.304886,290.447702,-302.367426,284.172163,-298.244832
284.890315,-303.981585,288.026478,-306.046955,281.754373,-301.917564
282.472576,-307.657457,285.615595,-309.716800,279.335426,-305.596726
280.055021,-311.333069,283.195438,-313.395615,276.917987,-309.266078
277.637590,-315.008458,280.774791,-317.069604,274.499342,-312.939597
275.219837,-318.684356,278.362573,-320.747321,272.080687,-316.617406
272.802133,-322.360189,275.943180,-324.424939,269.663672,-320.294560
270.384997,-326.035127,273.526619,-328.102931,267.244367,-323.971956
267.967493,-329.710659,271.108980,-331.774957,264.826477,-327.649715
265.549661,-333.386672,268.690137,-335.454267,262.410550,-331.324572
263.130445,-337.062035,266.270656,-339.123529,259.991435,-334.993537
260.709334,-340.735447,263.842617,-342.803179,257.575105,-338.670521
258.289168,-344.407416,261.426383,-346.476995,255.157282,-342.334695
255.868778,-348.079728,259.008235,-350.142711,252.728260,-346.012967
253.447223,-351.753820,256.578975,-353.818897,250.310970,-349.690959
251.026072,-355.427281,254.160992,-357.492342,247.887237,-353.361988
248.605641,-359.099668,251.744756,-361.163007,245.465963,-357.033122
246.185348,-362.771838,249.325807,-364.840721,243.046118,-360.701051
243.765098,-366.443932,246.897128,-368.510257,240.628179,-364.377510
241.344492,-370.116586,244.479474,-372.183953,238.211823,-368.050780
238.922508,-373.791312,242.063215,-375.860513,235.783332,-371.720685
236.499742,-377.467228,239.634288,-379.538911,233.365312,-375.399147
234.076927,-381.143234,237.212614,-383.209657,230.941949,-379.074804
231.657078,-384.818117,234.791072,-386.889136,228.518062,-382.749680
229.238852,-388.490706,232.380874,-390.558616,226.090881,-386.418624
226.824562,-392.161685,229.972552,-394.235778,223.671857,-390.087871
224.412553,-395.829976,227.568990,-397.907731,221.253919,-393.752073
222.001206,-399.494814,225.158609,-401.568550,218.838354,-397.418038
219.591716,-403.156610,222.748378,-405.236766,216.438596,-401.076571
217.187059,-406.817189,220.337311,-408.882075,214.030007,-404.746427
214.777508,-410.467434,217.923711,-412.539212,211.636486,-408.400748
212.384567,-414.122782,215.515574,-416.187310,209.246284,-412.055570
209.994595,-417.777740,213.145880,-419.834074,206.836482,-415.724082
207.605255,-421.433946,210.759941,-423.495404,204.449677,-419.369479
205.320962,-425.154349,208.534917,-427.136137,202.103514,-423.178327
203.087637,-428.903995,206.333375,-430.814545,199.823346,-426.974593
201.011839,-432.739910,204.322374,-434.510148,197.679691,-430.958220
198.979646,-436.600929,202.235799,-438.419371,195.670066,-434.761406
197.029927,-440.502894,200.371934,-442.135821,193.652533,-438.855290
195.117632,-444.423201,198.416794,-446.143361,191.798589,-442.697556
193.323083,-448.497904,196.721576,-449.977255,189.895521,-447.005366
191.592592,-452.503489,195.015444,-453.984896,188.165146,-451.018950
189.954597,-456.547876,193.439033,-457.952623,186.458882,-455.142638
188.454366,-460.645536,191.959976,-461.949242,184.902770,-459.324201
187.068843,-464.783552,190.560209,-466.117182,183.555313,-463.444908
185.941912,-468.998281,189.554916,-469.954964,182.311669,-468.036442
185.038694,-473.267548,188.702144,-474.018940,181.362060,-472.517647
184.293354,-477.568759,187.957185,-478.203533,180.596856,-476.929445
183.670923,-481.888134,187.277183,-482.647938,180.005997,-481.124773
183.316353,-486.236417,187.049154,-486.521293,179.589290,-485.952192
183.165541,-490.596289,186.909747,-490.707100,179.411523,-490.481172
183.184127,-494.957012,186.929933,-495.004351,179.429934,-494.910162
183.418370,-499.310200,187.153196,-499.088507,179.641643,-499.530820
183.868598,-503.647393,187.579730,-503.237818,180.139794,-504.067655
184.496693,-507.964342,188.183119,-507.413852,180.794091,-508.517314
185.305344,-512.252043,188.983793,-511.661651,181.606788,-512.849716
186.300227,-516.500798,189.915414,-515.630149,182.654715,-517.380847
187.541034,-520.684246,191.086105,-519.606010,183.974182,-521.773041
188.948709,-524.815978,192.473907,-523.615666,185.426199,-526.015454
190.537628,-528.880588,194.065564,-527.661949,186.991561,-530.110217
192.288970,-532.875312,195.702900,-531.346562,188.862919,-534.406458
194.238158,-536.776470,197.576569,-535.074367,190.895240,-538.480737
196.273329,-540.637016,199.545334,-538.855000,192.981372,-542.430250
198.317845,-544.495220,201.595202,-542.726880,195.014550,-546.277793
200.376726,-548.345775,203.666551,-546.573380,197.086573,-550.123767
202.438150,-552.194919,205.740026,-550.420626,199.148384,-553.959573
204.513067,-556.035455,207.807471,-554.261298,201.207471,-557.817230
206.571484,-559.883283,209.877546,-558.104399,203.267999,-561.655306
208.640184,-563.725858,211.949969,-561.951599,205.330187,-565.501294
210.708016,-567.572470,214.013935,-565.787091,207.401140,-569.359073
212.772046,-571.426885,216.090017,-569.645021,209.459948,-573.206240
214.843325,-575.283449,218.161034,-573.501866,211.531027,-577.061918
216.904173,-579.150541,220.232262,-577.378859,213.582262,-580.917854
218.969785,-583.019606,222.297930,-581.245658,215.642042,-584.795418
221.033147,-586.893523,224.362645,-585.114094,217.701756,-588.673406
223.038570,-590.800193,226.394434,-589.068594,219.704721,-592.519486
225.018723,-594.723709,228.377950,-593.062706,221.667056,-596.382904
226.998381,-598.651439,230.314980,-596.983538,223.682669,-600.322833
228.900993,-602.617616,232.255082,-601.010324,225.544581,-604.230582
230.786708,-606.592293,234.168480,-605.005518,227.419325,-608.176335
232.537805,-610.627387,235.982936,-609.109937,229.107020,-612.138652
234.126873,-614.728137,237.614985,-613.268319,230.650395,-616.189151
235.553072,-618.888153,239.129094,-617.697468,231.989094,-620.077399
236.760791,-623.115305,240.377835,-622.119187,233.148602,-624.110783
237.835349,-627.378667,241.471627,-626.480156,234.191769,-628.275426
238.778822,-631.675243,242.405165,-630.628853,235.191939,-632.711769
239.459121,-636.018729,243.157767,-635.482889,235.767688,-636.553201
239.989481,-640.384834,243.713396,-639.980240,236.277146,-640.786944
240.383783,-644.765941,244.123945,-644.401284,236.650404,-645.128213
240.589922,-649.159243,244.340250,-648.915162,236.870136,-649.398769
240.637605,-653.556444,244.390485,-653.547153,236.889991,-653.557326
240.664549,-657.955994,244.409000,-657.969192,236.914953,-657.950440
240.691489,-662.356438,244.440009,-662.351284,236.940009,-662.361045
240.718391,-666.758017,244.469998,-666.742183,236.970007,-666.772056
240.745161,-671.159191,244.500718,-671.136568,236.988936,-671.184584
240.772353,-675.558729,244.519162,-675.534787,237.019996,-675.585720
240.799267,-679.957379,244.550004,-679.936175,237.050043,-679.975645
240.826394,-684.355119,244.579994,-684.328866,237.070202,-684.377580
240.852996,-688.753450,244.610915,-688.729211,237.100000,-688.778677
240.879823,-693.151174,244.629378,-693.130148,237.129725,-693.170598
240.899412,-697.548232,244.660000,-697.511725,237.150006,-697.581680
240.911392,-701.945800,244.660000,-701.943111,237.160000,-701.952785
240.911392,-706.344394,244.660000,-706.344330,237.160000,-706.344463
240.911392,-710.745172,244.660000,-710.745693,237.160000,-710.745658
240.902261,-715.145202,244.660035,-715.148903,237.159990,-715.145825
240.804624,-719.543805,244.553475,-719.628403,237.053475,-719.459744
240.648705,-723.940864,244.406261,-723.918109,236.906440,-723.969305
240.297683,-728.325317,244.019128,-728.641773,236.578761,-728.010553
239.877116,-732.705710,243.602974,-733.040653,236.174548,-732.374941
239.345945,-737.071607,243.104791,-737.563643,235.628476,-736.588594
238.726761,-741.426773,242.474493,-741.965466,235.014960,-740.891710
238.016685,-745.768387,241.700648,-746.416608,234.360490,-745.126795
237.192919,-750.089525,240.856302,-750.797825,233.539932,-749.380922
236.306739,-754.398284,239.976512,-755.167782,232.656943,-753.629382
235.268191,-758.672012,238.895117,-759.570639,231.634865,-757.768888
234.174730,-762.932159,237.835988,-763.727811,230.533681,-762.138601
232.943461,-767.154535,236.516181,-768.217234,229.366432,-766.093611
231.644843,-771.359281,235.234714,-772.374793,228.067203,-770.344473
230.179030,-775.506583,233.677749,-776.755697,226.707987,-774.265755
228.499018,-779.567676,231.952090,-781.018758,225.072485,-778.122094
226.685927,-783.573504,230.095484,-785.135299,223.279220,-782.018945
224.724617,-787.510118,228.132932,-789.051060,221.326618,-785.981992
222.569825,-791.342341,225.814292,-793.182859,219.333832,-789.512709
220.210459,-795.050164,223.357076,-797.080749,217.062868,-793.023249
217.714028,-798.667388,220.805015,-800.797616,214.628838,-796.548735
215.093692,-802.195710,218.226284,-804.246739,211.983667,-800.167469
212.286036,-805.576724,215.154752,-807.981964,209.425066,-803.174140
209.328317,-808.829071,212.103997,-811.375870,206.559581,-806.286480
206.236169,-811.955514,208.964996,-814.571851,203.526669,-809.362693
203.013010,-814.944963,205.538964,-817.710921,200.529392,-812.220609
199.676471,-817.808898,202.089738,-820.655653,197.267931,-814.965762
196.194960,-820.494968,198.486528,-823.451028,193.904474,-817.536673
192.603088,-823.034868,194.816518,-826.054580,190.392026,-820.031079
188.926775,-825.450350,190.961610,-828.582030,186.911160,-822.341936
185.126568,-827.661500,186.986987,-830.910515,183.264345,-824.424280
181.231885,-829.702632,182.980672,-833.023347,179.488046,-826.376563
177.252653,-831.575880,178.948928,-834.935087,175.561623,-828.233247
173.207786,-833.302132,174.655987,-836.758167,171.765038,-829.869517
169.073465,-834.798947,170.326661,-838.307141,167.821914,-831.296262
164.876481,-836.111120,166.012948,-839.670829,163.742487,-832.567401
160.633296,-837.261879,161.744866,-840.869046,159.532774,-833.689577
156.351667,-838.264187,157.189738,-841.921163,155.520494,-834.610927
152.019500,-839.028277,152.668021,-842.719492,151.374306,-835.348401
147.658351,-839.607219,148.197722,-843.303378,147.122795,-835.921441
143.275386,-839.991426,143.583867,-843.748246,142.973290,-836.278278
138.878743,-840.168241,138.996347,-843.916140,138.756876,-836.419772
134.478606,-840.207317,134.492993,-843.957131,134.468740,-836.460005
130.079542,-840.177714,130.024390,-843.920063,130.134403,-836.430005
125.680392,-840.147313,125.643562,-843.890135,125.723544,-836.402012
121.281667,-840.086988,121.231565,-843.818626,121.337980,-836.381067
116.886551,-839.949606,116.760320,-843.698046,117.010203,-836.228359
112.490365,-839.818308,112.368518,-843.569777,112.618928,-836.070261
108.093645,-839.650218,107.977858,-843.422133,108.207426,-835.910359
103.697955,-839.434329,103.496234,-843.199721,103.896173,-835.685810
99.208873,-839.206066,99.002004,-842.979541,99.416227,-835.429017
94.815298,-838.939795,94.659472,-842.751496,94.969061,-835.180357
90.424915,-838.650522,90.193601,-842.404516,90.655012,-834.914151
86.038124,-838.302035,85.735181,-842.057243,86.341338,-834.557208
81.653592,-837.950037,81.347450,-841.709961,81.958446,-834.199960
77.272388,-837.574317,76.942096,-841.313885,77.602940,-833.842712
72.894907,-837.146732,72.528187,-840.901041,73.257968,-833.424077
68.517328,-836.726931,68.133266,-840.487480,68.902024,-832.957770
64.148703,-836.235301,63.717039,-839.991429,64.578489,-832.491640
59.779453,-835.741965,59.355782,-839.466252,60.201587,-832.024023
55.412624,-835.216260,54.960948,-838.944289,55.864292,-831.496289
51.046132,-834.683250,50.585066,-838.409089,51.506052,-830.959101
46.679295,-834.154024,46.225142,-837.884742,47.133918,-830.424731
42.312743,-833.616605,41.853231,-837.350489,42.772242,-829.890489
37.946038,-833.079570,37.484459,-836.807246,38.407342,-829.347247
33.580412,-832.542679,33.118413,-836.270675,34.042414,-828.810432
29.215341,-832.005845,28.753131,-835.737089,29.677103,-828.277105
24.849717,-831.468940,24.389701,-835.202669,25.310554,-827.742968
20.483762,-830.931999,20.023864,-834.658312,20.943723,-827.198250
16.117757,-830.395057,15.658655,-834.121974,16.577798,-826.661990
11.751224,-829.858049,11.290864,-833.589401,12.210864,-826.128292
7.385429,-829.321126,6.926023,-833.054972,7.845526,-825.594972
3.019828,-828.784232,2.560254,-832.509514,3.478850,-825.049514
-1.347599,-828.246453,-1.806326,-831.973730,-0.888251,-824.513730
-5.715778,-827.706487,-6.177124,-831.429426,-5.255384,-823.980310
-10.082461,-827.167240,-10.541700,-830.887640,-9.622201,-823.446827
-14.447621,-826.626240,-14.906605,-830.340995,-13.988608,-822.900994
-18.812737,-826.086034,-19.268774,-829.803772,-18.355445,-822.365635
-23.178438,-825.547048,-23.634314,-829.256086,-22.722525,-821.832331
-27.543458,-825.005148,-27.997303,-828.708665,-27.088285,-821.298509
-31.908569,-824.464434,-32.367312,-828.162691,-31.450270,-820.762102
-36.275429,-823.922627,-36.731520,-827.624661,-35.818083,-820.217675
-40.642865,-823.381000,-41.098000,-827.076904,-40.187929,-819.685656
-45.067241,-822.810322,-45.469000,-826.570000,-44.544000,-819.070000
-49.350350,-822.283474,-49.817216,-826.035629,-48.882787,-818.533149
