0.000000,-49.736467,-825.205273,40.771289,-0.000395,2.994848
4.399166,-54.088694,-824.561984,40.862679,-0.000439,2.992886
8.798576,-58.438968,-823.910257,40.953589,-0.000496,2.990883
13.198743,-62.789091,-823.249640,41.044038,-0.000549,2.988649
17.598855,-67.138059,-822.579256,41.133992,-0.000592,2.986619
21.998896,-71.485221,-821.900115,41.223428,-0.000624,2.984629
26.399164,-75.831317,-821.212276,41.312362,-0.000650,2.982306
30.799205,-80.175957,-820.514320,41.400800,-0.000673,2.979981
35.199663,-84.518362,-819.806365,41.488734,-0.000697,2.977558
39.601451,-88.860461,-819.087652,41.576212,-0.000722,2.975110
44.004357,-93.201991,-818.358111,41.663230,-0.000748,2.970827
48.407736,-97.541356,-817.609809,41.749785,-0.000775,2.969072
52.811105,-101.879334,-816.853902,41.835853,-0.000802,2.964932
57.214817,-106.214194,-816.080037,41.921435,-0.000828,2.962536
61.619356,-110.547812,-815.295671,42.006543,-0.000853,2.959506
66.024269,-114.880036,-814.497994,42.091185,-0.000877,2.956989
70.429594,-119.209972,-813.689468,42.175337,-0.000900,2.952673
74.836328,-123.537455,-812.862053,42.259029,-0.000921,2.948127
79.243406,-127.862820,-812.014643,42.342275,-0.000941,2.944655
83.647561,-132.184205,-811.152426,42.425029,-0.000960,2.940742
88.045865,-136.497465,-810.274264,42.507226,-0.000977,2.939896
92.439416,-140.803233,-809.393831,42.588838,-0.000991,2.920940
96.825169,-145.088984,-808.432516,42.669952,-0.001004,2.917800
101.200242,-149.359042,-807.460629,42.750391,-0.001013,2.907034
105.567312,-153.610234,-806.444776,42.830257,-0.001017,2.893459
109.928193,-157.839858,-805.373182,42.909590,-0.001013,2.898308
114.285418,-162.070013,-804.323254,42.988477,-0.000997,2.881344
118.640245,-166.279276,-803.202378,43.067003,-0.000967,2.890393
122.994533,-170.496343,-802.120196,43.145231,-0.000922,2.879634
127.349202,-174.702643,-800.992403,43.223281,-0.000863,2.885457
131.704852,-178.915053,-799.889221,43.301181,-0.000795,2.873874
136.061615,-183.116679,-798.736698,43.379027,-0.000719,2.868409
140.421089,-187.311815,-797.561267,43.456803,-0.000640,2.867916
144.787168,-191.511720,-796.382266,43.534623,-0.000558,2.859007
149.163425,-195.708303,-795.163761,43.612521,-0.000475,2.866047
153.550526,-199.925587,-793.971378,43.690575,-0.000391,2.861336
157.946092,-204.145841,-792.756655,43.768695,-0.000306,2.864525
162.348993,-208.377590,-791.553221,43.846835,-0.000221,2.867361
166.756861,-212.619206,-790.359974,43.924943,-0.000135,2.867777
171.167480,-216.864409,-789.167622,44.002922,-0.000048,2.867493
175.579212,-221.111480,-787.973443,44.080720,0.000039,2.866370
179.990492,-225.357141,-786.774513,44.158258,0.000126,2.865265
184.400882,-229.600672,-785.571120,44.235483,0.000213,2.864630
188.810763,-233.842529,-784.365291,44.312354,0.000300,2.864335
193.219834,-238.083960,-783.158234,44.388846,0.000386,2.864238
197.627122,-242.323788,-781.951188,44.464892,0.000472,2.864275
202.033108,-246.561715,-780.744852,44.540444,0.000558,2.866478
206.438500,-250.801731,-779.548014,44.615486,0.000642,2.870292
210.842394,-255.045693,-778.367518,44.689979,0.000726,2.869978
215.243089,-259.286988,-777.186326,44.763853,0.000810,2.869392
219.640002,-263.523721,-776.003731,44.837043,0.000892,2.874316
224.034752,-267.762807,-774.842951,44.909521,0.000972,2.892949
228.426158,-272.022027,-773.761543,44.981299,0.001051,2.890426
232.813236,-276.272784,-772.670864,45.052260,0.001128,2.885392
237.199881,-280.515337,-771.559497,45.122429,0.001202,2.906040
241.585656,-284.781762,-770.535521,45.191855,0.001273,2.904047
245.967893,-289.042618,-769.503897,45.260429,0.001341,2.899327
250.348158,-293.295203,-768.453003,45.328139,0.001407,2.915587
254.727000,-297.563838,-767.471498,45.395021,0.001469,2.916867
259.102828,-301.831426,-766.495985,45.461040,0.001527,2.912664
263.476626,-306.091301,-765.503377,45.526180,0.001579,2.931318
267.850367,-310.368570,-764.590479,45.590511,0.001623,2.940428
272.223868,-314.654247,-763.716532,45.654081,0.001654,2.937166
276.596565,-318.936312,-762.828761,45.716952,0.001667,2.945231
280.969072,-323.224559,-761.975719,45.779243,0.001656,2.956643
285.341992,-327.522728,-761.171587,45.841143,0.001616,2.954116
289.714839,-331.819196,-760.356528,45.902865,0.001547,2.960723
294.086730,-336.120468,-759.569961,45.964637,0.001449,2.978289
298.457644,-340.433494,-758.859298,46.026683,0.001328,2.977559
302.829549,-344.745471,-758.145577,46.089219,0.001190,2.977014
307.204287,-349.059544,-757.429093,46.152437,0.001038,3.000251
311.582273,-353.392214,-756.812597,46.216431,0.000878,3.000638
315.964132,-357.728439,-756.197305,46.281222,0.000713,3.000420
320.350618,-362.068881,-755.580449,46.346785,0.000544,3.000313
324.742116,-366.414068,-754.962445,46.413044,0.000372,3.004481
329.136920,-370.766909,-754.361849,46.479880,0.000196,3.009545
333.561233,-375.124171,-753.783116,46.547093,0.000017,3.012048
338.006222,-379.539956,-753.207853,46.615373,-0.000172,3.013903
342.425431,-383.940716,-752.642846,46.683406,-0.000370,3.015274
346.827482,-388.307181,-752.088327,46.750687,-0.000580,3.016268
351.229602,-392.675219,-751.538019,46.817534,-0.000804,3.016844
355.631044,-397.042688,-750.990341,46.883634,-0.001044,3.016431
360.032430,-401.409470,-750.440916,46.948651,-0.001302,3.015079
364.434844,-405.775853,-749.885545,47.012193,-0.001574,3.013315
368.839267,-410.142940,-749.322252,47.073803,-0.001857,3.011273
373.245002,-414.511163,-748.749742,47.132942,-0.002149,3.006762
377.651077,-418.877067,-748.157493,47.188983,-0.002445,2.995151
382.058234,-423.236162,-747.514536,47.241285,-0.002744,2.990487
386.466736,-427.593991,-746.850984,47.289193,-0.003043,2.985904
390.875193,-431.949610,-746.167329,47.332001,-0.003343,2.981305
395.282458,-436.301074,-745.463806,47.368975,-0.003643,2.964409
399.690323,-440.638648,-744.687116,47.399343,-0.003946,2.950297
404.100514,-444.967386,-743.848797,47.422370,-0.004250,2.941936
408.511844,-449.290971,-742.973908,47.437226,-0.004555,2.932576
412.924429,-453.606404,-742.058542,47.401845,-0.004862,2.917764
417.342215,-457.910026,-741.078852,46.677381,-0.005235,2.892080
421.766750,-462.194943,-739.986958,45.999940,-0.005570,2.876854
426.194723,-466.467923,-738.828546,45.372051,-0.005876,2.863279
430.620049,-470.726233,-737.611821,44.796314,-0.006156,2.847941
435.038885,-474.958869,-736.331898,44.277562,-0.006410,2.807574
439.446748,-479.130570,-734.884228,43.820892,-0.006636,2.765726
443.836318,-483.223384,-733.269088,43.433769,-0.006827,2.730325
448.205584,-487.237389,-731.518426,43.123895,-0.006979,2.689374
452.554105,-491.158554,-729.613545,42.879164,-0.007089,2.667703
456.881247,-495.018215,-727.634044,42.655265,-0.007163,2.646683
461.189002,-498.816883,-725.583862,42.486883,-0.007193,2.626097
465.482279,-502.557133,-723.464649,42.376762,-0.007179,2.586584
469.763965,-506.201193,-721.205266,42.297581,-0.007127,2.557537
474.036240,-509.768139,-718.847586,42.218814,-0.007044,2.528583
478.303533,-513.259703,-716.391589,42.141642,-0.006931,2.494539
482.568813,-516.663190,-713.820029,42.067311,-0.006791,2.466692
486.834134,-519.993020,-711.155294,41.997087,-0.006625,2.439909
491.102108,-523.251080,-708.401680,41.932210,-0.006435,2.419485
495.375518,-526.455432,-705.579272,41.873825,-0.006223,2.381950
499.655736,-529.556396,-702.634062,41.822987,-0.005991,2.352340
503.943948,-532.573749,-699.593356,41.780628,-0.005743,2.321321
508.245133,-535.501467,-696.453974,41.747482,-0.005482,2.295880
512.565774,-538.359634,-693.228426,41.724044,-0.005212,2.266761
516.908979,-541.136743,-689.904195,41.710660,-0.004936,2.236001
521.275176,-543.824612,-686.477879,41.707485,-0.004655,2.208419
525.665979,-546.430535,-682.960424,41.714456,-0.004373,2.192627
530.077430,-548.995977,-679.380782,41.731318,-0.004086,2.169666
534.503015,-551.486946,-675.730897,41.757597,-0.003796,2.165665
538.936889,-553.970795,-672.059983,41.792687,-0.003498,2.161509
543.369310,-556.441143,-668.376134,41.835830,-0.003191,2.147018
547.793378,-558.854529,-664.661981,41.886181,-0.002876,2.113904
552.212391,-561.138139,-660.879049,41.942903,-0.002556,2.099537
556.632575,-563.367421,-657.063267,42.005374,-0.002231,2.089754
561.052496,-565.560180,-653.224260,42.072894,-0.001904,2.077571
565.467908,-567.704858,-649.360894,42.144690,-0.001577,2.053897
569.879222,-569.754391,-645.453732,42.219989,-0.001256,2.043330
574.287799,-571.761822,-641.526506,42.298182,-0.000943,2.036519
578.692720,-573.740692,-637.589208,42.378554,-0.000649,2.030903
583.095231,-575.695917,-633.643893,42.460461,-0.000387,2.025718
587.496556,-577.630030,-629.689782,42.543323,-0.000172,2.019985
591.896449,-579.541034,-625.725491,42.626612,-0.000022,2.015589
596.295035,-581.433767,-621.754578,42.709893,0.000055,2.011819
600.694101,-583.311219,-617.777181,42.792925,0.000059,2.009854
605.094297,-585.181555,-613.794606,42.875639,0.000004,2.008329
609.494677,-587.046072,-609.808633,42.957991,-0.000094,2.007639
613.895898,-588.907736,-605.821594,43.039974,-0.000220,2.007529
618.298691,-590.769776,-601.832605,43.121618,-0.000362,2.006294
622.701620,-592.627401,-597.840215,43.202863,-0.000512,2.006010
627.103225,-594.483496,-593.848158,43.283586,-0.000666,2.005690
631.503797,-596.337597,-589.857047,43.363664,-0.000823,2.004628
635.904491,-598.187302,-585.864304,43.442994,-0.000982,2.003324
640.306086,-600.032056,-581.868595,43.521454,-0.001144,2.001035
644.708262,-601.868154,-577.867593,43.598907,-0.001309,1.998511
649.110214,-603.694137,-573.861995,43.675172,-0.001478,1.994368
653.511799,-605.503338,-569.849249,43.750076,-0.001648,1.989682
657.914431,-607.293585,-565.828357,43.823447,-0.001821,1.986442
662.319379,-609.071771,-561.799481,43.895147,-0.001995,1.983402
666.727745,-610.838592,-557.763184,43.964986,-0.002168,1.964270
671.139389,-612.529639,-553.689561,44.032812,-0.002342,1.956719
675.551716,-614.190609,-549.601488,44.098391,-0.002514,1.954757
679.962449,-615.843341,-545.510696,44.161501,-0.002685,1.951227
684.372512,-617.480648,-541.416522,44.221932,-0.002855,1.931621
688.784048,-619.037826,-537.289844,44.279561,-0.003023,1.920305
693.196743,-620.548782,-533.144239,44.334213,-0.003189,1.914775
697.607840,-622.037008,-528.989734,44.385696,-0.003355,1.909954
702.017749,-623.503908,-524.831726,44.433786,-0.003519,1.889813
706.430420,-624.887229,-520.643625,44.478376,-0.003680,1.873753
710.845950,-626.204325,-516.429978,44.519329,-0.003838,1.864493
715.261443,-627.482830,-512.202723,44.556485,-0.003989,1.852738
719.674399,-628.711072,-507.962403,44.589723,-0.004130,1.833184
724.078042,-629.855307,-503.702096,44.619011,-0.004258,1.823120
728.464660,-630.952788,-499.445302,44.644344,-0.004368,1.801977
732.834391,-631.955732,-495.184510,44.665896,-0.004459,1.756246
737.184104,-632.760075,-490.897086,44.683980,-0.004527,1.721398
741.529735,-633.410799,-486.608975,44.698939,-0.004574,1.703356
745.850891,-633.986282,-482.293116,44.711354,-0.004601,1.688820
750.133097,-634.491222,-478.034692,44.721446,-0.004612,1.663738
754.403853,-634.888084,-473.776993,44.729843,-0.004613,1.643470
758.668266,-635.197793,-469.522894,44.736937,-0.004608,1.628368
762.938505,-635.443114,-465.266490,44.743072,-0.004601,1.614340
767.225489,-635.629290,-460.993533,44.748526,-0.004594,1.591325
771.532783,-635.717495,-456.697481,44.753498,-0.004587,1.565890
775.869310,-635.696310,-452.379904,44.758138,-0.004581,1.553952
780.239952,-635.622950,-448.025098,44.762586,-0.004574,1.540263
784.644213,-635.489057,-443.641281,44.766947,-0.004565,1.552090
789.075596,-635.406328,-439.219393,44.771343,-0.004552,1.542328
793.519386,-635.279941,-434.781088,44.775881,-0.004534,1.518673
797.971576,-635.048229,-430.339653,44.780688,-0.004511,1.503122
802.431003,-634.746841,-425.892951,44.785903,-0.004484,1.486857
806.894754,-634.372749,-421.446709,44.791655,-0.004454,1.465182
811.361831,-633.902001,-417.006040,44.798067,-0.004421,1.441238
815.832526,-633.324674,-412.574889,44.805245,-0.004386,1.425468
820.306337,-632.676936,-408.149253,44.813282,-0.004350,1.395414
824.782850,-631.896146,-403.743062,44.822250,-0.004313,1.373509
829.261869,-631.018374,-399.351738,44.832212,-0.004276,1.359538
833.741657,-630.078992,-394.971490,44.843214,-0.004237,1.313549
838.219409,-628.939263,-390.639171,44.855289,-0.004197,1.307564
842.692520,-627.774655,-386.317567,44.868452,-0.004157,1.279436
847.162022,-626.490495,-382.035531,44.882713,-0.004117,1.281675
851.631500,-625.216463,-377.752443,44.898089,-0.004076,1.243136
856.100838,-623.777759,-373.519880,44.914593,-0.004035,1.230882
860.568574,-622.288006,-369.307263,44.932208,-0.003994,1.209099
865.037037,-620.707235,-365.129107,44.950933,-0.003953,1.188777
869.507063,-619.040942,-360.981582,44.970776,-0.003911,1.178392
873.977080,-617.331441,-356.851040,44.991727,-0.003868,1.145006
878.444578,-615.485269,-352.780415,45.013780,-0.003823,1.147584
882.909984,-613.651414,-348.709085,45.036916,-0.003778,1.112682
887.374488,-611.676497,-344.704006,45.061163,-0.003731,1.111568
891.837256,-609.698033,-340.702967,45.086518,-0.003682,1.098670
896.299061,-607.668774,-336.729043,45.112995,-0.003631,1.085023
900.757909,-605.585711,-332.783629,45.140614,-0.003578,1.076845
905.209227,-603.473015,-328.860143,45.169366,-0.003523,1.055518
909.653538,-601.281885,-324.991005,45.199242,-0.003465,1.020563
914.091015,-598.959154,-321.204521,45.230302,-0.003404,0.994848
918.516203,-596.544907,-317.486820,45.262549,-0.003338,0.990814
922.932587,-594.124045,-313.791656,45.295984,-0.003267,0.949322
927.342998,-591.553356,-310.201996,45.330774,-0.003187,0.942482
931.745390,-588.963821,-306.637773,45.366958,-0.003097,0.922535
936.140476,-586.307592,-303.131036,45.404684,-0.002995,0.919545
940.528743,-583.645849,-299.638763,45.444079,-0.002879,0.890122
944.912126,-580.885956,-296.230549,45.485317,-0.002749,0.884849
949.293351,-578.110858,-292.840267,45.528550,-0.002607,0.869337
953.675904,-575.283513,-289.493447,45.573930,-0.002457,0.857138
958.065832,-572.413804,-286.179351,45.621563,-0.002299,0.848094
962.467207,-569.506250,-282.882281,45.671586,-0.002136,0.825791
966.884224,-566.518559,-279.642927,45.723980,-0.001969,0.830280
971.313447,-563.531626,-276.375082,45.778816,-0.001799,0.798526
975.747945,-560.439703,-273.200893,45.835809,-0.001626,0.801748
980.188736,-557.353423,-270.012008,45.894865,-0.001451,0.810504
984.631819,-554.291069,-266.791892,45.955828,-0.001274,0.804074
989.072624,-551.209035,-263.592537,46.018429,-0.001096,0.800948
993.507037,-548.119219,-260.405103,46.082454,-0.000917,0.795715
997.931373,-545.019498,-257.240751,46.147608,-0.000738,0.789837
1002.348128,-541.908646,-254.102158,46.213668,-0.000558,0.784570
1006.760000,-538.784582,-250.983264,46.280510,-0.000380,0.781158
1011.167625,-535.653540,-247.878664,46.347913,-0.000202,0.776180
1015.573496,-532.509479,-244.792042,46.415694,-0.000024,0.771835
1019.979398,-529.352145,-241.719212,46.483694,0.000154,0.768366
1024.384805,-526.184015,-238.657208,46.551709,0.000331,0.765849
1028.789106,-523.009058,-235.604020,46.619510,0.000507,0.764306
1033.192801,-519.830121,-232.556435,46.686893,0.000683,0.763608
1037.596243,-516.649204,-229.511206,46.753666,0.000858,0.763687
1041.999066,-513.468749,-226.465939,46.819621,0.001031,0.764534
1046.401085,-510.291547,-223.418622,46.884548,0.001202,0.766168
1050.802661,-507.119817,-220.366589,46.948254,0.001371,0.768775
1055.204686,-503.956202,-217.306440,47.010555,0.001536,0.772022
1059.606660,-500.801749,-214.235267,47.071287,0.001697,0.776613
1064.005456,-497.662287,-211.150489,47.130245,0.001855,0.781197
1068.398867,-494.540656,-208.054981,47.187214,0.002008,0.790700
1072.786442,-491.452536,-204.933938,47.242047,0.002157,0.790885
1077.169254,-488.369250,-201.816631,47.294616,0.002298,0.812046
1081.545220,-485.355002,-198.637301,47.344853,0.002431,0.825070
1085.913023,-482.389354,-195.426491,47.392623,0.002552,0.836324
1090.274548,-479.464116,-192.187041,47.437974,0.002656,0.846764
1094.631378,-476.577131,-188.922064,47.480972,0.002740,0.856710
1098.984589,-473.724684,-185.630752,47.521812,0.002798,0.867425
1103.335087,-470.910451,-182.312347,47.560732,0.002828,0.877126
1107.684114,-468.129259,-178.967661,47.598103,0.002831,0.887856
1112.031247,-465.385263,-175.594739,47.634325,0.002808,0.900488
1116.376574,-462.685313,-172.188966,47.669832,0.002764,0.911819
1120.719507,-460.025137,-168.754119,47.705061,0.002704,0.922572
1125.062196,-457.403946,-165.293370,47.740394,0.002631,0.930714
1129.407028,-454.809433,-161.809267,47.776219,0.002551,0.942746
1133.780069,-452.256066,-158.292879,47.812802,0.002465,0.956511
1138.171927,-449.719769,-154.696908,47.850813,0.002374,0.968775
1142.537819,-447.237474,-151.084239,47.889807,0.002281,0.982550
1146.888685,-444.824476,-147.466655,47.929708,0.002189,0.991178
1151.244233,-442.440192,-143.824431,47.970910,0.002097,1.002493
1155.606315,-440.094776,-140.151553,48.013433,0.002005,1.010756
1159.974689,-437.775312,-136.452281,48.057308,0.001913,1.023134
1164.348347,-435.499647,-132.721032,48.102473,0.001821,1.033024
1168.728110,-433.257714,-128.961954,48.148918,0.001727,1.041409
1173.115075,-431.044451,-125.179205,48.196600,0.001632,1.052591
1177.511593,-428.869361,-121.364468,48.245506,0.001536,1.052974
1181.915345,-426.690534,-117.539775,48.295612,0.001438,1.059423
1186.322645,-424.534477,-113.697649,48.346796,0.001339,1.060295
1190.732202,-422.380240,-109.850918,48.398989,0.001239,1.062717
1195.141952,-420.234651,-105.997769,48.452108,0.001139,1.067960
1199.549953,-418.109779,-102.134299,48.506054,0.001039,1.073458
1203.955503,-416.007370,-98.261401,48.560735,0.000940,1.079405
1208.359455,-413.929167,-94.378188,48.616072,0.000842,1.085174
1212.763245,-411.873767,-90.483748,48.672006,0.000745,1.090731
1217.166249,-409.839828,-86.577536,48.728472,0.000650,1.095834
1221.566614,-407.826777,-82.662806,48.785359,0.000556,1.100517
1225.964732,-405.833551,-78.741582,48.842573,0.000463,1.105362
1230.362141,-403.859910,-74.811864,48.900064,0.000372,1.107582
1234.758720,-401.895071,-70.877925,48.957769,0.000283,1.108158
1239.153289,-399.933164,-66.944191,49.015600,0.000198,1.110922
1243.546410,-397.983259,-63.007312,49.073469,0.000118,1.114665
1247.938876,-396.048268,-59.063497,49.131336,0.000044,1.118473
1252.330211,-394.128718,-55.113184,49.189128,-0.000019,1.122098
1256.720854,-392.224076,-51.157133,49.246784,-0.000072,1.118377
1261.110473,-390.304751,-47.208248,49.304274,-0.000112,1.114897
1265.496934,-388.372571,-43.267856,49.361540,-0.000139,1.118363
1269.880423,-386.455950,-39.324680,49.418532,-0.000156,1.123178
1274.263919,-384.559040,-35.373778,49.475277,-0.000164,1.120595
1278.648075,-382.651221,-31.426324,49.531820,-0.000166,1.112186
1283.031803,-380.710411,-27.495326,49.588139,-0.000164,1.113604
1287.416141,-378.775420,-23.562075,49.644238,-0.000159,1.118508
1291.803033,-376.858969,-19.617787,49.700154,-0.000153,1.117554
1296.193053,-374.937293,-15.672333,49.755913,-0.000146,1.115004
1300.585537,-373.004276,-11.729167,49.811513,-0.000139,1.113776
1304.979636,-371.065534,-7.786578,49.866947,-0.000132,1.116906
1309.374767,-369.138607,-3.836840,49.922206,-0.000125,1.112557
1313.772209,-367.194150,0.105236,49.977288,-0.000116,1.118315
1318.171565,-365.270769,4.061842,50.032233,-0.000107,1.112273
1322.570725,-363.323497,8.006797,50.086994,-0.000098,1.113720
1326.970673,-361.382130,11.954172,50.141568,-0.000088,1.115985
1331.373660,-359.448820,15.907744,50.195984,-0.000078,1.117231
1335.780618,-357.518661,19.867373,50.250271,-0.000067,1.117610
1340.189570,-355.588304,23.831224,50.304424,-0.000056,1.116875
1344.597804,-353.654986,27.793747,50.358398,-0.000044,1.114960
1349.005952,-351.714760,31.751179,50.412174,-0.000033,1.118793
1353.415885,-349.789119,35.717249,50.465787,-0.000022,1.124999
1357.826030,-347.887180,39.697179,50.519246,-0.000010,1.121339
1362.234242,-345.971459,43.668522,50.572504,0.000001,1.119086
1366.640962,-344.047709,47.633656,50.625557,0.000013,1.117015
1371.046150,-342.116143,51.594000,50.678419,0.000024,1.113381
1375.449164,-340.171158,55.545345,50.731075,0.000035,1.118155
1379.850344,-338.246008,59.503978,50.783525,0.000047,1.123883
1384.249728,-336.344211,63.472221,50.835777,0.000058,1.120153
1388.647017,-334.428537,67.431461,50.887824,0.000070,1.118912
1393.043193,-332.508867,71.386430,50.939665,0.000081,1.116241
1397.439778,-330.578697,75.336145,50.991324,0.000093,1.114163
1401.837158,-328.639908,79.282689,51.042813,0.000104,1.117947
1406.234184,-326.715783,83.237123,51.094129,0.000116,1.122522
1410.630530,-324.810358,87.199095,51.145246,0.000127,1.120735
1415.027247,-322.897856,91.157654,51.196182,0.000139,1.119118
1419.424304,-320.978633,95.113784,51.246944,0.000150,1.117438
1423.821284,-319.052792,99.066626,51.297522,0.000161,1.116883
1428.217904,-317.124798,103.018322,51.347916,0.000173,1.121200
1432.614233,-315.214157,106.977730,51.398119,0.000184,1.126627
1437.011208,-313.325007,110.947500,51.448139,0.000195,1.124469
1441.409417,-311.426763,114.914298,51.497989,0.000207,1.122064
1445.808775,-309.518447,118.877631,51.547668,0.000218,1.121221
1450.209656,-307.606328,122.840310,51.597173,0.000229,1.120581
1454.611682,-305.690812,126.803551,51.646515,0.000241,1.120931
1459.013383,-303.776549,130.767739,51.695674,0.000252,1.122699
1463.414133,-301.869711,134.734441,51.744636,0.000263,1.123019
1467.814114,-299.964552,138.700902,51.793400,0.000274,1.124906
1472.212287,-298.067138,142.670416,51.841971,0.000285,1.125655
1476.607370,-296.174000,146.638621,51.890320,0.000296,1.125224
1480.999193,-294.280513,150.603164,51.938448,0.000306,1.127961
1485.386500,-292.399327,154.569833,51.986352,0.000317,1.126848
1489.768869,-290.516158,158.529290,52.034008,0.000327,1.130178
1494.147763,-288.647980,162.491184,52.081430,0.000338,1.130010
1498.523995,-286.780304,166.450291,52.128637,0.000348,1.131225
1502.897350,-284.918543,170.409321,52.175629,0.000358,1.134779
1507.267054,-283.072198,174.372074,52.222401,0.000368,1.131759
1511.634404,-281.215655,178.325488,52.268943,0.000378,1.137133
1516.001867,-279.380625,182.288306,52.315292,0.000388,1.137518
1520.370203,-277.546787,186.252551,52.361464,0.000398,1.137121
1524.738880,-275.710974,190.216932,52.407460,0.000407,1.142500
1529.107202,-273.896624,194.190884,52.453268,0.000416,1.140587
1533.497762,-272.074858,198.160956,52.498885,0.000425,1.143673
1537.887537,-270.246747,202.177516,52.544785,0.000434,1.145772
1542.253941,-268.446240,206.155551,52.590016,0.000442,1.145546
1546.619857,-266.644940,210.132948,52.635062,0.000449,1.150512
1550.984078,-264.863705,214.118582,52.679921,0.000456,1.148754
1555.347024,-263.076559,218.098643,52.724573,0.000462,1.152869
1559.711477,-261.305761,222.086135,52.769051,0.000467,1.155310
1564.077517,-259.543533,226.080586,52.813386,0.000471,1.154264
1568.444044,-257.777012,230.073447,52.857554,0.000474,1.160168
1572.810288,-256.033818,234.077302,52.901566,0.000475,1.160849
1577.175610,-254.293856,238.081191,52.945406,0.000474,1.162916
1581.539947,-252.562403,242.088129,52.989089,0.000472,1.162816
1585.902826,-250.831099,246.093622,53.032613,0.000468,1.168585
1590.264126,-249.123530,250.107628,53.075985,0.000462,1.178148
1594.624265,-247.455048,254.136276,53.119213,0.000453,1.176518
1598.983832,-245.780270,258.161561,53.162315,0.000442,1.177589
1603.342829,-244.109977,262.188217,53.205303,0.000428,1.180344
1607.700709,-242.451045,266.218827,53.248190,0.000409,1.179839
1612.055947,-240.790666,270.247165,53.290982,0.000383,1.189164
1616.407329,-239.169316,274.287348,53.333678,0.000348,1.185029
1620.757286,-237.532768,278.317101,53.376297,0.000303,1.188352
1625.108647,-235.909199,282.353321,53.418917,0.000243,1.188791
1629.460690,-234.286777,286.391809,53.461567,0.000168,1.193049
1633.811250,-232.681681,290.436879,53.504245,0.000077,1.194112
1638.159573,-231.081864,294.481184,53.546933,-0.000030,1.195527
1642.506779,-229.488436,298.526056,53.589619,-0.000150,1.190421
1646.854718,-227.874531,302.562356,53.632268,-0.000282,1.197808
1651.204288,-226.289799,306.612215,53.674816,-0.000424,1.198427
1655.554904,-224.707071,310.664346,53.717135,-0.000572,1.198364
1659.907081,-223.123832,314.717034,53.759061,-0.000724,1.197448
1664.262477,-221.535999,318.770520,53.800421,-0.000880,1.194014
1668.621860,-219.932776,322.822271,53.841014,-0.001038,1.195543
1672.986132,-218.334304,326.880141,53.880601,-0.001199,1.190085
1677.356839,-216.711539,330.934643,53.918944,-0.001361,1.186352
1681.734150,-215.071015,334.989579,53.955780,-0.001525,1.185845
1686.118419,-213.426114,339.049405,53.990810,-0.001691,1.176687
1690.510274,-211.741127,343.101145,54.023731,-0.001859,1.173602
1694.909642,-210.040780,347.154520,54.054205,-0.002028,1.170222
1699.316680,-208.323779,351.209120,54.081935,-0.002198,1.161861
1703.730491,-206.569856,355.256326,54.106582,-0.002369,1.151151
1708.148198,-204.770326,359.289816,54.127788,-0.002539,1.142134
1712.565840,-202.933671,363.308724,54.145190,-0.002708,1.127577
1716.981734,-201.039618,367.298557,54.158371,-0.002877,1.115649
1721.395725,-199.098720,371.264278,54.167017,-0.003046,1.106690
1725.806816,-197.123455,375.210282,54.170816,-0.003215,1.094230
1730.214640,-195.100726,379.128368,54.169418,-0.003383,1.083230
1734.620019,-193.036502,383.021179,54.162464,-0.003552,1.075399
1739.024398,-190.942677,386.896179,53.962154,-0.003733,1.061964
1743.427448,-188.797115,390.742469,53.284237,-0.003943,1.055679
1747.828394,-186.628598,394.573117,52.631197,-0.004139,1.042625
1752.226532,-184.411180,398.373560,52.003045,-0.004325,1.029015
1756.622059,-182.144199,402.140221,51.400785,-0.004506,1.009596
1761.017150,-179.805265,405.860943,50.825928,-0.004682,0.995554
1765.413486,-177.414016,409.548922,50.280976,-0.004855,0.979496
1769.809967,-174.962779,413.199637,49.769160,-0.005022,0.968929
1774.204265,-172.474032,416.822888,49.294542,-0.005180,0.953739
1778.593911,-169.932113,420.405701,48.860946,-0.005328,0.942074
1782.976071,-167.352447,423.953294,48.472590,-0.005461,0.920307
1787.349159,-164.701254,427.437225,48.133695,-0.005576,0.882237
1791.712998,-161.925584,430.810191,47.848183,-0.005672,0.851664
1796.067581,-159.053861,434.090159,47.609715,-0.005747,0.816469
1800.408578,-156.075196,437.259923,47.378847,-0.005806,0.796628
1804.735005,-153.046391,440.357529,47.211754,-0.005839,0.777871
1809.052601,-149.968388,443.389539,47.065014,-0.005853,0.748860
1813.363530,-146.808064,446.326960,46.971578,-0.005844,0.727293
1817.668016,-143.590668,449.190615,46.886735,-0.005818,0.696382
1821.966095,-140.290504,451.949957,46.802247,-0.005776,0.677879
1826.259519,-136.945567,454.643162,46.718846,-0.005720,0.648954
1830.552533,-133.525711,457.237311,46.637144,-0.005649,0.634567
1834.845912,-130.067962,459.782675,46.557806,-0.005565,0.603703
1839.140409,-126.533657,462.219885,46.481578,-0.005469,0.571195
1843.438368,-122.919770,464.542370,46.409095,-0.005361,0.556824
1847.741263,-119.269259,466.814935,46.340988,-0.005243,0.534388
1852.048534,-115.563858,469.007891,46.277843,-0.005116,0.504909
1856.360454,-111.792678,471.092196,46.220234,-0.004981,0.485545
1860.677531,-107.976406,473.105963,46.168575,-0.004840,0.457652
1864.999708,-104.101723,475.014354,46.123257,-0.004695,0.427610
1869.332531,-100.165969,476.808000,46.084525,-0.004547,0.418097
1873.679635,-96.199392,478.570319,46.052479,-0.004396,0.390200
1878.038710,-92.172893,480.226375,46.027242,-0.004245,0.352527
1882.409283,-88.076898,481.733268,46.008835,-0.004094,0.339641
1886.793688,-83.950167,483.191378,45.997166,-0.003942,0.329137
1891.192027,-79.793871,484.611007,45.992083,-0.003789,0.317831
1895.600820,-75.609852,485.987484,45.993395,-0.003634,0.306306
1900.013408,-71.402294,487.318162,46.000859,-0.003476,0.279854
1904.427090,-67.161735,488.536885,46.014171,-0.003314,0.261360
1908.844305,-62.896526,489.677738,46.033024,-0.003147,0.245334
1913.264910,-58.609577,490.751096,46.057116,-0.002976,0.229807
1917.687652,-54.303897,491.758365,46.086134,-0.002799,0.212963
1922.110044,-49.980278,492.693313,46.119761,-0.002619,0.188976
1926.532581,-45.637756,493.523854,46.157653,-0.002435,0.173600
1930.958418,-41.280406,494.287984,46.199531,-0.002250,0.161744
1935.388322,-36.910368,495.001040,46.245096,-0.002064,0.158276
1939.817703,-32.533788,495.699589,46.294039,-0.001877,0.136046
1944.242055,-28.147906,496.299978,46.345940,-0.001691,0.118771
1948.663001,-23.757140,496.823940,46.400474,-0.001507,0.119080
1953.079818,-19.368468,497.349027,46.457360,-0.001325,0.109758
1957.490751,-14.981365,497.832491,46.516230,-0.001148,0.105559
1961.943228,-10.597698,498.296955,46.576787,-0.000977,0.101093
1966.392753,-6.123906,498.750773,46.640050,-0.000812,0.095698
1970.793877,-1.741751,499.171422,46.703182,-0.000662,0.090279
1975.193382,2.640281,499.568105,46.767168,-0.000532,0.084534
1979.591866,7.023633,499.939533,46.831764,-0.000425,0.080257
1983.989772,11.407384,500.292115,46.896732,-0.000343,0.075549
1988.388328,15.792744,500.624057,46.961896,-0.000285,0.072137
1992.787601,20.180510,500.941128,47.027129,-0.000247,0.069001
1997.186849,24.569380,501.244444,47.092311,-0.000223,0.066035
2001.586319,28.958949,501.534732,47.157370,-0.000210,0.065083
2005.986210,33.349417,501.820883,47.222274,-0.000203,0.063221
2010.385665,37.740625,502.098871,47.286991,-0.000199,0.061506
2014.784242,42.131219,502.369262,47.351486,-0.000197,0.060010
2019.182771,46.521544,502.633041,47.415752,-0.000195,0.058694
2023.581769,50.912786,502.891076,47.479804,-0.000195,0.057571
2027.981201,55.304677,503.144201,47.543632,-0.000195,0.056573
2032.381400,59.697322,503.392972,47.607237,-0.000197,0.055590
2036.782301,64.091238,503.637481,47.670624,-0.000200,0.054664
2041.183040,68.485753,503.877942,47.733781,-0.000204,0.053764
2045.582916,72.879784,504.114409,47.796693,-0.000209,0.052948
2049.981919,77.272982,504.347236,47.859355,-0.000215,0.051996
2054.380359,81.665678,504.575845,47.921769,-0.000222,0.050785
2058.778737,86.058248,504.799111,47.983941,-0.000229,0.049617
2063.177187,90.451351,505.017262,48.045880,-0.000236,0.048984
2067.575117,94.844458,505.232625,48.107580,-0.000243,0.048348
2071.972355,99.236798,505.445153,48.169031,-0.000250,0.047223
2076.369118,103.628892,505.652716,48.230239,-0.000258,0.046638
2080.765952,108.020642,505.857688,48.291204,-0.000265,0.045530
2085.163154,112.413223,506.057820,48.351943,-0.000273,0.043901
2089.560503,116.806253,506.250801,48.412448,-0.000280,0.043686
2093.958420,121.199489,506.442845,48.472720,-0.000288,0.042348
2098.357044,125.593948,506.629054,48.532772,-0.000296,0.041055
2102.756064,129.989087,506.809598,48.592595,-0.000304,0.039872
2107.156277,134.384784,506.984957,48.652190,-0.000312,0.038657
2111.558454,138.782728,507.155054,48.711580,-0.000320,0.037775
2115.961549,143.182709,507.321343,48.770762,-0.000327,0.036553
2120.363732,147.582836,507.482250,48.829711,-0.000335,0.034734
2124.764507,151.981480,507.635092,48.888405,-0.000343,0.034121
2129.164946,156.379168,507.785206,48.946854,-0.000351,0.032120
2133.566239,160.777527,507.926530,49.005077,-0.000359,0.030683
2137.968569,165.177414,508.061573,49.063088,-0.000367,0.029362
2142.371273,169.578217,508.190825,49.120880,-0.000374,0.028147
2146.773821,173.979180,508.314730,49.178442,-0.000382,0.026531
2151.176178,178.380021,508.431515,49.235773,-0.000390,0.024103
2155.577593,182.781065,508.537613,49.292874,-0.000397,0.022537
2159.976658,187.180455,508.636777,49.349725,-0.000405,0.018833
2164.373122,191.577297,508.719594,49.406313,-0.000412,0.019240
2168.768257,195.971791,508.804156,49.462646,-0.000420,0.019948
2173.163317,200.365879,508.891821,49.518750,-0.000427,0.012014
2177.556879,204.760718,508.944624,49.574632,-0.000435,0.004396
2181.947042,209.152644,508.963929,49.630251,-0.000442,0.006257
2186.335570,213.540916,508.991387,49.685603,-0.000449,0.008797
2190.725265,217.929445,509.029992,49.740737,-0.000456,0.001693
2195.115105,222.320130,509.037425,49.795676,-0.000463,0.001193
2199.503668,226.709115,509.042659,49.850374,-0.000470,-0.005067
2203.891479,231.097197,509.020426,49.904842,-0.000477,-0.000845
2208.278733,235.484680,509.016718,49.959083,-0.000484,-0.005245
2212.665618,239.871641,508.993708,50.013102,-0.000490,-0.001086
2217.053350,244.258388,508.988945,50.066901,-0.000497,-0.014534
2221.441791,248.646638,508.925162,50.120509,-0.000503,-0.007522
2225.829787,253.034683,508.892153,50.173896,-0.000509,-0.015496
2230.217318,257.421978,508.824160,50.227066,-0.000514,-0.009808
2234.605347,261.809009,508.781129,50.280018,-0.000519,-0.020209
2238.993689,266.196928,508.692440,50.332780,-0.000523,-0.016369
2243.381379,270.584209,508.620617,50.385325,-0.000526,-0.022317
2247.768340,274.970627,508.522709,50.437664,-0.000528,-0.021916
2252.154514,279.355985,508.426584,50.489792,-0.000530,-0.024850
2256.539699,283.740569,508.317604,50.541721,-0.000530,-0.025623
2260.923259,288.123561,508.205276,50.593443,-0.000529,-0.033733
2265.305127,292.503756,508.057465,50.644960,-0.000528,-0.033211
2269.686894,296.882388,507.911991,50.696275,-0.000527,-0.034963
2274.069455,301.262196,507.758799,50.747430,-0.000526,-0.038358
2278.452388,305.641607,507.590731,50.798410,-0.000524,-0.035344
2282.836705,310.022103,507.435842,50.849223,-0.000523,-0.046986
2287.222789,314.402663,507.229867,50.899890,-0.000521,-0.041683
2291.610505,318.785620,507.047067,50.950402,-0.000520,-0.043315
2296.000127,323.170168,506.857031,51.000766,-0.000518,-0.046900
2300.390834,327.555920,506.651187,51.050984,-0.000517,-0.054589
2304.780614,331.940214,506.411613,51.101038,-0.000515,-0.053485
2309.169718,336.322662,506.176995,51.150902,-0.000514,-0.052405
2313.560720,340.706120,505.947072,51.200609,-0.000512,-0.056855
2317.953245,345.091544,505.697469,51.250187,-0.000511,-0.060251
2322.345506,349.476102,505.432976,51.299601,-0.000509,-0.065243
2326.737784,353.858751,505.146632,51.348847,-0.000508,-0.062107
2331.131883,358.242844,504.873998,51.397937,-0.000507,-0.059932
2335.527843,362.630589,504.610718,51.446899,-0.000506,-0.072696
2339.925460,367.015260,504.291406,51.495707,-0.000505,-0.076286
2344.325611,371.401419,503.956152,51.544382,-0.000504,-0.074006
2348.728773,375.790721,503.630722,51.592923,-0.000503,-0.071078
2353.134046,380.184572,503.317889,51.641342,-0.000503,-0.075202
2357.538508,384.577692,502.986893,51.689607,-0.000503,-0.081530
2361.941810,388.966419,502.628287,51.737685,-0.000503,-0.081769
2366.345990,393.354957,502.268639,51.785600,-0.000503,-0.080651
2370.752018,397.745749,501.913748,51.833374,-0.000504,-0.083135
2375.159267,402.137472,501.547800,51.881003,-0.000505,-0.085179
2379.566371,406.529047,501.172823,51.928475,-0.000507,-0.090489
2383.973330,410.917672,500.774613,51.975770,-0.000510,-0.090523
2388.380842,415.306892,500.376199,52.022903,-0.000515,-0.090663
2392.788834,419.696547,499.977126,52.069869,-0.000520,-0.091514
2397.203459,424.086327,499.574276,52.116663,-0.000527,-0.093110
2401.657456,428.488200,499.163229,52.163411,-0.000535,-0.095233
2406.105072,432.954840,498.736569,52.210667,-0.000545,-0.097505
2410.513828,437.342162,498.307422,52.256896,-0.000557,-0.099763
2414.919854,441.729490,497.868269,52.302935,-0.000572,-0.102181
2419.323412,446.109325,497.419171,52.348697,-0.000588,-0.104670
2423.730415,450.489538,496.959014,52.394252,-0.000608,-0.105193
2428.142532,454.874851,496.495999,52.439628,-0.000631,-0.109252
2432.561715,459.263078,496.014660,52.484800,-0.000658,-0.109616
2436.989484,463.660345,495.530711,52.529791,-0.000690,-0.113713
2441.424949,468.063443,495.027850,52.574554,-0.000731,-0.117811
2445.867318,472.471883,494.506071,52.619042,-0.000781,-0.118189
2450.314931,476.886396,493.981882,52.663181,-0.000846,-0.125007
2454.768411,481.301374,493.427086,52.706867,-0.000927,-0.123985
2459.228674,485.724419,492.875865,52.750018,-0.001027,-0.129297
2463.691866,490.150429,492.300387,52.792465,-0.001148,-0.132629
2468.155233,494.574351,491.710182,52.833954,-0.001289,-0.133134
2472.619375,498.998467,491.117676,52.874248,-0.001448,-0.140546
2477.083350,503.419112,490.492249,52.913059,-0.001621,-0.142082
2481.546986,507.837417,489.860228,52.950022,-0.001804,-0.147517
2486.012404,512.252927,489.204100,52.984772,-0.001995,-0.153571
2490.481581,516.667201,488.520818,53.016906,-0.002190,-0.158888
2494.956598,521.082387,487.813333,53.045989,-0.002387,-0.168502
2499.438228,525.497483,487.062257,53.071566,-0.002585,-0.169502
2503.924004,529.917945,486.305720,53.093105,-0.002783,-0.178436
2508.413050,534.333525,485.509350,53.110148,-0.002982,-0.209469
2512.906285,538.726624,484.575433,53.122211,-0.003181,-0.208683
2517.401265,543.124298,483.644154,53.128712,-0.003381,-0.223671
2521.894750,547.507093,482.647167,53.129168,-0.003581,-0.237052
2526.385163,551.873676,481.592228,52.737545,-0.003809,-0.238513
2530.872609,556.235221,480.531758,52.004790,-0.004055,-0.261502
2535.359246,560.568977,479.371914,51.299853,-0.004286,-0.280669
2539.842935,564.880399,478.129022,50.623295,-0.004508,-0.276801
2544.322849,569.190234,476.904625,49.978127,-0.004725,-0.305089
2548.799061,573.462820,475.559099,49.366856,-0.004938,-0.310752
2553.270532,577.721559,474.191374,48.794441,-0.005145,-0.325624
2557.744003,581.956633,472.761433,48.265095,-0.005344,-0.368540
2562.218287,586.133000,471.148584,47.782693,-0.005529,-0.367800
2566.687537,590.305534,469.540761,47.353590,-0.005695,-0.396081
2571.147479,594.426613,467.817402,46.983056,-0.005839,-0.410229
2575.596577,598.510123,466.041467,46.677322,-0.005955,-0.457003
2580.031914,602.499171,464.079967,46.431380,-0.006043,-0.492129
2584.447325,606.399450,461.988924,46.194682,-0.006108,-0.522077
2588.840864,610.217959,459.792049,46.025651,-0.006141,-0.540075
2593.215142,613.976022,457.538973,45.887922,-0.006147,-0.564936
2597.577475,617.664359,455.201130,45.803766,-0.006125,-0.600101
2601.931114,621.260776,452.740158,45.720023,-0.006083,-0.621832
2606.277281,624.796068,450.206489,45.636975,-0.006022,-0.649317
2610.617980,628.255159,447.580600,45.555475,-0.005943,-0.671695
2614.956514,631.651212,444.880681,45.476376,-0.005847,-0.704830
2619.294262,634.955979,442.069716,45.400484,-0.005736,-0.715241
2623.630017,638.230093,439.225551,45.328687,-0.005611,-0.748967
2627.961022,641.404697,436.274220,45.261796,-0.005472,-0.779427
2632.289834,644.482880,433.232583,45.200598,-0.005323,-0.805743
2636.624306,647.481858,430.109028,45.145567,-0.005165,-0.824697
2640.969703,650.426922,426.922892,45.097170,-0.005000,-0.847245
2645.326035,653.308185,423.661222,45.055808,-0.004829,-0.882775
2649.698340,656.077231,420.292615,45.021862,-0.004654,-0.883733
2654.085427,658.857855,416.903310,44.995440,-0.004476,-0.915347
2658.481751,661.533748,413.422876,44.976764,-0.004297,-0.926548
2662.888303,664.177850,409.902891,44.965755,-0.004117,-0.941301
2667.299698,666.774566,406.337651,44.962275,-0.003937,-0.962662
2671.712121,669.295384,402.716544,44.966060,-0.003757,-0.992426
2676.126134,671.707636,399.021540,44.976748,-0.003576,-1.012895
2680.542507,674.045132,395.275727,44.993935,-0.003394,-1.029937
2684.959796,676.319549,391.488811,45.017188,-0.003211,-1.052718
2689.379310,678.506969,387.651314,45.046054,-0.003026,-1.061539
2693.802463,680.662766,383.790540,45.080124,-0.002839,-1.086053
2698.228168,682.724466,379.875834,45.118965,-0.002651,-1.099159
2702.654881,684.735845,375.932162,45.162165,-0.002462,-1.120723
2707.082380,686.661487,371.946527,45.209293,-0.002274,-1.126221
2711.510165,688.566098,367.948458,45.259985,-0.002089,-1.148305
2715.935978,690.381324,363.910708,45.313810,-0.001909,-1.160095
2720.359094,692.147859,359.854042,45.370360,-0.001740,-1.165451
2724.778511,693.891465,355.790722,45.429215,-0.001590,-1.172814
2729.193763,695.603396,351.718739,45.489920,-0.001469,-1.177492
2733.605134,697.294757,347.642409,45.552021,-0.001390,-1.181525
2738.013407,698.968205,343.562850,45.615039,-0.001366,-1.188744
2742.419402,700.611285,339.473499,45.678508,-0.001405,-1.195206
2746.822401,702.227095,335.375663,45.741947,-0.001510,-1.202564
2751.222840,703.811345,331.269589,45.804853,-0.001674,-1.209142
2755.622635,705.368081,327.154421,45.866772,-0.001884,-1.215740
2760.022044,706.897646,323.029038,45.927192,-0.002128,-1.222796
2764.421210,708.397787,318.893725,45.985511,-0.002395,-1.229429
2768.820652,709.870578,314.748248,46.041105,-0.002674,-1.237508
2773.219580,711.309901,310.590793,46.093285,-0.002961,-1.245551
2777.617594,712.715342,306.423084,46.141325,-0.003252,-1.254655
2782.015898,714.082600,302.243300,46.184506,-0.003546,-1.264945
2786.415442,715.407125,298.048565,46.222096,-0.003845,-1.275517
2790.819269,716.687617,293.838797,46.253315,-0.004149,-1.288846
2795.231743,717.913898,289.605378,46.277383,-0.004457,-1.303594
2799.652843,719.080268,285.344641,46.293441,-0.004766,-1.318254
2804.076830,720.185851,281.060290,46.186293,-0.005087,-1.329751
2808.500851,721.241764,276.764897,45.421738,-0.005474,-1.363754
2812.920607,722.151348,272.434627,44.695996,-0.005825,-1.396697
2817.327170,722.916076,268.086624,44.009266,-0.006151,-1.437908
2821.711855,723.498850,263.727016,43.363507,-0.006460,-1.456826
2826.094380,723.995933,259.384392,42.762934,-0.006756,-1.477176
2830.456296,724.406707,255.009564,42.205459,-0.007038,-1.500160
2834.778198,724.712290,250.690601,41.707368,-0.007297,-1.532693
2839.085000,724.876629,246.379687,41.269560,-0.007530,-1.565537
2843.376651,724.899240,242.080189,40.901101,-0.007729,-1.581584
2847.654261,724.853031,237.796694,40.608684,-0.007886,-1.601068
2851.922280,724.723745,233.527174,40.353193,-0.008004,-1.647453
2856.183443,724.397158,229.275137,40.170892,-0.008070,-1.682694
2860.438974,723.921719,225.043999,40.001212,-0.008093,-1.699497
2864.691317,723.375829,220.825879,39.913468,-0.008052,-1.741080
2868.940175,722.655382,216.635979,39.830899,-0.007964,-1.774664
2873.185215,721.795677,212.477591,39.750442,-0.007827,-1.805788
2877.429905,720.807584,208.350470,39.673820,-0.007638,-1.835981
2881.676414,719.694860,204.253254,39.602851,-0.007398,-1.869038
2885.923456,718.446807,200.193364,39.539491,-0.007107,-1.912754
2890.170364,717.022754,196.192556,39.485697,-0.006766,-1.946418
2894.419154,715.464691,192.241544,39.443249,-0.006376,-1.962394
2898.671791,713.842439,188.312844,39.413682,-0.005940,-2.000401
2902.924499,712.070261,184.444660,39.398216,-0.005465,-2.048461
2907.177424,710.116233,180.669825,39.397611,-0.004962,-2.063137
2911.434329,708.104820,176.919977,39.411988,-0.004443,-2.100523
2915.695221,705.952978,173.245072,39.440913,-0.003918,-2.124983
2919.962518,703.709449,169.619933,39.483395,-0.003397,-2.150962
2924.240284,701.368042,166.047477,39.538046,-0.002880,-2.174482
2928.531757,698.936008,162.520548,39.603286,-0.002361,-2.204311
2932.846136,696.391206,159.055934,39.677460,-0.001828,-2.215180
2937.190261,693.790168,155.594250,39.759258,-0.001269,-2.230011
2941.557460,691.120740,152.149146,39.847154,-0.000681,-2.243693
2945.939859,688.393306,148.726935,39.939466,-0.000069,-2.242047
2950.334689,685.663697,145.290405,40.034554,0.000554,-2.217920
2954.732251,683.010372,141.779208,40.130815,0.001176,-2.200629
2959.117458,680.422181,138.228186,40.226185,0.001785,-2.192317
2963.482068,677.874001,134.670304,40.318817,0.002376,-2.193180
2967.828983,675.336348,131.133571,40.407106,0.002944,-2.181708
2972.162957,672.846354,127.577846,40.489942,0.003483,-2.182466
2976.483233,670.361601,124.035317,40.566134,0.003972,-2.174472
2980.791781,667.912956,120.484220,40.634856,0.004384,-2.173996
2985.093563,665.471603,116.940088,40.695838,0.004688,-2.145268
2989.391613,663.135047,113.330367,40.749509,0.004857,-2.140301
2993.686542,660.818500,109.712286,40.796998,0.004880,-2.115214
2997.980325,658.594705,106.039322,40.840196,0.004764,-2.105360
3002.276054,656.407133,102.344496,40.881479,0.004529,-2.082824
3006.572454,654.301540,98.598049,40.923335,0.004206,-2.060534
3010.867814,652.281102,94.807727,40.967951,0.003813,-2.053549
3015.163321,650.287037,91.003095,41.017121,0.003372,-2.028794
3019.462134,648.387772,87.150298,41.072006,0.002900,-2.019812
3023.763974,646.520308,83.274612,41.133240,0.002413,-1.980885
3028.068772,644.805323,79.329729,41.200701,0.001919,-1.975066
3032.380067,643.110760,75.368949,41.274012,0.001423,-1.953361
3036.699602,641.500140,71.366309,41.352375,0.000926,-1.952195
3041.029519,639.890465,67.352514,41.434860,0.000424,-1.939618
3045.372489,638.327520,63.308753,41.520383,-0.000086,-1.933268
3049.730006,636.784843,59.240800,41.607875,-0.000605,-1.918349
3054.102590,635.298343,55.137359,41.696094,-0.001135,-1.913582
3058.492641,633.825911,51.011445,41.783824,-0.001672,-1.915908
3062.902330,632.337612,46.871518,41.869769,-0.002211,-1.931116
3067.322269,630.779216,42.735299,41.952580,-0.002740,-1.935887
3071.734839,629.201192,38.606782,42.030489,-0.003241,-1.946294
3076.132324,627.585606,34.508402,42.102067,-0.003689,-1.981603
3080.510400,625.832602,30.483975,42.166462,-0.004067,-2.023805
3084.857695,623.921503,26.557902,42.223188,-0.004362,-2.045395
3089.166561,621.943647,22.708174,42.272235,-0.004572,-2.054066
3093.444671,619.950347,18.909776,42.314295,-0.004709,-2.070780
3097.707680,617.904904,15.165473,42.350478,-0.004790,-2.090832
3101.970668,615.788339,11.469119,42.381926,-0.004834,-2.105382
3106.248741,613.614607,7.797857,42.409702,-0.004852,-2.122109
3110.551178,611.367681,4.143801,42.434755,-0.004851,-2.151593
3114.883967,608.999941,0.536133,42.457826,-0.004838,-2.148748
3119.249084,606.623321,-3.107623,42.479599,-0.004814,-2.146616
3123.636456,604.238360,-6.781259,42.500599,-0.004780,-2.154182
3128.034105,601.817454,-10.449195,42.521248,-0.004738,-2.164958
3132.432816,599.354011,-14.095503,42.541934,-0.004689,-2.179705
3136.827857,596.839075,-17.702205,42.562986,-0.004633,-2.197944
3141.217502,594.261024,-21.259343,42.584708,-0.004572,-2.240469
3145.602497,591.538404,-24.698203,42.607332,-0.004509,-2.252904
3149.985950,588.774706,-28.101132,42.631074,-0.004442,-2.286183
3154.368233,585.899805,-31.409652,42.656095,-0.004374,-2.299025
3158.748958,582.983711,-34.679798,42.682507,-0.004303,-2.321478
3163.126167,579.995979,-37.882531,42.710399,-0.004230,-2.345969
3167.497552,576.934562,-41.007208,42.739815,-0.004154,-2.356391
3171.863221,573.845093,-44.095465,42.770800,-0.004075,-2.386500
3176.222376,570.667901,-47.085693,42.803404,-0.003993,-2.393028
3180.576187,567.476932,-50.049843,42.837649,-0.003907,-2.433211
3184.923392,564.171694,-52.881500,42.873622,-0.003815,-2.443578
3189.262479,560.845148,-55.672137,42.911329,-0.003714,-2.469182
3193.595637,557.452915,-58.372982,42.950897,-0.003602,-2.480386
3197.925728,554.035288,-61.032034,42.992444,-0.003475,-2.502957
3202.254047,550.558712,-63.613132,43.036174,-0.003332,-2.522498
3206.579715,547.035057,-66.123888,43.082221,-0.003173,-2.542778
3210.903304,543.462861,-68.561547,43.130752,-0.002998,-2.557440
3215.227707,539.857110,-70.945377,43.181886,-0.002812,-2.559238
3219.554132,536.243918,-73.324807,43.235767,-0.002617,-2.582625
3223.885304,532.575853,-75.619227,43.292364,-0.002417,-2.585660
3228.224334,528.892996,-77.907377,43.351746,-0.002213,-2.618407
3232.575112,525.131582,-80.076960,43.413780,-0.002007,-2.618837
3236.941158,521.354495,-82.253418,43.478475,-0.001800,-2.637464
3241.322811,517.525682,-84.365681,43.545614,-0.001589,-2.632984
3245.719941,513.690922,-86.503687,43.615073,-0.001376,-2.631043
3250.126389,509.848745,-88.655615,43.686578,-0.001159,-2.632835
3254.536068,505.998026,-90.803274,43.759778,-0.000940,-2.639167
3258.946090,502.132832,-92.927031,43.834359,-0.000717,-2.645497
3263.355844,498.254625,-95.026085,43.910043,-0.000494,-2.652079
3267.766763,494.362804,-97.099506,43.986569,-0.000270,-2.657166
3272.180804,490.458308,-99.154251,44.063711,-0.000045,-2.662570
3276.646277,486.539408,-101.189609,44.141216,0.000179,-2.666969
3281.117931,482.523462,-103.252987,44.220477,0.000408,-2.669165
3285.550713,478.580216,-105.268078,44.297941,0.000636,-2.670607
3289.993648,474.626067,-107.281554,44.375003,0.000864,-2.669114
3294.446873,470.664844,-109.306089,44.451405,0.001092,-2.671360
3298.908999,466.690834,-111.325913,44.526806,0.001319,-2.667530
3303.377433,462.716986,-113.364845,44.600883,0.001545,-2.665466
3307.847502,458.743736,-115.413842,44.673255,0.001769,-2.664751
3312.317063,454.772664,-117.465308,44.743539,0.001990,-2.657391
3316.786431,450.816987,-119.545848,44.811450,0.002208,-2.653829
3321.255054,446.868899,-121.640385,44.876705,0.002422,-2.648076
3325.723488,442.934088,-123.756974,44.939010,0.002632,-2.636705
3330.192366,439.022772,-125.918626,44.998138,0.002836,-2.629238
3334.659396,435.127756,-128.109394,45.053832,0.003034,-2.620853
3339.121355,431.254403,-130.330934,45.105830,0.003224,-2.612467
3343.577273,427.405430,-132.581593,45.153932,0.003403,-2.589942
3348.024294,423.612875,-134.915453,45.198037,0.003568,-2.562797
3352.457012,419.895290,-137.344702,45.238057,0.003714,-2.539865
3356.873209,416.247892,-139.849281,45.274055,0.003834,-2.533158
3361.277429,412.631044,-142.368745,45.306274,0.003924,-2.510871
3365.677377,409.077131,-144.963885,45.335178,0.003979,-2.473972
3370.073569,405.622357,-147.687590,45.361340,0.003997,-2.484132
3374.468641,402.145043,-150.372231,45.385397,0.003977,-2.464304
3378.864957,398.718511,-153.127803,45.408170,0.003924,-2.449976
3383.258063,395.332986,-155.931216,45.430421,0.003844,-2.438531
3387.644356,391.983504,-158.770024,45.452899,0.003742,-2.427717
3392.025056,388.671509,-161.639170,45.476269,0.003625,-2.409348
3396.402509,385.414602,-164.567023,45.501125,0.003499,-2.375179
3400.777919,382.262528,-167.601632,45.527886,0.003370,-2.363718
3405.157052,379.145474,-170.672134,45.556871,0.003239,-2.340983
3409.545318,376.093810,-173.818082,45.588318,0.003108,-2.336876
3413.945649,373.047623,-176.984296,45.622351,0.002979,-2.311936
3418.360452,370.072323,-180.235348,45.659031,0.002850,-2.310865
3422.791737,367.089998,-183.501090,45.698375,0.002720,-2.297428
3427.236296,364.140273,-186.819602,45.740374,0.002587,-2.268589
3431.691842,361.281576,-190.228810,45.784905,0.002450,-2.262099
3436.158048,358.436896,-193.666370,45.831941,0.002310,-2.256231
3440.631684,355.607054,-197.127148,45.881366,0.002167,-2.259102
3445.109105,352.763246,-200.584697,45.933069,0.002021,-2.254559
3449.587156,349.934414,-204.056067,45.986885,0.001872,-2.245071
3454.064744,347.138612,-207.554160,46.042677,0.001723,-2.238332
3458.540154,344.367051,-211.070249,46.100293,0.001574,-2.227571
3463.010073,341.635552,-214.613281,46.159553,0.001426,-2.217602
3467.469423,338.944087,-218.177301,46.220239,0.001279,-2.210144
3471.915295,336.287356,-221.750430,46.282100,0.001134,-2.200469
3476.349518,333.673221,-225.338253,46.344963,0.000991,-2.193648
3480.773664,331.089384,-228.935799,46.408709,0.000852,-2.186311
3485.187904,328.537941,-232.543814,46.473167,0.000717,-2.180844
3489.595436,326.011727,-236.157910,46.538184,0.000586,-2.174949
3493.999946,323.509066,-239.783640,46.603689,0.000463,-2.169719
3498.402182,321.026621,-243.420623,46.669555,0.000350,-2.165974
3502.802338,318.559148,-247.064902,46.735636,0.000250,-2.161898
3507.201881,316.107542,-250.717735,46.801809,0.000165,-2.159521
3511.602395,313.664320,-254.376843,46.867996,0.000098,-2.156141
3516.003337,311.232712,-258.045347,46.934117,0.000047,-2.154400
3520.403314,308.807787,-261.717633,47.000077,0.000009,-2.152938
3524.802160,306.389002,-265.392292,47.065820,-0.000018,-2.151511
3529.200973,303.975935,-269.069678,47.131327,-0.000038,-2.151129
3533.600009,301.563837,-272.748650,47.196608,-0.000053,-2.150065
3537.998639,299.155848,-276.429896,47.261640,-0.000065,-2.149723
3542.397732,296.749370,-280.111577,47.326418,-0.000076,-2.149848
3546.797935,294.341674,-283.794120,47.390968,-0.000086,-2.149304
3551.198891,291.935524,-287.478668,47.455284,-0.000096,-2.149559
3555.600183,289.528069,-291.163166,47.519363,-0.000104,-2.149745
3560.001632,287.119927,-294.847219,47.583196,-0.000111,-2.150011
3564.402891,284.710636,-298.530890,47.646791,-0.000116,-2.150309
3568.803287,282.300626,-302.213266,47.710134,-0.000121,-2.150661
3573.202985,279.889886,-305.893925,47.773222,-0.000123,-2.151052
3577.602360,277.477905,-309.573343,47.836068,-0.000124,-2.151484
3582.001870,275.064493,-313.251477,47.898675,-0.000122,-2.151941
3586.401561,272.649091,-316.928975,47.961059,-0.000118,-2.152448
3590.800529,270.231935,-320.605082,48.023210,-0.000112,-2.152971
3595.199127,267.813542,-324.278881,48.085119,-0.000102,-2.153449
3599.598214,265.393112,-327.951948,48.146813,-0.000089,-2.153862
3603.997629,262.970910,-331.624409,48.208295,-0.000073,-2.154554
3608.396836,260.546060,-335.295347,48.269563,-0.000053,-2.155482
3612.794892,258.118140,-338.963529,48.330610,-0.000029,-2.155761
3617.192367,255.690134,-342.629620,48.391420,-0.000000,-2.155978
3621.591246,253.261037,-346.295631,48.452026,0.000036,-2.156179
3625.990935,250.829950,-349.963045,48.512451,0.000082,-2.156372
3630.389657,248.398512,-353.629452,48.572647,0.000144,-2.156538
3634.787602,245.967180,-357.294380,48.632596,0.000227,-2.156599
3639.185379,243.535767,-360.958942,48.692284,0.000338,-2.156510
3643.583504,241.104724,-364.623655,48.751663,0.000481,-2.156194
3647.983321,238.674408,-368.289781,48.810652,0.000659,-2.155657
3652.385266,236.244625,-371.959390,48.869119,0.000869,-2.154779
3656.788172,233.817154,-375.632501,48.926812,0.001107,-2.153536
3661.190022,231.394099,-379.308858,48.983375,0.001365,-2.151364
3665.589379,228.980345,-382.988474,49.038336,0.001638,-2.148953
3669.985795,226.576891,-386.671722,49.091164,0.001919,-2.145272
3674.379044,224.188795,-390.361037,49.141239,0.002204,-2.141113
3678.769532,221.817708,-394.057680,49.187899,0.002489,-2.136350
3683.157612,219.465581,-397.763493,49.230512,0.002776,-2.130279
3687.543897,217.137242,-401.481526,49.268327,0.003063,-2.122179
3691.929686,214.839744,-405.217241,49.300620,0.003353,-2.114496
3696.317548,212.570886,-408.970708,49.004182,0.003670,-2.100230
3700.711204,210.353836,-412.759525,48.078780,0.004036,-2.090849
3705.110844,208.168605,-416.575646,47.170554,0.004390,-2.084906
3709.515282,206.003986,-420.408411,46.281765,0.004746,-2.053298
3713.920806,203.959106,-424.312378,45.415567,0.005112,-2.038606
3718.324989,201.973222,-428.243161,44.579136,0.005493,-1.997710
3722.725793,200.149516,-432.252270,43.778759,0.005886,-1.987588
3727.118599,198.369403,-436.273031,43.023462,0.006285,-1.968742
3731.502308,196.668780,-440.318534,42.321013,0.006679,-1.958802
3735.926883,195.012016,-444.372023,41.678185,0.007055,-1.916061
3740.346775,193.499113,-448.578371,41.088661,0.007409,-1.901634
3744.710549,192.079703,-452.711043,40.582832,0.007717,-1.873553
3749.061360,190.780379,-456.870753,40.156502,0.007977,-1.836439
3753.394699,189.640029,-461.062099,39.819628,0.008181,-1.810356
3757.710734,188.614297,-465.261617,39.558617,0.008330,-1.750934
3762.010886,187.842256,-469.500991,39.321988,0.008429,-1.704210
3766.291179,187.271447,-473.754062,39.141726,0.008469,-1.676529
3770.550207,186.820873,-477.999601,39.033935,0.008444,-1.660037
3774.794628,186.442223,-482.231369,38.952134,0.008368,-1.609301
3779.029007,186.278996,-486.468393,38.871836,0.008244,-1.571977
3783.252240,186.274002,-490.696980,38.794808,0.008073,-1.543873
3787.467512,186.387547,-494.913330,38.722818,0.007857,-1.505452
3791.679758,186.662623,-499.117004,38.657555,0.007597,-1.466617
3795.892686,187.100617,-503.305996,38.600696,0.007296,-1.436589
3800.108582,187.664476,-507.482129,38.553839,0.006955,-1.405782
3804.330701,188.357312,-511.642600,38.518406,0.006578,-1.374611
3808.560569,189.181177,-515.787999,38.495519,0.006171,-1.327654
3812.802850,190.200349,-519.896744,38.485993,0.005742,-1.301573
3817.065892,191.331122,-523.994905,38.490187,0.005298,-1.273112
3821.354111,192.584946,-528.081674,38.508113,0.004846,-1.248016
3825.665694,193.949451,-532.161180,38.539380,0.004390,-1.209596
3830.000019,195.476662,-536.203838,38.583153,0.003929,-1.194148
3834.359167,197.075567,-540.246254,38.638415,0.003457,-1.193796
3838.734856,198.684735,-544.310435,38.703965,0.002965,-1.186176
3843.115384,200.328228,-548.370643,38.778334,0.002449,-1.176042
3847.493075,202.013013,-552.414553,38.860093,0.001909,-1.159080
3851.865685,203.763632,-556.423543,38.947825,0.001351,-1.148853
3856.234550,205.553571,-560.410885,39.040287,0.000782,-1.133659
3860.602146,207.402353,-564.367297,39.136179,0.000211,-1.123634
3864.972240,209.291170,-568.305947,39.234285,-0.000357,-1.116698
3869.345612,211.208983,-572.234923,39.333351,-0.000920,-1.110100
3873.721288,213.153846,-576.153522,39.432049,-0.001478,-1.109629
3878.098157,215.101434,-580.072971,39.529095,-0.002032,-1.106833
3882.475054,217.060156,-583.987327,39.623213,-0.002579,-1.106889
3886.851653,219.018501,-587.901477,39.713177,-0.003114,-1.122402
3891.225696,220.915789,-591.845314,39.797841,-0.003624,-1.132631
3895.592983,222.770568,-595.803945,39.876108,-0.004085,-1.136155
3899.948877,224.607749,-599.761247,39.947198,-0.004471,-1.158530
3904.287178,226.350265,-603.745701,40.010775,-0.004762,-1.163143
3908.605947,228.066040,-607.718837,40.067081,-0.004948,-1.192988
3912.906004,229.655841,-611.724651,40.117066,-0.005036,-1.225922
3917.188900,231.106316,-615.762382,40.161998,-0.005047,-1.253366
3921.459733,232.440793,-619.824219,40.203345,-0.005007,-1.289448
3925.726806,233.625315,-623.922710,40.242522,-0.004933,-1.301221
3930.003544,234.761957,-628.036487,40.280766,-0.004841,-1.309764
3934.294241,235.867967,-632.176868,40.319112,-0.004741,-1.350701
3938.604345,236.805846,-636.369074,40.358152,-0.004640,-1.364232
3942.947453,237.692769,-640.601515,40.398510,-0.004539,-1.374096
3947.323492,238.545225,-644.879247,40.440592,-0.004438,-1.399104
3951.723868,239.295295,-649.204933,40.484535,-0.004335,-1.422878
3956.148006,239.945314,-653.567289,40.530411,-0.004228,-1.422175
3960.592936,240.602435,-657.956125,40.578407,-0.004116,-1.422891
3965.045159,241.258526,-662.359620,40.628463,-0.004002,-1.430412
3969.492562,241.881515,-666.768161,40.680433,-0.003890,-1.444313
3973.928858,242.441916,-671.175138,40.734104,-0.003794,-1.461767
3978.354183,242.923971,-675.578959,40.789221,-0.003725,-1.480288
3982.770972,243.323521,-679.981389,40.845440,-0.003697,-1.498160
3987.182039,243.643788,-684.382807,40.902259,-0.003720,-1.515610
3991.589203,243.886987,-688.785174,40.959061,-0.003799,-1.532097
3995.993325,244.057425,-693.187125,41.015100,-0.003928,-1.549961
4000.397593,244.149154,-697.589163,41.069602,-0.004097,-1.568102
4004.806922,244.161024,-701.994689,41.121813,-0.004295,-1.587259
4009.226410,244.088376,-706.407207,41.170994,-0.004514,-1.603168
4013.656392,243.945128,-710.830749,41.216435,-0.004743,-1.618107
4018.095318,243.735427,-715.259891,41.257367,-0.004979,-1.647832
4022.540989,243.393439,-719.690461,41.293147,-0.005216,-1.667127
4026.991308,242.965659,-724.117432,41.323133,-0.005453,-1.713825
4031.443186,242.330916,-728.525008,41.346798,-0.005691,-1.730267
4035.888962,241.624164,-732.919245,41.363596,-0.005929,-1.752826
4040.326630,240.820255,-737.286717,41.373046,-0.006168,-1.772046
4044.757367,239.933825,-741.631712,41.374732,-0.006406,-1.791887
4049.182139,238.963015,-745.950933,41.368230,-0.006644,-1.820363
4053.600557,237.870710,-750.236486,41.353130,-0.006879,-1.836760
4058.013513,236.710469,-754.495548,41.329016,-0.007108,-1.876880
4062.420129,235.381123,-758.702141,41.213823,-0.007345,-1.895585
4066.817797,233.976537,-762.873609,40.679253,-0.007645,-1.930281
4071.204356,232.430852,-766.986496,40.182716,-0.007904,-1.946975
4075.576936,230.822004,-771.059644,39.721913,-0.008137,-1.986570
4079.934847,229.058674,-775.053482,39.296664,-0.008351,-2.038724
4084.275501,227.096642,-778.935912,38.912308,-0.008549,-2.067423
4088.598201,225.032955,-782.743941,38.576542,-0.008726,-2.097382
4092.905714,222.864741,-786.473630,38.285756,-0.008883,-2.139032
4097.200869,220.550234,-790.098648,38.011590,-0.009022,-2.185993
4101.483677,218.074732,-793.601641,37.781700,-0.009131,-2.216442
4105.755572,215.501678,-797.017092,37.582853,-0.009210,-2.242557
4110.021930,212.845681,-800.357449,37.417318,-0.009255,-2.289318
4114.285250,210.038063,-803.568149,37.314104,-0.009256,-2.329278
4118.545289,207.106911,-806.661501,37.221480,-0.009225,-2.366192
4122.801989,204.065695,-809.642510,37.130544,-0.009163,-2.404327
4127.057371,200.915805,-812.502888,37.042360,-0.009070,-2.437294
4131.313243,197.672503,-815.258604,36.957964,-0.008947,-2.485571
4135.568893,194.300093,-817.854517,36.878556,-0.008797,-2.523794
4139.825428,190.831207,-820.319478,36.805315,-0.008621,-2.552523
4144.082661,187.291208,-822.684938,36.739306,-0.008422,-2.602661
4148.340803,183.637705,-824.869655,36.681567,-0.008203,-2.642242
4152.602572,179.898404,-826.909290,36.632871,-0.007971,-2.679504
4156.870823,176.081475,-828.810324,36.593823,-0.007728,-2.709007
4161.146606,172.202662,-830.601381,36.564800,-0.007481,-2.758324
4165.429907,168.233925,-832.201607,36.545983,-0.007233,-2.796496
4169.722054,164.199301,-833.651979,36.537285,-0.006987,-2.827472
4174.027271,160.112658,-834.979637,36.538417,-0.006744,-2.852993
4178.349193,155.977514,-836.207312,36.548945,-0.006501,-2.897553
4182.690797,151.775515,-837.253622,36.568361,-0.006257,-2.928019
4187.056428,147.521513,-838.176234,36.596158,-0.006005,-2.959136
4191.445290,143.215829,-838.970669,36.631870,-0.005740,-2.994661
4195.854538,138.863869,-839.614753,36.675034,-0.005461,-3.017864
4200.281244,134.478520,-840.160133,36.725267,-0.005165,-3.030668
4204.721793,130.071492,-840.650998,36.782192,-0.004855,-3.034094
4209.168179,125.650344,-841.128107,36.845462,-0.004533,-3.049193
4213.608333,121.223354,-841.538329,36.914540,-0.004206,-3.079882
4218.042405,116.797444,-841.811803,36.988828,-0.003880,-3.093461
4222.474936,112.368785,-842.025125,37.068031,-0.003558,-3.115942
4226.905252,107.938974,-842.138777,37.151638,-0.003239,-3.140010
4231.381324,103.509616,-842.145786,37.239178,-0.002922,-3.152621
4235.856118,98.987110,-842.095907,37.332153,-0.002597,-3.172506
4240.281454,94.562418,-841.959080,37.426303,-0.002278,-3.186110
4244.704928,90.142937,-841.762206,37.523026,-0.001974,-3.206619
4249.127440,85.729201,-841.474793,37.621918,-0.001693,-3.213653
4253.547878,81.318737,-841.156420,37.722513,-0.001437,-3.222768
4257.966966,76.914352,-840.798106,37.824337,-0.001204,-3.237594
4262.385123,72.515461,-840.374505,37.927089,-0.000988,-3.237437
4266.800614,68.118660,-839.951801,38.030398,-0.000784,-3.254574
4271.213697,63.732893,-839.454174,38.133986,-0.000591,-3.254844
4275.624586,59.348899,-838.955547,38.237677,-0.000413,-3.261283
4280.033012,54.970928,-838.429027,38.341259,-0.000260,-3.262783
4284.438423,50.595920,-837.896209,38.444584,-0.000142,-3.261397
4288.841280,46.223996,-837.369911,38.547483,-0.000064,-3.263652
4293.242686,41.854523,-836.833910,38.649924,-0.000024,-3.263915
4297.642450,37.486817,-836.296963,38.751849,-0.000010,-3.264571
4302.041009,33.121099,-835.757352,38.853238,-0.000013,-3.265056
4306.439332,28.756401,-835.215718,38.954108,-0.000025,-3.265273
4310.837929,24.391530,-834.673100,39.054487,-0.000042,-3.265453
4315.236687,20.026504,-834.129663,39.154376,-0.000062,-3.265609
4319.635777,15.661493,-833.585540,39.253775,-0.000083,-3.265759
4324.034858,11.295978,-833.040688,39.352698,-0.000106,-3.265945
4328.433570,6.931167,-832.495097,39.451119,-0.000129,-3.266119
4332.833197,2.566580,-831.948766,39.549052,-0.000154,-3.266482
4337.234286,-1.799752,-831.400605,39.646545,-0.000179,-3.267208
4341.635090,-6.166642,-830.849153,39.743574,-0.000205,-3.267480
4346.034435,-10.531861,-830.296706,39.840088,-0.000232,-3.268343
4350.432973,-14.895226,-829.740668,39.936088,-0.000260,-3.268722
4354.831605,-19.258157,-829.183004,40.031602,-0.000291,-3.269132
4359.230450,-23.621265,-828.623498,40.126642,-0.000323,-3.270727
4363.629231,-27.983492,-828.057033,40.221198,-0.000352,-3.271239
4368.028730,-32.345286,-827.488351,40.315269,-0.000375,-3.272278
4372.428829,-36.708052,-826.914933,40.408895,-0.000386,-3.273052
4376.858886,-41.069999,-826.338189,40.502045,-0.000387,-3.279462
4381.229130,-45.487880,-825.725209,40.596007,-0.000384,-3.263366
4385.419453,-49.736467,-825.205273,40.685739,-0.000395,-3.247269
