446.153564,6.923617,-119.451133,0.042842,-2.053306,-0.005416,-24.540317,-1.06952,-12.93081,0.004901,-0.082213,-0.140552,116,7,3338.68457,0.058181,1,0,0.071332,0.047316,-0.010352,0.010602,0.111119296,1,446.153564,-119.451133,-2.65908298,27.73857273,0.067740999,0.082213,-9.355631405,-0.052239334,3336.831696
444.928985,6.870671,-120.105888,0.042117,-2.063333,-0.016498,-24.43617,-1.049623,-13.16058,-0.019508,-0.252864,-0.220074,166,10,3340.069091,0.058181,1,0,0.057128,0.033177,-0.007903,0.013119,0.111119296,1,444.928985,-120.105888,-2.64905598,27.75473948,0.041313467,0.252864,-8.477097889,-0.044296577,3337.289275
443.302368,6.802438,-121.000061,0.038734,-2.086356,-0.03072,-24.33694,-1.008859,-13.558195,-0.054153,-0.386974,-0.174731,233,14,3341.921142,0.058181,1,0,0.058663,0.034403,0.006899,0.028207,0.111119296,1,443.302368,-121.000061,-2.62603298,27.85803616,-0.20278406,0.386974,-7.173584034,-0.023564438,3337.748576
441.281158,6.721148,-122.163658,0.033569,-2.120109,-0.044565,-24.138729,-0.955604,-14.226206,-0.039117,-0.408063,-0.135949,316,19,3344.249023,0.058181,1,0,0.069219,0.043984,0.020104,0.042233,0.111119296,1,441.281158,-122.163658,-2.59227998,28.01504396,-0.469560522,0.408063,-5.477287695,0.007584453,3338.210493
439.283447,6.642143,-123.386787,0.029763,-2.153136,-0.053576,-23.811943,-0.946242,-14.95807,-0.01604,-0.387683,-0.076533,400,24,3346.586669,0.058181,1,0,0.077961,0.051444,0.025816,0.048817,0.111119296,0.999999999,439.283447,-123.386787,-2.55925298,28.11384648,-0.603426681,0.387683,-3.894509944,0.037958233,3338.674057
437.315551,6.56277,-124.672416,0.027705,-2.184388,-0.058541,-23.441396,-0.95585,-15.718515,0.0027,-0.368876,-0.031667,483,29,3348.930908,0.058181,1,0,0.08296,0.055261,0.027314,0.050787,0.111119296,1,437.315551,-124.672416,-2.52800098,28.21617948,-0.646510572,0.368876,-2.655083364,0.066460466,3339.139327
435.379241,6.482355,-126.022209,0.026509,-2.214632,-0.06064,-23.057994,-0.969909,-16.488573,0.010071,-0.358412,-0.006256,566,34,3351.282226,0.058181,1,0,0.085314,0.056672,0.027199,0.050855,0.111119296,1,435.379241,-126.022209,-2.49775698,28.33932198,-0.653419365,0.358412,-2.390145215,0.093628914,3339.616399
433.853851,6.417138,-127.147842,0.025962,-2.238319,-0.061512,-22.73483,-0.980546,-17.094076,0.014207,-0.354591,-0.002454,633,38,3353.168212,0.058181,1,0,0.086143,0.05694,0.026503,0.050256,0.111119296,1,433.853851,-127.147842,-2.47406998,28.43692867,-0.648858218,0.354591,-3.01994434,0.114234415,3340.095098
431.607818,6.318163,-128.910842,0.025356,-2.274022,-0.062451,-22.222806,-0.995391,-17.979341,0.019214,-0.355889,0.001817,733,44,3356.003417,0.058181,1,0,0.086993,0.057071,0.02622,0.050132,0.111119296,1,431.607818,-128.910842,-2.43836698,28.57757795,-0.657151375,0.355889,-4.863004798,0.14692921,3340.576141
429.776336,6.234532,-130.447021,0.025251,-2.303914,-0.0631,-21.775669,-1.007907,-18.704648,0.021105,-0.35996,0.001791,816,49,3358.370849,0.058181,1,0,0.087799,0.057377,0.026307,0.050336,0.111119296,1,429.776336,-130.447021,-2.40847498,28.69827488,-0.672782511,0.35996,-6.567501934,0.173701692,3341.059195
428.338287,6.166242,-131.718734,0.02562,-2.327613,-0.063544,-21.410907,-1.031769,-19.267316,0.032141,-0.350087,0.004722,883,53,3360.267089,0.058181,1,0,0.089324,0.058415,0.026498,0.05064,0.111119296,1,428.338287,-131.718734,-2.38477598,28.79541594,-0.693126972,0.350087,-7.895401107,0.194335519,3341.543869
426.228515,6.06064,-133.695739,0.026708,-2.363018,-0.064391,-20.834417,-1.073989,-20.090974,0.035363,-0.352371,0.003112,983,59,3363.113769,0.058181,1,0,0.090603,0.059179,0.02684,0.051216,0.111119296,1,426.228515,-133.695739,-2.34937098,28.93436076,-0.723142784,0.352371,-10.1821424,0.226840376,3342.030858
424.854949,5.98789,-135.059143,0.027656,-2.38661,-0.065244,-20.430854,-1.100672,-20.632741,0.036388,-0.35342,-0.002361,1050,63,3365.012207,0.058181,1,0,0.091205,0.059509,0.026768,0.051313,0.111119296,1,424.854949,-135.059143,-2.32577898,29.02725803,-0.740329479,0.35342,-11.56791396,0.247536735,3342.519396
423.225555,5.888842,-136.608703,0.025691,-2.413781,-0.074296,-16.992542,-1.474508,-9.005989,-0.151722,-0.210098,-0.476029,1133,68,3367.233886,0.058181,1,0,0.092001,0.060121,0.027225,0.052045,0.111119296,1,423.225555,-136.608703,-2.29860798,18.02823264,-6.696054752,0.210098,13.47085321,0.272943162,3342.824616
421.826812,5.787885,-137.345794,0.006425,-2.43396,-0.103917,-16.61166,-1.055446,-8.753565,-0.221991,-0.262241,-0.211323,1216,73,3368.829345,-0.058181,1,0,0.317742,0.277968,0.376626,0.403234,-0.111119296,1,421.826812,-137.345794,-2.27842898,17.4500468,-6.933110052,0.262241,14.74943551,0.291511904,3343.1202
420.456939,5.716082,-138.086166,-0.007506,-2.451583,-0.099137,-16.303344,-0.756984,-8.858463,-0.135926,-0.163598,0.177466,1300,78,3370.403808,-0.058181,1,0,0.343262,0.305346,0.390408,0.429763,-0.111119296,1,420.456939,-138.086166,-2.26080598,17.20980589,-6.934981878,0.163598,-16.0105731,0.30762301,3343.41178
419.114044,5.657017,-138.843215,-0.013966,-2.459363,-0.085322,-15.972062,-0.697009,-9.176271,-0.093272,-0.042419,0.12351,1383,83,3371.963134,0.058181,1,0,0.453078,0.418697,0.368816,0.410778,0.111119296,1,419.114044,-138.843215,-2.25302598,17.19312244,-6.61114624,0.042419,-17.25873274,0.313917225,3343.703082
417.542846,5.587317,-139.780303,-0.017643,-2.450869,-0.07933,-15.413065,-0.697902,-9.401568,-0.023984,0.134442,0.016816,1483,89,3373.813964,0.058181,1,0,0.420484,0.389762,0.313047,0.358433,0.111119296,1,417.542846,-139.780303,-2.26151998,17.06617795,-5.890468899,-0.134442,-18.79846225,0.303940004,3343.992269
416.526885,5.541231,-140.412277,-0.017573,-2.436596,-0.079672,-15.099006,-0.679403,-9.614075,-0.011938,0.243609,0.00834,1550,93,3375.024414,0.058181,1,0,0.410783,0.38227,0.28848,0.335241,0.111119296,1,416.526885,-140.412277,-2.27579298,17.10683963,-5.269388797,-0.243609,-19.70524299,0.28819584,3344.282133
415.537384,5.494448,-141.052474,-0.016492,-2.416987,-0.077466,-14.698992,-0.712241,-9.546829,-0.004083,0.345506,0.045695,1616,97,3376.217285,0.058181,1,0,0.38065,0.353482,0.248917,0.294763,0.111119296,1,415.537384,-141.052474,-2.29540198,16.89137511,-4.678007757,-0.345506,-20.59767813,0.267180777,3344.568406
414.329772,5.434586,-141.871017,-0.013379,-2.381448,-0.072933,-14.311083,-0.715485,-10.155742,0.011642,0.454648,0.075889,1700,102,3377.694335,0.058181,1,0,0.322677,0.297082,0.173322,0.21751,0.111119296,1,414.329772,-141.871017,-2.33094098,17.22094777,-3.37418882,-0.454648,-21.76432299,0.230266932,3344.860171
413.393646,5.384849,-142.525466,-0.01061,-2.345225,-0.070523,-13.922151,-0.732393,-9.982159,6.70E-05,0.576177,0.029935,1766,106,3378.85083,0.058181,1,0,0.291649,0.267455,0.124619,0.167391,0.111119296,1,413.393646,-142.525466,-2.36716398,16.93244308,-2.60041497,-0.576177,-22.61869908,0.192738283,3345.147129
412.480438,5.336249,-143.203506,-0.008158,-2.303856,-0.069119,-13.547369,-0.742864,-10.072207,-0.008193,0.677799,0.029895,1833,110,3380.002685,0.058181,1,0,0.231614,0.205378,0.054479,0.093385,0.111119296,1,412.480438,-143.203506,-2.40853298,16.80724536,-1.580210183,-0.677799,-23.4688118,0.150108202,3345.432
411.361938,5.276603,-144.066024,-0.005441,-2.249448,-0.061183,-13.31467,-0.717406,-10.188758,-0.010236,0.577364,0.195824,1916,115,3381.456298,0.058181,1,0,0.144739,0.112904,-0.027706,0.004993,0.111119296,1,411.361938,-144.066024,-2.46294098,16.76033517,-0.42707334,-0.577364,-24.59278321,0.094475043,3345.716089
410.245544,5.21524,-144.907409,-0.002339,-2.213085,-0.042938,-13.417824,-0.74501,-10.045144,0.038611,0.313713,0.212674,2000,120,3382.894042,0.058181,1,0,0.112355,0.080236,-0.029378,0.000659,0.111119296,1,410.245544,-144.907409,-2.49930398,16.76135096,0.005742858,-0.313713,-25.70399408,0.056916833,3346.000194
409.347625,5.164834,-145.565368,0.002467,-2.200177,-0.034453,-13.465677,-0.757107,-9.757382,0.074218,0.133579,0.063611,2066,124,3384.037109,0.058181,1,0,0.094594,0.063596,-0.017928,0.010573,0.111119296,1,409.347625,-145.565368,-2.51221198,16.62917505,-0.038701066,-0.133579,-26.53430022,0.042855409,3346.282097
408.229949,5.102227,-146.371536,0.008902,-2.198796,-0.035193,-13.360149,-0.749575,-9.577626,0.071569,-0.024753,-0.046218,2150,129,3385.450195,0.058181,1,0,0.080047,0.050633,-0.004625,0.022475,0.111119296,1,408.229949,-146.371536,-2.51359298,16.43820737,-0.09919491,0.024753,27.63295475,0.04037911,3346.560817
407.117279,5.040798,-147.167007,0.013913,-2.201162,-0.037427,-13.374968,-0.738367,-9.51951,0.062331,0.04877,0.181228,2233,134,3386.85083,-0.058181,1,0,-0.039616,-0.068212,0.001431,0.028296,-0.111119296,1,407.117279,-147.167007,-2.51122698,16.41564172,-0.193769112,-0.04877,28.72200412,0.041707579,3346.839161
405.992584,4.979325,-147.952209,0.01849,-2.189379,-0.007562,-13.52662,-0.742277,-9.238248,0.043392,0.139952,0.295254,2316,139,3388.253662,-0.058181,1,0,-0.005832,-0.031685,0.01689,0.04165,-0.111119296,1,405.992584,-147.952209,-2.52300998,16.37723786,-0.317419227,-0.139952,29.81610905,0.028940515,3347.116865
404.855133,4.918731,-148.720352,0.022415,-2.170548,0.010936,-13.726059,-0.712512,-9.173904,0.051611,0.26983,0.185943,2400,144,3389.654296,-0.058181,1,0,-0.012206,-0.036572,-0.012767,0.011308,-0.111119296,1,404.855133,-148.720352,-2.54184098,16.50862507,-0.174666676,-0.26983,30.9091826,0.009143727,3347.396759
403.929656,4.872044,-149.327575,0.025657,-2.150494,0.022782,-13.960484,-0.693424,-9.041979,0.053127,0.310901,0.159988,2466,148,3390.780761,-0.058181,1,0,-0.016856,-0.041015,-0.024875,-0.001446,-0.111119296,1,403.929656,-149.327575,-2.56189498,16.63267003,-0.082373188,-0.310901,31.73448126,-0.011880768,3347.67872
402.986724,4.826324,-149.922698,0.0283,-2.12919,0.032314,-14.234386,-0.680725,-8.836639,0.044576,0.320264,0.115551,2533,152,3391.912109,-0.058181,1,0,-0.020307,-0.044658,-0.029852,-0.00684,-0.111119296,1,402.986724,-149.922698,-2.58319898,16.75415457,-0.047309247,-0.320264,-32.56542708,-0.034155311,3347.962706
402.026123,4.781039,-150.50473,0.030235,-2.109736,0.03494,-14.440638,-0.685799,-8.732718,0.037962,0.199188,-0.144981,2600,156,3393.047851,0.058181,1,0,0.095845,0.071189,-0.031621,-0.008891,0.111119296,1,402.026123,-150.50473,-2.60265298,16.87558608,0.083569982,-0.199188,-33.40169466,-0.054563441,3348.248716
401.060699,4.734513,-151.094802,0.031464,-2.111321,0.015135,-14.489307,-0.71034,-8.897581,0.011779,-0.124254,-0.290931,2666,160,3394.191162,0.058181,1,0,0.046883,0.022207,-0.026027,-0.003908,0.111119296,1,401.060699,-151.094802,-2.60106798,17.00226421,0.173137636,0.124254,-34.24439178,-0.053902505,3348.536837
399.850585,4.673796,-151.850082,0.032376,-2.130207,-0.003945,-14.503292,-0.734072,-9.181511,0.009655,-0.271846,-0.181019,2750,165,3395.630615,0.058181,1,0,0.043822,0.019643,-0.003638,0.018085,0.111119296,1,399.850585,-151.850082,-2.58218198,17.16503293,0.085249415,0.271846,-35.37968484,-0.035905273,3348.827671
398.644378,4.612714,-152.636093,0.032896,-2.155404,-0.016393,-14.421598,-0.729969,-9.594335,0.008656,-0.314436,-0.113102,2833,170,3397.082519,0.058181,1,0,0.046241,0.021891,0.005679,0.027495,0.111119296,1,398.644378,-152.636093,-2.55698498,17.32143122,0.042111202,0.314436,-36.52621118,-0.011553799,3349.121111
397.209686,4.539666,-153.628814,0.033087,-2.187634,-0.025273,-14.264125,-0.728141,-10.154165,0.010635,-0.323692,-0.058869,2933,176,3398.841796,0.058181,1,0,0.04882,0.024015,0.009059,0.03115,0.111119296,1,397.209686,-153.628814,-2.52475498,17.50917834,0.031667789,0.323692,-37.97438439,0.019876812,3349.417681
396.262969,4.491529,-154.322662,0.033108,-2.209514,-0.029074,-14.138796,-0.717106,-10.543242,0.007163,-0.330012,-0.035551,3000,180,3400.025634,0.058181,1,0,0.049177,0.024218,0.009631,0.03177,0.111119296,1,396.262969,-154.322662,-2.50287498,17.6370131,0.035681603,0.330012,-38.84869279,0.041006978,3349.716381
394.859924,4.420214,-155.412124,0.032315,-2.242891,-0.031454,-13.925847,-0.708435,-11.127417,0.000446,-0.334708,-0.005468,3100,186,3401.817871,0.058181,1,0,0.050235,0.025131,0.010645,0.032676,0.111119296,1,394.859924,-155.412124,-2.46949798,17.82546685,0.036816266,0.334708,-40.31948002,0.0736775,3350.018222
393.937042,4.373274,-156.170883,0.031701,-2.26527,-0.032371,-13.770902,-0.700558,-11.51494,0.001288,-0.336268,-0.001301,3166,190,3403.023193,0.058181,1,0,0.050562,0.025353,0.010691,0.032669,0.111119296,1,393.937042,-156.170883,-2.44711898,17.95077631,0.034855142,0.336268,-41.20557611,0.095360961,3350.322152
393.024841,4.326652,-156.955322,0.031008,-2.287803,-0.033222,-13.608085,-0.698399,-11.898421,0.000356,-0.338399,-0.003443,3233,194,3404.236816,0.058181,1,0,0.051075,0.025769,0.011057,0.032936,0.111119296,1,393.024841,-156.955322,-2.42458598,18.07627451,0.026446646,0.338399,42.09564367,0.117165614,3350.628173
391.898712,4.268225,-157.969711,0.030335,-2.314007,-0.030962,-13.498549,-0.70843,-12.254324,0.00607,-0.215928,0.20471,3316,199,3405.765869,-0.058181,1,0,-0.066457,-0.0919,0.011442,0.033247,-0.111119296,1,391.898712,-157.969711,-2.39838198,18.23093411,-0.111009476,0.215928,43.29039278,0.142608919,3350.936772
390.763092,4.207516,-158.99295,0.029401,-2.310851,-0.00366,-13.689448,-0.744635,-12.277134,-0.016373,0.15993,0.295254,3400,204,3407.308837,-0.058181,1,0,-0.020935,-0.045767,0.0007,0.022012,-0.111119296,1,390.763092,-158.99295,-2.40153798,18.38754097,-0.165357159,-0.15993,44.49638548,0.138710036,3351.247981
389.607025,4.145494,-160.013397,0.028223,-2.289881,0.015657,-13.991186,-0.733847,-12.180349,-0.007964,0.292274,0.186503,3483,209,3408.865234,-0.058181,1,0,-0.022111,-0.046517,-0.020494,0.000905,-0.111119296,1,389.607025,-160.013397,-2.42250798,18.55024398,-0.051337918,-0.292274,45.71571734,0.117051233,3351.561902
388.420196,4.086003,-161.018341,0.027409,-2.263362,0.028155,-14.392702,-0.700859,-11.945782,0.000475,0.327839,0.11249,3566,214,3410.433593,-0.058181,1,0,-0.025387,-0.050066,-0.029816,-0.007935,-0.111119296,1,388.420196,-161.018341,-2.44902698,18.70431942,0.003657681,-0.327839,46.94933644,0.089859973,3351.878391
387.197998,4.028639,-162.000106,0.027036,-2.23565,0.035796,-14.826414,-0.680003,-11.646791,0.009335,0.33398,0.065421,3650,219,3412.010986,-0.058181,1,0,-0.02759,-0.052708,-0.033094,-0.01081,-0.111119296,1,387.197998,-162.000106,-2.47673898,18.85391021,0.019039999,-0.33398,48.1962283,0.061438721,3352.197372
385.683044,3.961376,-163.143051,0.026899,-2.201945,0.040289,-15.355043,-0.66765,-11.249764,0.012757,0.337795,0.017378,3750,225,3413.912597,-0.058181,1,0,-0.029087,-0.054619,-0.034637,-0.012307,-0.111119296,1,385.683044,-163.143051,-2.51044398,19.03507435,0.021910622,-0.337795,49.7721211,0.026996647,3352.519374
384.38034,3.905671,-164.064086,0.026955,-2.173612,0.041751,-15.789679,-0.669684,-10.900653,0.015336,0.340661,0.006167,3833,230,3415.501953,-0.058181,1,0,-0.029698,-0.055459,-0.034981,-0.012793,-0.111119296,1,384.38034,-164.064086,-2.53877698,19.1869086,0.027149857,-0.340661,51.04368797,-0.002042055,3352.843906
383.041992,3.84924,-164.955337,0.02703,-2.144974,0.043144,-16.212841,-0.681939,-10.538402,0.01556,0.343958,0.00792,3916,235,3417.092285,-0.058181,1,0,-0.030298,-0.056303,-0.035457,-0.013412,-0.111119296,1,383.041992,-164.955337,-2.56741498,19.33681257,0.042540038,-0.343958,52.32439203,-0.031334921,3353.170936
381.946075,3.803367,-165.646041,0.027127,-2.121934,0.044603,-16.547927,-0.68963,-10.235151,0.016605,0.34577,0.016626,3983,239,3418.363769,-0.058181,1,0,-0.030806,-0.056923,-0.035738,-0.013782,-0.111119296,1,381.946075,-165.646041,-2.59045498,19.45737051,0.054191017,-0.34577,53.28928902,-0.055044201,3353.499975
380.260681,3.733885,-166.642822,0.026964,-2.087007,0.047616,-17.042383,-0.696722,-9.755211,0.012963,0.349558,0.022647,4083,245,3420.266357,-0.058181,1,0,-0.031433,-0.057609,-0.036415,-0.014416,-0.111119296,1,380.260681,-166.642822,-2.62538198,19.63674501,0.072147977,-0.349558,54.90894375,-0.090717286,3353.832004
379.399566,3.699077,-167.122711,0.026744,-2.069489,0.049419,-17.286621,-0.694196,-9.503697,0.012059,0.350012,0.027352,4133,248,3421.213867,-0.058181,1,0,-0.03168,-0.05787,-0.036539,-0.014484,-0.111119296,1,379.399566,-167.122711,-2.64289998,19.72666653,0.078420437,-0.350012,55.55596097,-0.109034839,3354.165532
377.641143,3.630242,-168.043609,0.025895,-2.034267,0.052929,-17.765039,-0.682612,-8.978687,0.007865,0.352524,0.023011,4233,254,3423.099121,-0.058181,1,0,-0.032384,-0.058573,-0.037148,-0.01504,-0.111119296,1,377.641143,-168.043609,-2.67812198,19.9049093,0.089536719,-0.352524,57.1876961,-0.145066922,3354.502031
376.139709,3.57399,-168.769729,0.024972,-2.004927,0.055329,-18.15332,-0.668914,-8.520433,0.00822,0.351026,0.016949,4316,259,3424.656738,-0.058181,1,0,-0.032983,-0.0593,-0.037472,-0.015241,-0.111119296,1,376.139709,-168.769729,-2.70746198,20.05322671,0.094360409,-0.351026,-58.49580648,-0.175225233,3354.841001
374.607696,3.51846,-169.459518,0.024299,-1.977825,0.05329,-18.45931,-0.676956,-8.20329,0.015193,0.222752,-0.211361,4400,264,3426.200927,0.058181,1,0,0.084701,0.058212,-0.037651,-0.015417,0.111119296,1,374.607696,-169.459518,-2.73456398,20.198745,0.225372899,-0.222752,-59.80712646,-0.203178577,3355.182397
373.061645,3.459336,-170.149276,0.024404,-1.980424,0.025451,-18.583126,-0.732134,-8.316889,-0.002934,-0.158648,-0.307295,4483,269,3427.748779,0.058181,1,0,0.044278,0.018973,-0.025411,-0.004071,0.111119296,1,373.061645,-170.149276,-2.73196498,20.35807795,0.22776459,0.158648,-61.1286988,-0.201476045,3355.526448
371.508575,3.397182,-170.856307,0.024827,-2.002153,0.004386,-18.625341,-0.746144,-8.614122,0.005284,-0.307267,-0.210898,4566,274,3429.304443,0.058181,1,0,0.047403,0.0227,-0.001946,0.01917,0.111119296,1,371.508575,-170.856307,-2.71023598,20.52084308,0.037740979,0.307267,-62.46434579,-0.180679331,3355.873212
370.144073,3.333445,-171.594558,0.023355,-2.026907,-0.005404,-7.388837,-0.849438,-8.876229,-0.121599,-0.148627,0.136189,4650,279,3430.751953,0.058181,1,0,0.053982,0.028893,0.009823,0.031346,0.111119296,1,370.144073,-171.594558,-2.68548198,10.54311506,4.714348138,0.148627,-63.82813762,-0.156420725,3356.053681
369.658996,3.286643,-172.179794,0.012773,-2.033463,0.035609,-7.207978,-0.612875,-8.708365,-0.17968,-0.054247,0.732331,4716,283,3431.507812,0.058181,1,0,-0.327135,-0.347888,-0.39813,-0.368509,0.111119296,1,369.658996,-172.179794,-2.67892598,10.33702731,4.575634847,0.054247,-64.38049677,-0.150356789,3356.230714
369.066986,3.245381,-172.896682,-0.004146,-2.032567,0.081844,-7.018668,-0.42477,-8.519503,-0.20352,0.054783,0.388773,4800,288,3432.436523,0.058181,1,0,-0.322754,-0.353287,-0.431244,-0.394479,0.111119296,1,369.066986,-172.896682,-2.67982198,10.07929632,4.500157493,-0.054783,-65.10040981,-0.151740419,3356.403453
368.49472,3.217209,-173.597915,-0.014515,-2.032265,0.089176,-6.782221,-0.322092,-8.320529,-0.112619,-0.030362,-0.014509,4883,293,3433.344482,0.058181,1,0,-0.361005,-0.391798,-0.461007,-0.415674,0.111119296,1,368.49472,-173.597915,-2.68012398,9.777626401,4.430321263,0.030362,-65.80128208,-0.152522272,3356.571163
368.042297,3.194281,-174.143997,-0.018691,-2.038794,0.083263,-6.78144,-0.356866,-8.097015,-0.062037,-0.133712,-0.108619,4950,297,3434.056152,0.058181,1,0,-0.362464,-0.389074,-0.440896,-0.392056,0.111119296,1,368.042297,-174.143997,-2.67359498,9.70481914,4.167261192,0.133712,-66.31749701,-0.146478893,3356.73766
367.589294,3.169369,-174.673889,-0.020274,-2.052603,0.078728,-6.790682,-0.378958,-7.842926,-0.030651,-0.245742,-0.043245,5016,301,3434.754638,0.058181,1,0,-0.347397,-0.368654,-0.400531,-0.348344,0.111119296,1,367.589294,-174.673889,-2.65978598,9.651887623,3.803408416,0.245742,-66.82639593,-0.13316485,3356.903275
367.032928,3.137601,-175.312942,-0.020058,-2.08129,0.079477,-6.633188,-0.376277,-7.52285,-0.023068,-0.402931,0.013834,5100,306,3435.601806,0.058181,1,0,-0.330244,-0.344103,-0.346308,-0.289982,0.111119296,1,367.032928,-175.312942,-2.63109898,9.46320407,3.322683238,0.402931,-67.4862331,-0.104977391,3357.065745
366.589782,3.11253,-175.802932,-0.018961,-2.113783,0.079842,-6.649617,-0.382727,-7.23476,-0.01811,-0.540557,-0.026622,5166,310,3436.261474,0.058181,1,0,-0.299806,-0.308134,-0.280549,-0.223926,0.111119296,1,366.589782,-175.802932,-2.59860598,9.431365087,2.758352968,0.540557,-67.96880852,-0.073000049,3357.227684
366.03424,3.079337,-176.388595,-0.015015,-2.169363,0.077015,-6.644045,-0.408475,-6.876832,0.0083,-0.764416,-0.049338,5250,315,3437.065917,0.058181,1,0,-0.25712,-0.25787,-0.175227,-0.122858,0.111119296,1,366.03424,-176.388595,-2.54302598,9.36375079,1.937607666,0.764416,-68.59986436,-0.017952886,3357.388497
365.367065,3.041205,-177.045104,-0.005917,-2.256556,0.073862,-6.531219,-0.374553,-6.433488,0.033334,-0.845616,-0.157892,5350,321,3437.994384,0.058181,1,0,-0.158729,-0.162152,-0.014913,0.018754,0.111119296,1,365.367065,-177.045104,-2.45583298,9.128837778,0.843154963,0.845616,69.36724449,0.068701265,3357.545394
364.942504,3.01603,-177.476684,-0.001874,-2.304584,0.060155,-6.289306,-0.382529,-6.515802,-0.011923,-0.648671,-0.203181,5416,325,3438.596679,-0.058181,1,0,-0.230072,-0.242063,-0.013101,0.017744,-0.111119296,1,364.942504,-177.476684,-2.40780498,9.034260191,0.627047419,0.648671,69.80836697,0.116182926,3357.700715
364.43338,2.983987,-178.029357,-0.002074,-2.351037,0.050649,-6.026866,-0.372503,-6.66972,-0.032084,-0.486266,-0.085542,5500,330,3439.346923,-0.058181,1,0,-0.181698,-0.201325,-0.014717,0.015759,-0.111119296,1,364.43338,-178.029357,-2.36135198,8.975378243,0.500863304,0.486266,70.38993555,0.162085722,3357.855055
364.041992,2.95977,-178.472717,-0.000541,-2.377965,0.047536,-5.76054,-0.357757,-6.614042,0.024244,-0.356711,-0.01565,5566,334,3439.936767,-0.058181,1,0,-0.150517,-0.17469,-0.018223,0.011986,-0.111119296,1,364.041992,-178.472717,-2.33442398,8.761215175,0.41289384,0.356711,70.81599664,0.188473752,3358.005825
363.486816,2.924623,-179.130386,0.002816,-2.405284,0.052884,-5.405893,-0.344794,-6.561284,-0.003112,-0.241129,0.097598,5666,340,3440.794677,-0.058181,1,0,-0.127524,-0.154794,-0.031012,-0.001254,-0.111119296,1,363.486816,-179.130386,-2.30710498,8.491967468,0.400768482,0.241129,71.5051881,0.215270411,3358.152108
363.044311,2.896673,-179.672653,0.004714,-2.42334,0.057652,-5.204364,-0.329658,-6.432295,0.035142,-0.19704,0.030498,5750,345,3441.492431,-0.058181,1,0,-0.113461,-0.142253,-0.026588,0.002956,-0.111119296,1,363.044311,-179.672653,-2.28904898,8.268075788,0.314239351,0.19704,72.0397098,0.23282016,3358.294659
362.625915,2.869117,-180.195953,0.011057,-2.436732,0.05922,-4.878368,-0.330507,-6.155118,0.081184,-0.139712,0.027128,5833,350,3442.158935,-0.058181,1,0,-0.103711,-0.132701,-0.030485,-0.002182,-0.111119296,1,362.625915,-180.195953,-2.27565698,7.849194476,0.272209512,0.139712,72.55102373,0.245727914,3358.430229
362.231231,2.842329,-180.703979,0.01196,-2.445155,0.064654,-4.661743,-0.310392,-6.101511,-0.054711,-0.08954,0.071426,5916,355,3442.800292,-0.058181,1,0,-0.101787,-0.131344,-0.043757,-0.015222,-0.111119296,1,362.231231,-180.703979,-2.26723398,7.671122625,0.337878598,0.08954,73.0376081,0.2536715,3358.562831
361.918579,2.822397,-181.112503,0.00584,-2.452082,0.06592,-4.721679,-0.294548,-6.132559,-0.114116,-0.114221,-0.006907,5983,359,3443.315185,-0.058181,1,0,-0.101783,-0.132484,-0.041824,-0.011967,-0.111119296,1,361.918579,-181.112503,-2.26030698,7.735363232,0.258240472,0.114221,73.39843729,0.260106433,3358.696504
361.67987,2.807549,-181.420806,0.000438,-2.459203,0.062977,-4.7889,-0.299666,-6.180199,-0.116423,-0.140834,-0.084547,6033,362,3443.70581,-0.058181,1,0,-0.099654,-0.130979,-0.028969,0.001563,-0.111119296,1,361.67987,-181.420806,-2.25318598,7.816370778,0.181026943,0.140834,73.63909643,0.266717456,3358.831527
361.357086,2.78683,-181.838531,-0.0066,-2.468874,0.056204,-4.867013,-0.316993,-6.31477,-0.111587,-0.133304,-0.10256,6100,366,3444.234619,-0.058181,1,0,-0.093831,-0.126264,-0.024343,0.007033,-0.111119296,1,361.357086,-181.838531,-2.24351498,7.971681379,0.128186131,0.133304,74.01014953,0.275851537,3358.969138
360.94873,2.759196,-182.375854,-0.014148,-2.48006,0.04964,-4.891933,-0.340618,-6.525179,-0.086301,-0.138182,-0.050453,6183,371,3444.909912,-0.058181,1,0,-0.09426,-0.127862,-0.028712,0.004547,-0.111119296,1,360.94873,-182.375854,-2.23232898,8.153949096,0.148605489,0.138182,74.51867762,0.286472499,3359.109787
360.536712,2.730539,-182.928741,-0.018802,-2.490091,0.046718,-4.959794,-0.345578,-6.692524,-0.044521,-0.102036,-0.024193,6266,376,3445.598388,-0.058181,1,0,-0.079276,-0.114457,-0.025096,0.010018,-0.111119296,1,360.536712,-182.928741,-2.22229798,8.329247553,0.114320666,0.102036,75.03708835,0.295912245,3359.253358
360.120361,2.701466,-183.49414,-0.020803,-2.497384,0.046023,-5.015792,-0.351504,-6.835724,-0.018847,-0.077899,-0.005842,6350,381,3446.298339,-0.058181,1,0,-0.070868,-0.106993,-0.02666,0.009591,-0.111119296,1,360.120361,-183.49414,-2.21500498,8.477989447,0.094799381,0.077899,75.56458708,0.302589846,3359.399408
359.701354,2.671444,-184.07228,-0.021243,-2.504253,0.046474,-5.038628,-0.364176,-6.989028,-0.004468,-0.085726,0.018163,6433,386,3447.009277,-0.058181,1,0,-0.073326,-0.109674,-0.027955,0.008763,-0.111119296,1,359.701354,-184.07228,-2.20813598,8.615237003,0.109434416,0.085726,76.10022403,0.308822747,3359.547745
359.362915,2.646927,-184.543701,-0.020793,-2.509425,0.047184,-5.092979,-0.369322,-7.108785,0.007665,-0.073627,0.002776,6500,390,3447.586669,-0.058181,1,0,-0.068313,-0.104879,-0.027267,0.0096,-0.111119296,1,359.362915,-184.543701,-2.20296398,8.744417283,0.091791355,0.073627,76.50543999,0.31334054,3359.698235
358.934417,2.615732,-185.144104,-0.019173,-2.514924,0.046396,-5.166675,-0.377735,-7.257364,0.020918,-0.061883,-0.017446,6583,395,3448.320068,-0.058181,1,0,-0.065341,-0.10164,-0.02706,0.009291,-0.111119296,1,358.934417,-185.144104,-2.19746498,8.908355686,0.071146062,0.061883,77.05843272,0.318163838,3359.851458
358.590179,2.589924,-185.633911,-0.017526,-2.519456,0.045957,-5.142805,-0.392024,-7.387667,0.018826,-0.081942,0.01552,6650,399,3448.914794,-0.058181,1,0,-0.074912,-0.110515,-0.032568,0.003142,-0.111119296,1,358.590179,-185.633911,-2.19293298,9.000564642,0.126107447,0.081942,77.47617353,0.322002917,3360.006217
358.157165,2.557231,-186.257034,-0.016175,-2.52522,0.047692,-5.217266,-0.392444,-7.528004,0.009535,-0.063789,0.013417,6733,404,3449.668945,-0.058181,1,0,-0.065961,-0.101482,-0.027248,0.008146,-0.111119296,1,358.157165,-186.257034,-2.18716898,9.158698641,0.094593535,0.063789,78.04373493,0.327050786,3360.163612
357.718322,2.524353,-186.892257,-0.015353,-2.530021,0.047535,-5.290866,-0.395715,-7.673874,0.005863,-0.054363,-0.013547,6816,409,3450.436035,-0.058181,1,0,-0.063863,-0.099255,-0.027187,0.007836,-0.111119296,1,357.718322,-186.892257,-2.18236798,9.320735611,0.074113931,0.054363,78.6213772,0.331109197,3360.323708
357.364654,2.497635,-187.409561,-0.014981,-2.533966,0.046715,-5.315224,-0.402212,-7.795925,0.000162,-0.060389,-0.007096,6883,413,3451.058593,-0.058181,1,0,-0.066038,-0.101241,-0.027623,0.007093,-0.111119296,1,357.364654,-187.409561,-2.17842298,9.435066463,0.087026523,0.060389,79.05792798,0.334287665,3360.485709
357.007385,2.470617,-187.934906,-0.014974,-2.537606,0.046031,-5.377447,-0.406932,-7.918956,-0.003456,-0.051129,-0.015002,6950,417,3451.689697,-0.058181,1,0,-0.062893,-0.098138,-0.026724,0.007824,-0.111119296,1,357.007385,-187.934906,-2.17478298,9.571923049,0.071340783,0.051129,79.50054092,0.337138643,3360.649991
356.554595,2.436159,-188.603424,-0.015048,-2.541414,0.044202,-5.462506,-0.417729,-8.078339,-0.002003,-0.041851,-0.026224,7033,422,3452.491699,-0.058181,1,0,-0.060286,-0.095509,-0.026348,0.008063,-0.111119296,1,356.554595,-188.603424,-2.17097498,9.751694165,0.054714741,0.041851,80.104682,0.340134571,3360.817269
356.097778,2.400621,-189.285751,-0.015108,-2.545447,0.043463,-5.50723,-0.429402,-8.243476,-0.003984,-0.045878,0.003369,7116,427,3453.306884,-0.058181,1,0,-0.060677,-0.095643,-0.025949,0.008462,-0.111119296,1,356.097778,-189.285751,-2.16694198,9.91359796,0.071093801,0.045878,80.71874084,0.343339571,3360.987246
355.727386,2.371697,-189.841415,-0.015221,-2.548143,0.043591,-5.576931,-0.435824,-8.376416,-0.002708,-0.03754,-0.001125,7183,431,3453.96997,-0.058181,1,0,-0.058564,-0.093477,-0.026359,0.008227,-0.111119296,1,355.727386,-189.841415,-2.16424598,10.06294154,0.060926498,0.03754,81.18429463,0.345197966,3361.159712
355.257568,2.334967,-190.548355,-0.015101,-2.550921,0.043022,-5.668046,-0.443143,-8.541043,0.001965,-0.030734,-0.011021,7266,436,3454.812499,-0.058181,1,0,-0.056875,-0.091592,-0.026341,0.008304,-0.111119296,1,355.257568,-190.548355,-2.16146798,10.25054936,0.048978257,0.030734,81.81990143,0.347129823,3361.335304
354.779998,2.29773,-191.269195,-0.014584,-2.553127,0.041989,-5.763898,-0.448333,-8.709038,0.006895,-0.023771,-0.012316,7350,441,3455.670898,-0.058181,1,0,-0.055168,-0.089564,-0.026191,0.008455,-0.111119296,1,354.779998,-191.269195,-2.15926198,10.44357563,0.039887962,0.023771,82.46798388,0.348483311,3361.514114
354.294403,2.260205,-192.004104,-0.013849,-2.554659,0.041416,-5.860022,-0.450936,-8.87719,0.00859,-0.015578,-0.003996,7433,446,3456.544921,-0.058181,1,0,-0.053441,-0.08734,-0.026112,0.008264,-0.111119296,1,354.294403,-192.004104,-2.15772998,10.63686951,0.036975747,0.015578,83.12890077,0.349160358,3361.696145
353.800079,2.222433,-192.75296,-0.013087,-2.555441,0.041178,-5.966132,-0.454588,-9.044647,0.008381,-0.007501,-0.001704,7516,451,3457.435302,-0.058181,1,0,-0.051949,-0.085473,-0.026123,0.007823,-0.111119296,1,353.800079,-192.75296,-2.15694798,10.83509523,0.032890428,0.007501,83.80307852,0.349086208,3361.88148
353.195617,2.176689,-193.670013,-0.012372,-2.555904,0.041292,-6.090924,-0.457774,-9.244205,0.006343,-0.003596,0.002627,7616,457,3458.525146,-0.058181,1,0,-0.051383,-0.084617,-0.026232,0.007433,-0.111119296,1,353.195617,-193.670013,-2.15648498,11.07038898,0.034191009,0.003596,84.6667219,0.34869127,3362.070736
352.682312,2.138622,-194.449203,-0.012038,-2.556036,0.041689,-6.193472,-0.455056,-9.404726,0.001768,-0.000771,0.005975,7700,462,3459.451416,-0.058181,1,0,-0.051055,-0.083969,-0.026381,0.007102,-0.111119296,1,352.682312,-194.449203,-2.15635298,11.26084686,0.035979824,0.000771,85.36993886,0.34796392,3362.263167
352.160614,2.100781,-195.241561,-0.012223,-2.556056,0.04213,-6.294849,-0.453041,-9.56105,-0.005043,7.60E-05,0.004308,7783,467,3460.393066,-0.058181,1,0,-0.051224,-0.08402,-0.026494,0.006713,-0.111119296,1,352.160614,-195.241561,-2.15633298,11.44715611,0.037657377,-7.60E-05,86.08593705,0.347117264,3362.458703
351.737152,2.070559,-195.884765,-0.012783,-2.556079,0.042238,-6.376124,-0.452581,-9.684734,-0.009976,-0.000162,-0.000349,7850,471,3461.157714,-0.058181,1,0,-0.051475,-0.084346,-0.026498,0.006584,-0.111119296,1,351.737152,-195.884765,-2.15630998,11.59515353,0.03800839,0.000162,86.62883746,0.3462623,3362.656706
351.308227,2.040396,-196.536193,-0.013502,-2.556172,0.041998,-6.458127,-0.451788,-9.807508,-0.011003,-0.001345,-0.005424,7916,475,3461.932373,-0.058181,1,0,-0.05164,-0.084643,-0.02654,0.0067,-0.111119296,1,351.308227,-196.536193,-2.15621698,11.74279741,0.036420981,0.001345,87.17944313,0.345461974,3362.857169
350.764465,2.002699,-197.361938,-0.014357,-2.556364,0.041379,-6.558599,-0.452451,-9.960088,-0.009459,-0.0022,-0.008697,8000,480,3462.914306,-0.058181,1,0,-0.051627,-0.084754,-0.026412,0.006895,-0.111119296,1,350.764465,-197.361938,-2.15602498,11.92549244,0.034697996,0.0022,87.92856452,0.344753045,3363.060677
350.323486,1.972374,-198.031707,-0.01486,-2.556531,0.040751,-6.638384,-0.455964,-10.082446,-0.006404,-0.002066,-0.009618,8066,484,3463.710693,-0.058181,1,0,-0.051477,-0.084699,-0.026196,0.006999,-0.111119296,1,350.323486,-198.031707,-2.15585798,12.07156657,0.033763737,0.002066,88.49631858,0.344024166,3363.26662
349.989257,1.949424,-198.539398,-0.015078,-2.556623,0.040296,-6.697693,-0.459793,-10.174504,-0.003302,-0.001445,-0.008767,8116,487,3464.314208,-0.058181,1,0,-0.05132,-0.084595,-0.026071,0.007036,-0.111119296,1,349.989257,-198.539398,-2.15576598,12.18106993,0.034037571,0.001445,88.87587375,0.343241234,3363.474388
349.652069,1.92628,-199.051696,-0.015114,-2.556673,0.039925,-6.75715,-0.463841,-10.266382,0.00059,-0.000714,-0.006716,8166,490,3464.923339,-0.058181,1,0,-0.051141,-0.084428,-0.025993,0.007042,-0.111119296,1,349.652069,-199.051696,-2.15571598,12.29050363,0.03458468,0.000714,89.25926698,0.342444938,3363.683979
349.197845,1.895034,-199.741897,-0.01482,-2.556675,0.039616,-6.83625,-0.470967,-10.388488,0.006714,9.40E-05,-0.003355,8233,494,3465.743652,-0.058181,1,0,-0.050922,-0.084241,-0.025919,0.006974,-0.111119296,1,349.197845,-199.741897,-2.15571398,12.43598404,0.036028351,-9.40E-05,89.84609291,0.341625586,3363.895996
348.738372,1.863266,-200.440185,-0.014139,-2.556603,0.039553,-6.914239,-0.479208,-10.509051,0.012172,0.00105,0.000607,8300,498,3466.573486,-0.058181,1,0,-0.050776,-0.084035,-0.02586,0.006813,-0.111119296,1,348.738372,-200.440185,-2.15578598,12.57956173,0.038476699,-0.00105,90.44049989,0.340755551,3364.110405
348.273803,1.830939,-201.146438,-0.013178,-2.55645,0.039787,-6.990323,-0.487682,-10.62732,0.015382,0.002216,0.005254,8366,502,3467.412841,-0.058181,1,0,-0.050735,-0.083851,-0.025871,0.00653,-0.111119296,1,348.273803,-201.146438,-2.15593898,12.72017126,0.042297349,-0.002216,91.04235602,0.339824752,3364.327158
347.804199,1.798005,-201.860458,-0.012159,-2.556214,0.040274,-7.065332,-0.497272,-10.742874,0.015468,0.00306,0.007917,8433,506,3468.26123,-0.058181,1,0,-0.0509,-0.083928,-0.025956,0.0061,-0.111119296,1,347.804199,-201.860458,-2.15617498,12.85791912,0.046624409,-0.00306,91.65152993,0.338823363,3364.546207
347.210052,1.755853,-202.763732,-0.010832,-2.555927,0.040834,-7.160167,-0.510531,-10.885098,0.016444,0.00255,0.005929,8516,511,3469.334472,-0.058181,1,0,-0.051232,-0.084323,-0.025993,0.005763,-0.111119296,1,347.210052,-202.763732,-2.15646198,13.02884722,0.049899337,-0.00255,92.47778902,0.337770843,3364.768104
346.608215,1.712658,-203.678649,-0.009427,-2.555685,0.041247,-7.251155,-0.523069,-11.022508,0.016814,0.002065,0.004368,8600,516,3470.421874,-0.058181,1,0,-0.051558,-0.084592,-0.026074,0.005425,-0.111119296,1,346.608215,-203.678649,-2.15670398,13.19363858,0.053221823,-0.002065,93.31580406,0.336749125,3364.992748
346.12149,1.67713,-204.418609,-0.008495,-2.55549,0.041502,-7.319839,-0.537585,-11.128423,0.012586,0.002373,0.00399,8666,520,3471.301269,-0.058181,1,0,-0.051903,-0.08487,-0.026038,0.005024,-0.111119296,1,346.12149,-204.418609,-2.15689898,13.3198564,0.057157285,-0.002373,93.94967388,0.335764192,3365.219496
345.630096,1.640704,-205.165649,-0.007769,-2.555314,0.041726,-7.38992,-0.550538,-11.23402,0.010142,0.002063,0.003018,8733,524,3472.189453,-0.058181,1,0,-0.052086,-0.08511,-0.026008,0.004852,-0.111119296,1,345.630096,-205.165649,-2.15707498,13.44658236,0.059546852,-0.002063,94.59033118,0.334808648,3365.448355
345.009338,1.594082,-206.109222,-0.007019,-2.555131,0.04193,-7.475689,-0.564114,-11.362665,0.00856,0.001614,0.0022,8816,529,3473.311279,-0.058181,1,0,-0.052305,-0.085292,-0.026104,0.004746,-0.111119296,1,345.009338,-206.109222,-2.15725798,13.60118624,0.061764607,-0.001614,95.45750571,0.333881901,3365.679792
344.381591,1.54634,-207.063278,-0.006442,-2.554977,0.042103,-7.557485,-0.577593,-11.486649,0.005811,0.001642,0.00225,8900,534,3474.4458,-0.058181,1,0,-0.052504,-0.085365,-0.026126,0.004545,-0.111119296,1,344.381591,-207.063278,-2.15741198,13.74971059,0.064368743,-0.001642,96.33547173,0.333036243,3365.913704
343.747161,1.497633,-208.027526,-0.006114,-2.554818,0.04236,-7.637443,-0.587482,-11.60729,0.002742,0.001736,0.003587,8983,539,3475.592529,-0.058181,1,0,-0.052629,-0.085354,-0.026285,0.004447,-0.111119296,1,343.747161,-208.027526,-2.15757098,13.89443265,0.066767731,-0.001736,97.22387155,0.332215732,3366.150028
343.234893,1.45822,-208.80603,-0.006013,-2.554712,0.042621,-7.699666,-0.592141,-11.700303,0.001092,0.001356,0.003991,9050,543,3476.518798,-0.058181,1,0,-0.052754,-0.085373,-0.026453,0.004446,-0.111119296,1,343.234893,-208.80603,-2.15767698,14.00633183,0.067936651,-0.001356,97.8951058,0.331443931,3366.388217
342.718566,1.418585,-209.59056,-0.005962,-2.554647,0.042866,-7.75881,-0.594716,-11.789263,0.000783,0.000738,0.003329,9116,547,3477.452148,-0.058181,1,0,-0.052897,-0.085413,-0.026557,0.004462,-0.111119296,1,342.718566,-209.59056,-2.15774198,14.11315385,0.068869499,-0.000738,98.57232516,0.330677685,3366.628186
342.198425,1.378878,-210.380874,-0.005896,-2.554613,0.04307,-7.815695,-0.595036,-11.874542,0.001266,0.000287,0.002927,9183,551,3478.392333,-0.058181,1,0,-0.053008,-0.0854,-0.02666,0.004474,-0.111119296,1,342.198425,-210.380874,-2.15777598,14.21566196,0.06921758,-0.000287,99.25524177,0.329913162,3366.869863
341.542999,1.329264,-211.376602,-0.005701,-2.5546,0.043238,-7.884319,-0.594469,-11.977777,0.003813,-0.000133,0.001078,9266,556,3479.577148,-0.058181,1,0,-0.053082,-0.085383,-0.026659,0.004491,-0.111119296,1,341.542999,-211.376602,-2.15778898,14.33962362,0.069443043,0.000133,100.1764843,0.329171892,3367.113607
341.015106,1.289678,-212.178527,-0.004492,-2.554653,0.043081,-7.920263,-0.592238,-12.031436,0.031376,-0.002276,-0.0039,9333,560,3480.531005,-0.058181,1,0,-0.053177,-0.085286,-0.026344,0.004541,-0.111119296,1,341.015106,-212.178527,-2.15773598,14.40421222,0.068471834,0.002276,100.87123,0.328530248,3367.358427
340.357727,1.240449,-213.179138,0.000969,-2.553925,0.044084,-7.834818,-0.592324,-11.945895,0.090379,0.013105,0.025054,9416,565,3481.719238,-0.058181,1,0,-0.053269,-0.084102,-0.027307,0.002039,-0.111119296,1,340.357727,-213.179138,-2.15846398,14.28559571,0.102642724,-0.013105,101.7996946,0.32715346,3367.601271
339.712982,1.190896,-214.165084,0.010201,-2.551291,0.048405,-7.655665,-0.590311,-11.726962,0.118796,0.034835,0.06954,9500,570,3482.887207,-0.058181,1,0,-0.054398,-0.083601,-0.030708,-0.003268,-0.111119296,1,339.712982,-214.165084,-2.16109798,14.00367357,0.167245366,-0.034835,102.7143503,0.323904303,3367.839415
339.208465,1.15282,-214.938827,0.017811,-2.548181,0.054122,-7.499869,-0.555735,-11.511511,0.107919,0.045443,0.095711,9566,574,3483.802734,-0.058181,1,0,-0.056019,-0.084258,-0.033775,-0.007075,-0.111119296,1,339.208465,-214.938827,-2.16420798,13.73734872,0.219478057,-0.045443,103.3855575,0.320194511,3368.073121
338.592651,1.109265,-215.88446,0.024098,-2.543753,0.062533,-7.309184,-0.501806,-11.217568,0.060013,0.045785,0.088489,9650,579,3484.922607,-0.058181,1,0,-0.059456,-0.087171,-0.037788,-0.011405,-0.111119296,1,338.592651,-215.88446,-2.16863598,13.38595398,0.272467831,-0.045785,104.2629687,0.315180252,3368.30097
338.110656,1.077083,-216.622787,0.026773,-2.541189,0.066671,-7.171181,-0.471357,-10.97105,0.033635,0.029191,0.044115,9716,583,3485.798339,-0.058181,1,0,-0.063389,-0.091165,-0.03861,-0.012166,-0.111119296,1,338.110656,-216.622787,-2.17119998,13.10383916,0.281379162,-0.029191,104.9048634,0.312046816,3368.524118
337.519439,1.040243,-217.524765,0.027171,-2.539506,0.070038,-7.042801,-0.420422,-10.732692,-0.025501,0.018176,0.039788,9800,588,3486.870605,-0.058181,1,0,-0.064747,-0.092748,-0.037262,-0.010266,-0.111119296,1,337.519439,-217.524765,-2.17288298,12.83419322,0.274240356,-0.018176,105.7444797,0.309818186,3368.742771
337.05075,1.013724,-218.237228,0.022427,-2.539233,0.07103,-7.021509,-0.389467,-10.650903,-0.093247,-0.000561,-0.012607,9866,592,3487.720214,-0.058181,1,0,-0.066779,-0.095096,-0.036663,-0.009288,-0.111119296,1,337.05075,-218.237228,-2.17315598,12.75465986,0.24894801,0.000561,106.36545,0.3090182,3368.960098
336.581085,0.987872,-218.946792,0.014896,-2.541033,0.067606,-7.050333,-0.388068,-10.629077,-0.123793,-0.028666,-0.070653,9933,596,3488.569091,-0.058181,1,0,-0.06856,-0.097123,-0.032496,-0.005178,-0.111119296,1,336.581085,-218.946792,-2.17135598,12.753369,0.189874903,0.028666,106.9854742,0.310294191,3369.177405
335.991302,0.955695,-219.83432,0.005219,-2.544928,0.059846,-7.081822,-0.38002,-10.65232,-0.106652,-0.042096,-0.096983,10016,601,3489.632324,-0.058181,1,0,-0.067193,-0.096202,-0.027711,-0.000107,-0.111119296,1,335.991302,-219.83432,-2.16746098,12.79093201,0.127210995,0.042096,107.8161238,0.313650843,3369.395337
335.397979,0.9255,-220.728179,-0.003717,-2.54817,0.054312,-7.135799,-0.353604,-10.757176,-0.105087,-0.02974,-0.058963,10100,606,3490.702392,-0.058181,1,0,-0.062234,-0.091801,-0.026507,0.001909,-0.111119296,1,335.397979,-220.728179,-2.16421898,12.90839017,0.099629221,0.02974,108.65235,0.316323174,3369.615227
334.803649,0.896097,-221.625152,-0.009138,-2.550684,0.050085,-7.096822,-0.352797,-10.729679,-0.036906,-0.02099,-0.042611,10183,611,3491.774658,-0.058181,1,0,-0.059341,-0.089491,-0.0256,0.003236,-0.111119296,1,334.803649,-221.625152,-2.16170498,12.86405068,0.084226091,0.02099,109.4927585,0.318243823,3369.834377
334.215209,0.867453,-222.51744,-0.010137,-2.55146,0.048406,-7.038218,-0.334257,-10.688386,-0.005159,-0.001239,-0.001567,10266,616,3492.838378,-0.058181,1,0,-0.056957,-0.087122,-0.027327,0.001491,-0.111119296,1,334.215209,-222.51744,-2.16092898,12.79719174,0.099957318,0.001239,110.3273242,0.318420909,3370.052414
333.628234,0.841003,-223.409683,-0.01115,-2.551053,0.050266,-7.037508,-0.307058,-10.698748,-0.016181,0.0071,0.029345,10350,621,3493.901123,-0.058181,1,0,-0.055516,-0.085599,-0.028275,0.000526,-0.111119296,1,333.628234,-223.409683,-2.16133598,12.80536176,0.11152518,-0.0071,111.1612344,0.317426834,3370.270587
333.159088,0.821018,-224.122711,-0.012137,-2.550784,0.051578,-7.022624,-0.295896,-10.672073,-0.012211,0.00329,0.012535,10416,625,3494.750732,-0.058181,1,0,-0.056521,-0.086817,-0.028599,8.00E-05,-0.111119296,1,333.159088,-224.122711,-2.16160498,12.77488708,0.112471989,-0.00329,111.7855328,0.316593994,3370.488251
332.574737,0.797087,-225.010711,-0.012728,-2.550651,0.051995,-6.996359,-0.279216,-10.631299,-0.004163,0.001232,0.002145,10500,630,3495.808593,-0.058181,1,0,-0.057428,-0.087909,-0.028795,-0.00019,-0.111119296,1,332.574737,-225.010711,-2.16173798,12.72637925,0.113264977,-0.001232,112.616782,0.315905566,3370.705108
331.991851,0.774818,-225.896453,-0.013297,-2.550574,0.052166,-6.981906,-0.259484,-10.609942,-0.009421,0.001247,0.002094,10583,635,3496.863769,-0.058181,1,0,-0.057523,-0.087914,-0.028738,-0.000346,-0.111119296,1,331.991851,-225.896453,-2.16181498,12.70058289,0.114346023,-0.001247,113.4462893,0.315262217,3370.921534
331.410461,0.753722,-226.779968,-0.014254,-2.550544,0.052083,-6.960119,-0.250327,-10.577229,-0.012034,0.000804,-0.003387,10666,640,3497.916748,-0.058181,1,0,-0.057823,-0.088329,-0.028562,-0.000553,-0.111119296,1,331.410461,-226.779968,-2.16184498,12.66127557,0.11458929,-0.000804,114.2742679,0.314637481,3371.137305
330.946716,0.737201,-227.48468,-0.015024,-2.550531,0.051761,-6.943232,-0.245021,-10.550775,-0.010769,0.000672,-0.005118,10733,644,3498.756347,-0.058181,1,0,-0.057926,-0.088578,-0.028473,-0.00054,-0.111119296,1,330.946716,-227.48468,-2.16185798,12.62989785,0.114034696,-0.000672,114.8926998,0.313998777,3371.352554
330.368408,0.717359,-228.363433,-0.016016,-2.550475,0.051611,-6.924712,-0.232328,-10.52366,-0.013492,0.002068,0.001949,10816,649,3499.80371,-0.058181,1,0,-0.057587,-0.088106,-0.028414,-0.000518,-0.111119296,1,330.368408,-228.363433,-2.16191398,12.59705637,0.115008565,-0.002068,115.7169694,0.313300016,3371.567255
329.791839,0.698579,-229.239746,-0.0173,-2.55032,0.05203,-6.903655,-0.220828,-10.492321,-0.016158,0.00278,0.005853,10900,654,3500.848144,-0.058181,1,0,-0.057541,-0.088056,-0.028483,-0.000682,-0.111119296,1,329.791839,-229.239746,-2.16206898,12.5592822,0.116974376,-0.00278,116.5393026,0.312498244,3371.781326
329.21701,0.680694,-230.113265,-0.018654,-2.550217,0.052335,-6.884051,-0.208816,-10.458942,-0.014897,0.001012,0.001876,10983,659,3501.889648,-0.058181,1,0,-0.057863,-0.088532,-0.028653,-0.000632,-0.111119296,1,329.21701,-230.113265,-2.16217198,12.52063039,0.115933811,-0.001012,117.3594542,0.311755098,3371.994753
328.643707,0.664125,-230.984085,-0.019825,-2.55026,0.052438,-6.8644,-0.19133,-10.426233,-0.014199,0.000161,0.001646,11066,664,3502.932128,-0.058181,1,0,-0.057737,-0.088327,-0.028613,-0.00036,-0.111119296,1,328.643707,-230.984085,-2.16212898,12.4825256,0.113475438,-0.000161,118.1776254,0.311160313,3372.207545
328.072265,0.648997,-231.852066,-0.02103,-2.550316,0.052465,-6.84088,-0.175433,-10.391231,-0.014696,7.10E-05,-0.001108,11150,669,3503.971923,-0.058181,1,0,-0.057852,-0.088439,-0.028603,-0.000442,-0.111119296,1,328.072265,-231.852066,-2.16207298,12.44036168,0.112792556,-7.10E-05,118.9935378,0.31057131,3372.419635
327.616546,0.637684,-232.544342,-0.022015,-2.550373,0.052217,-6.82221,-0.16544,-10.36344,-0.014098,-0.000442,-0.005043,11216,673,3504.801025,-0.058181,1,0,-0.058099,-0.088789,-0.028622,-0.000497,-0.111119296,1,327.616546,-232.544342,-2.16201598,12.40688812,0.112094454,0.000442,119.6030138,0.309966752,3372.631166
327.161987,0.627152,-233.234817,-0.022844,-2.550475,0.051854,-6.804471,-0.15241,-10.336069,-0.012345,-0.00053,-0.003885,11283,677,3505.627929,-0.058181,1,0,-0.057911,-0.088533,-0.028522,-0.000305,-0.111119296,1,327.161987,-233.234817,-2.16191398,12.37428709,0.1103044,0.00053,120.2111269,0.309386475,3372.842154
326.70877,0.61762,-233.923355,-0.023718,-2.550496,0.051786,-6.783738,-0.137358,-10.306814,-0.013657,0.000819,-0.000233,11350,681,3506.452636,-0.058181,1,0,-0.057633,-0.088125,-0.02854,-0.000357,-0.111119296,1,326.70877,-233.923355,-2.16189298,12.33844418,0.110956783,-0.000819,120.8177038,0.308701587,3373.052545
326.144195,0.606872,-234.781188,-0.025028,-2.550447,0.05173,-6.756756,-0.124046,-10.268278,-0.017302,0.001659,-0.001522,11433,686,3507.47998,-0.058181,1,0,-0.057792,-0.088303,-0.028631,-0.000676,-0.111119296,1,326.144195,-234.781188,-2.16194198,12.29140477,0.112487995,-0.001659,121.6251125,0.307923551,3373.262152
325.694061,0.599146,-235.465194,-0.026143,-2.55044,0.051523,-6.739231,-0.110632,-10.238689,-0.015654,0.000235,-0.004244,11500,690,3508.299316,-0.058181,1,0,-0.057932,-0.088557,-0.028649,-0.000477,-0.111119296,1,325.694061,-235.465194,-2.16194898,12.25706926,0.110634527,-0.000235,122.228112,0.307162719,3373.471186
325.133117,0.590863,-236.317337,-0.027399,-2.550501,0.051216,-6.714422,-0.091785,-10.199938,-0.014799,-6.00E-06,-0.003016,11583,695,3509.319824,-0.058181,1,0,-0.057788,-0.088315,-0.028619,-0.000315,-0.111119296,1,325.133117,-236.317337,-2.16188798,12.2110745,0.108891888,6.00E-06,123.0308593,0.306449102,3373.679454
324.57434,0.583954,-237.166213,-0.028596,-2.550568,0.050891,-6.688096,-0.078134,-10.160567,-0.014195,-0.000101,-0.005073,11666,700,3510.336669,-0.058181,1,0,-0.057829,-0.088424,-0.028518,-0.00035,-0.111119296,1,324.57434,-237.166213,-2.16182098,12.1637201,0.107996071,0.000101,123.8308557,0.305726215,3373.886933
324.128845,0.579046,-237.843032,-0.029462,-2.550629,0.050468,-6.669049,-0.070475,-10.131153,-0.011598,-0.000565,-0.006873,11733,704,3511.147216,-0.058181,1,0,-0.057903,-0.088624,-0.028408,-0.000263,-0.111119296,1,324.128845,-237.843032,-2.16175998,12.1286889,0.106682444,0.000565,124.4283511,0.304984355,3374.093828
323.573608,0.573596,-238.686416,-0.030122,-2.55075,0.049855,-6.646915,-0.062254,-10.096902,-0.005576,-0.001135,-0.00725,11816,709,3512.157226,-0.058181,1,0,-0.057764,-0.088604,-0.028183,-6.80E-05,-0.111119296,1,323.573608,-238.686416,-2.16163898,12.08792725,0.104516632,0.001135,125.2236983,0.304295897,3374.300043
323.130828,0.569578,-239.3591,-0.030287,-2.550819,0.049421,-6.627793,-0.059525,-10.070105,-0.000806,-0.000656,-0.005985,11883,713,3512.962646,-0.058181,1,0,-0.057639,-0.088554,-0.028017,-8.10E-05,-0.111119296,1,323.130828,-239.3591,-2.16156998,12.05502823,0.104637549,0.000656,125.8179118,0.303542378,3374.50571
322.689331,0.565576,-240.029998,-0.030197,-2.55081,0.049112,-6.608207,-0.060533,-10.043552,0.00245,0.000548,-0.003589,11950,717,3513.765624,-0.058181,1,0,-0.057529,-0.088492,-0.027947,-0.000253,-0.111119296,1,322.689331,-240.029998,-2.16157898,12.02206527,0.106221996,-0.000548,126.4106429,0.302694634,3374.710828
322.139251,0.560433,-240.86618,-0.029839,-2.550679,0.049017,-6.58547,-0.06259,-10.011021,0.005433,0.001868,0.000482,12033,722,3514.766357,-0.058181,1,0,-0.057393,-0.08837,-0.027936,-0.000451,-0.111119296,1,322.139251,-240.86618,-2.16170998,11.98236923,0.108554748,-0.001868,127.1995765,0.301704491,3374.915284
321.591064,0.555057,-241.699584,-0.029331,-2.550457,0.049194,-6.562324,-0.065602,-9.977316,0.006404,0.00262,0.002971,12116,727,3515.763916,-0.058181,1,0,-0.057442,-0.088406,-0.028046,-0.00072,-0.111119296,1,321.591064,-241.699584,-2.16193198,11.94145993,0.111649206,-0.00262,127.98609,0.300601998,3375.119058
321.04486,0.549486,-242.530044,-0.028872,-2.550198,0.049501,-6.537731,-0.067349,-9.940802,0.004805,0.002872,0.004272,12200,732,3516.757568,-0.058181,1,0,-0.057684,-0.088586,-0.028243,-0.001008,-0.111119296,1,321.04486,-242.530044,-2.16219098,11.89740693,0.114801,-0.002872,128.7700607,0.299438114,3375.322099
320.609405,0.544983,-243.192153,-0.028673,-2.549998,0.049798,-6.518049,-0.067423,-9.910108,0.001991,0.002788,0.004543,12266,736,3517.550048,-0.058181,1,0,-0.057864,-0.088713,-0.028367,-0.001153,-0.111119296,1,320.609405,-243.192153,-2.16239098,11.86092974,0.116399976,-0.002788,129.3556302,0.298309474,3375.524531
320.067108,0.539632,-244.016708,-0.028885,-2.549736,0.050296,-6.489737,-0.060783,-9.866949,-0.005961,0.003637,0.007845,12350,741,3518.537109,-0.058181,1,0,-0.057918,-0.088538,-0.028657,-0.001363,-0.111119296,1,320.067108,-244.016708,-2.16265298,11.80928557,0.118925314,-0.003637,130.1345438,0.297094096,3375.726102
319.52716,0.53505,-244.837463,-0.029837,-2.549517,0.050902,-6.461695,-0.050998,-9.820606,-0.014624,0.002636,0.006126,12433,746,3519.519775,-0.058181,1,0,-0.058202,-0.088746,-0.0289,-0.001427,-0.111119296,1,319.52716,-244.837463,-2.16287198,11.75515475,0.118917036,-0.002636,130.9102173,0.295899513,3375.926771
319.096893,0.532,-245.491271,-0.031031,-2.549483,0.051055,-6.440251,-0.041763,-9.78324,-0.018981,0.000439,-0.000393,12500,750,3520.302978,-0.058181,1,0,-0.058592,-0.089218,-0.02896,-0.001244,-0.111119296,1,319.096893,-245.491271,-2.16290598,11.71217753,0.116255752,-0.000439,131.4892013,0.294868362,3376.126724
318.560882,0.529276,-246.305099,-0.032559,-2.549702,0.050618,-6.414339,-0.026538,-9.737607,-0.018093,-0.002553,-0.00775,12583,755,3521.278076,-0.058181,1,0,-0.058728,-0.089427,-0.028784,-0.000713,-0.111119296,1,318.560882,-246.305099,-2.16268698,11.65987535,0.109734755,0.002553,132.2590364,0.294069328,3376.325806
318.240447,0.528228,-246.791564,-0.033421,-2.549895,0.050185,-6.397196,-0.018376,-9.710484,-0.016895,-0.003174,-0.009268,12633,758,3521.860839,-0.058181,1,0,-0.058637,-0.089355,-0.028635,-0.000474,-0.111119296,1,318.240447,-246.791564,-2.16249398,11.62782249,0.106584581,0.003174,132.6415766,0.293224861,3376.524353
317.814483,0.527328,-247.43814,-0.034404,-2.550172,0.049507,-6.374428,-0.01113,-9.676253,-0.013562,-0.003451,-0.010748,12700,762,3522.635498,-0.058181,1,0,-0.058465,-0.089254,-0.028364,-0.000248,-0.111119296,1,317.814483,-247.43814,-2.16221698,11.58674063,0.103179329,0.003451,133.2146977,0.292452273,3376.722215
317.389984,0.526742,-248.08255,-0.035119,-2.550414,0.048809,-6.352088,-0.007366,-9.644786,-0.008942,-0.002804,-0.010232,12766,766,3523.407226,-0.058181,1,0,-0.058234,-0.089109,-0.028106,-8.10E-05,-0.111119296,1,317.389984,-248.08255,-2.16197498,11.54818773,0.101386069,0.002804,133.7859814,0.291639098,3376.919435
316.861419,0.526342,-248.885238,-0.03545,-2.550624,0.048135,-6.326049,-0.00356,-9.607835,-0.000789,-0.001892,-0.00668,12850,771,3524.368652,-0.058181,1,0,-0.057827,-0.088782,-0.027931,3.60E-05,-0.111119296,1,316.861419,-248.885238,-2.16176498,11.50301657,0.09999594,0.001892,134.5457111,0.29079582,3377.115902
316.440185,0.526141,-249.525192,-0.035252,-2.55069,0.047818,-6.304398,-0.002938,-9.578626,0.004878,-0.000617,-0.003835,12916,775,3525.134765,-0.058181,1,0,-0.057568,-0.08857,-0.027868,-6.30E-05,-0.111119296,1,316.440185,-249.525192,-2.16169898,11.46670487,0.100943906,0.000617,135.113109,0.289815108,3377.311764
315.91574,0.525796,-250.322341,-0.034628,-2.550621,0.047673,-6.276593,-0.005272,-9.541001,0.008742,0.001186,-0.000204,13000,780,3526.088623,-0.058181,1,0,-0.057459,-0.088428,-0.027934,-0.000398,-0.111119296,1,315.91574,-250.322341,-2.16176798,11.41996203,0.10386092,-0.001186,135.8676413,0.288701126,3377.506846
315.497833,0.525336,-250.957748,-0.034031,-2.550458,0.047781,-6.254388,-0.007827,-9.509955,0.008897,0.002458,0.002855,13066,784,3526.848876,-0.058181,1,0,-0.057467,-0.088355,-0.028043,-0.000704,-0.111119296,1,315.497833,-250.957748,-2.16193098,11.38179225,0.106857337,-0.002458,136.4310804,0.287485036,3377.701293
315.08139,0.524727,-251.591018,-0.0335,-2.550239,0.048038,-6.232416,-0.009864,-9.477505,0.007563,0.003036,0.004461,13133,788,3527.606689,-0.058181,1,0,-0.057605,-0.08844,-0.0282,-0.000987,-0.111119296,1,315.08139,-251.591018,-2.16214998,11.34257995,0.109500413,-0.003036,136.9927217,0.286195866,3377.895086
314.562896,0.523834,-252.379455,-0.033013,-2.549972,0.048411,-6.205145,-0.011029,-9.434574,0.004759,0.00278,0.004356,13216,793,3528.550292,-0.058181,1,0,-0.057841,-0.088642,-0.028368,-0.001166,-0.111119296,1,314.562896,-252.379455,-2.16241698,11.29170672,0.111221924,-0.00278,137.7394043,0.28483635,3378.088031
314.046691,0.522927,-253.16423,-0.032801,-2.549767,0.048692,-6.177326,-0.010569,-9.389897,0.001238,0.001951,0.002766,13300,798,3529.489501,-0.058181,1,0,-0.058105,-0.088894,-0.028508,-0.001235,-0.111119296,1,314.046691,-253.16423,-2.16262198,11.23908561,0.11170009,-0.001951,138.4828828,0.283527761,3378.280099
313.635375,0.52224,-253.789352,-0.032852,-2.549669,0.048781,-6.154603,-0.010161,-9.35364,-0.001829,0.001231,0.000432,13366,802,3530.237792,-0.058181,1,0,-0.058328,-0.089129,-0.028515,-0.00125,-0.111119296,1,313.635375,-253.789352,-2.16271998,11.19630756,0.111428732,-0.001231,139.0378765,0.282327412,3378.471454
313.123352,0.521341,-254.567352,-0.033113,-2.549654,0.048617,-6.127383,-0.011561,-9.309095,-0.003488,-0.000311,-0.003118,13450,807,3531.169433,-0.058181,1,0,-0.058592,-0.089481,-0.028455,-0.001145,-0.111119296,1,313.123352,-254.567352,-2.16273498,11.14415178,0.109330667,0.000311,139.7753358,0.281225214,3378.66194
312.715332,0.520467,-255.187149,-0.033305,-2.549722,0.048382,-6.106507,-0.014061,-9.275275,-0.00239,-0.001137,-0.003701,13516,811,3531.911376,-0.058181,1,0,-0.058518,-0.089481,-0.028257,-0.00089,-0.111119296,1,312.715332,-255.187149,-2.16266698,11.104445,0.107029158,0.001137,140.3258249,0.28023046,3378.851764
312.207244,0.519136,-255.958801,-0.033352,-2.549834,0.048131,-6.080182,-0.017298,-9.234575,0.000662,-0.001292,-0.002344,13600,816,3532.835449,-0.058181,1,0,-0.058295,-0.089286,-0.028091,-0.000672,-0.111119296,1,312.207244,-255.958801,-2.16255498,11.05599286,0.104930847,0.001292,141.05756,0.279304817,3379.040781
311.701416,0.517501,-256.727142,-0.033137,-2.549901,0.048088,-6.053264,-0.021201,-9.194947,0.003738,-0.000614,0.00086,13683,821,3533.755126,-0.058181,1,0,-0.058034,-0.089049,-0.027985,-0.000585,-0.111119296,1,311.701416,-256.727142,-2.16248798,11.00809475,0.104428843,0.000614,141.7862331,0.278358156,3379.228999
311.2984,0.515946,-257.339447,-0.032805,-2.549889,0.048256,-6.031318,-0.024506,-9.163616,0.005646,0.000285,0.003666,13750,825,3534.488037,-0.058181,1,0,-0.057915,-0.088886,-0.028005,-0.000674,-0.111119296,1,311.2984,-257.339447,-2.16249998,10.96984808,0.105300261,-0.000285,142.3303003,0.277352091,3379.41658
310.796691,0.51375,-258.101867,-0.032271,-2.54979,0.048729,-6.003748,-0.027292,-9.123473,0.00672,0.00121,0.00681,13833,830,3535.400634,-0.058181,1,0,-0.057832,-0.088727,-0.028119,-0.000853,-0.111119296,1,310.796691,-258.101867,-2.16259898,10.92114132,0.106873528,-0.00121,143.0535254,0.276279084,3379.603349
310.297271,0.511407,-258.860778,-0.031765,-2.549644,0.049332,-5.975399,-0.028302,-9.080879,0.005493,0.001495,0.007343,13916,835,3536.309082,-0.058181,1,0,-0.057949,-0.088772,-0.028326,-0.001038,-0.111119296,1,310.297271,-258.860778,-2.16274498,10.8699606,0.108227006,-0.001495,143.7735969,0.275179886,3379.789265
309.800323,0.509159,-259.616027,-0.031504,-2.549495,0.049941,-5.945387,-0.025578,-9.0353,0.001294,0.001739,0.007311,14000,840,3537.21289,-0.058181,1,0,-0.058086,-0.088785,-0.02852,-0.001196,-0.111119296,1,309.800323,-259.616027,-2.16289398,10.81537441,0.109311972,-0.001739,144.4903186,0.274101236,3379.974271
309.404571,0.507599,-260.217407,-0.031607,-2.549391,0.050369,-5.920967,-0.021987,-8.997364,-0.003127,0.00149,0.005746,14066,844,3537.932861,-0.058181,1,0,-0.058286,-0.088947,-0.02866,-0.001305,-0.111119296,1,309.404571,-260.217407,-2.16299798,10.77025598,0.109522918,-0.00149,145.0251254,0.273091631,3380.158525
308.91217,0.506,-260.965515,-0.032133,-2.549343,0.050622,-5.890486,-0.017339,-8.949032,-0.00821,0.000413,0.000756,14150,849,3538.828857,-0.058181,1,0,-0.058621,-0.089331,-0.02872,-0.001329,-0.111119296,1,308.91217,-260.965515,-2.16304598,10.7131349,0.108349257,-0.000413,145.7353623,0.272164518,3380.341827
308.52005,0.505016,-261.561096,-0.032761,-2.549409,0.050478,-5.867131,-0.013243,-8.910535,-0.00988,-0.001098,-0.003872,14216,853,3539.541992,-0.058181,1,0,-0.058833,-0.089631,-0.028703,-0.001183,-0.111119296,1,308.52005,-261.561096,-2.16297998,10.668164,0.105532357,0.001098,146.2652283,0.271375937,3380.52438
308.032135,0.504185,-262.302001,-0.033612,-2.549592,0.050023,-5.836794,-0.007877,-8.863219,-0.010307,-0.001935,-0.006087,14300,858,3540.429443,-0.058181,1,0,-0.058788,-0.08962,-0.028534,-0.000925,-0.111119296,1,308.032135,-262.302001,-2.16279698,10.61199036,0.102351126,0.001935,146.9689071,0.270726527,3380.705997
307.643615,0.503792,-262.891906,-0.034247,-2.54976,0.049598,-5.812666,-0.004916,-8.826561,-0.009051,-0.002066,-0.006588,14366,862,3541.13623,-0.058181,1,0,-0.058681,-0.08956,-0.028388,-0.000775,-0.111119296,1,307.643615,-262.891906,-2.16262898,10.56812362,0.10014174,0.002066,147.4938764,0.270081926,3380.886882
307.160247,0.503462,-263.625976,-0.034856,-2.549947,0.049076,-5.78271,-0.003529,-8.782541,-0.006097,-0.001645,-0.005978,14450,867,3542.015136,-0.058181,1,0,-0.058476,-0.089415,-0.028187,-0.000625,-0.111119296,1,307.160247,-263.625976,-2.16244198,10.51489721,0.098478524,0.001645,148.191141,0.269473065,3381.06688
306.67929,0.503241,-264.356475,-0.035128,-2.550068,0.048702,-5.754055,-0.002146,-8.739791,-0.001397,-0.001,-0.003657,14533,872,3542.889892,-0.058181,1,0,-0.058169,-0.089124,-0.02812,-0.000545,-0.111119296,1,306.67929,-264.356475,-2.16232098,10.46344383,0.097153925,0.001,148.8850554,0.268815504,3381.246021
306.200805,0.503122,-265.083374,-0.035017,-2.550107,0.048551,-5.724537,-0.00095,-8.696956,0.002934,-0.000184,-0.000782,14616,877,3543.760253,-0.058181,1,0,-0.057937,-0.088858,-0.028107,-0.000576,-0.111119296,1,306.200805,-265.083374,-2.16228198,10.41143063,0.097364555,0.000184,149.5755802,0.268090724,3381.424295
305.724822,0.503091,-265.80664,-0.034658,-2.550057,0.048585,-5.693605,-3.20E-05,-8.652699,0.004839,0.000743,0.001197,14700,882,3544.625976,-0.058181,1,0,-0.057914,-0.088758,-0.028212,-0.000788,-0.111119296,1,305.724822,-265.80664,-2.16233198,10.35743985,0.098882011,-0.000743,150.2627184,0.267290974,3381.601669
305.345916,0.503128,-266.382507,-0.034349,-2.549964,0.048718,-5.668636,0.000982,-8.61617,0.004444,0.001389,0.002454,14766,886,3545.315185,-0.058181,1,0,-0.057945,-0.088737,-0.028304,-0.000958,-0.111119296,1,305.345916,-266.382507,-2.16242498,10.31318477,0.100197638,-0.001389,150.7753583,0.266460474,3381.778305
304.874603,0.503305,-267.098876,-0.034077,-2.549815,0.048936,-5.637033,0.002994,-8.568826,0.002421,0.001729,0.002601,14850,891,3546.172607,-0.058181,1,0,-0.058087,-0.0888,-0.028449,-0.001178,-0.111119296,1,304.874603,-267.098876,-2.16257398,10.25624722,0.101552975,-0.001729,151.4561286,0.265587583,3381.953993
304.405975,0.503683,-267.811187,-0.034027,-2.549685,0.049129,-5.605043,0.005573,-8.519493,-0.000561,0.001352,0.001992,14933,896,3547.025146,-0.058181,1,0,-0.058271,-0.088958,-0.028547,-0.001264,-0.111119296,1,304.405975,-267.811187,-2.16270398,10.1974449,0.101908969,-0.001352,152.1331491,0.264751401,3382.1287
304.032989,0.504135,-268.378082,-0.034171,-2.549623,0.049186,-5.579576,0.007412,-8.47951,-0.002998,0.000803,8.20E-05,15000,900,3547.703857,-0.058181,1,0,-0.058433,-0.089146,-0.028581,-0.00128,-0.111119296,1,304.032989,-268.378082,-2.16276598,10.15004844,0.10136445,-0.000803,152.6380805,0.26400156,3382.302618
303.661712,0.504688,-268.942291,-0.034445,-2.549612,0.0491,-5.554363,0.008739,-8.439707,-0.004605,0.00011,-0.002085,15066,904,3548.379394,-0.058181,1,0,-0.058576,-0.089344,-0.028552,-0.001212,-0.111119296,1,303.661712,-268.942291,-2.16277698,10.10294832,0.100188481,-0.00011,153.140676,0.263325383,3382.47575
303.199951,0.505463,-269.643829,-0.03486,-2.549654,0.04882,-5.523087,0.009754,-8.390572,-0.005225,-0.000406,-0.003774,15150,909,3549.219482,-0.058181,1,0,-0.058577,-0.089386,-0.028451,-0.001091,-0.111119296,1,303.199951,-269.643829,-2.16273498,10.04472623,0.098302975,0.000406,153.8077268,0.262725332,3382.647912
302.832458,0.506166,-270.202148,-0.035223,-2.54969,0.048646,-5.497407,0.010853,-8.351388,-0.005454,-0.000159,-0.001502,15216,913,3549.887939,-0.058181,1,0,-0.058488,-0.08923,-0.028378,-0.00101,-0.111119296,1,302.832458,-270.202148,-2.16269898,9.997883795,0.097390339,0.000159,154.3051428,0.262140806,3382.819294
302.375457,0.507084,-270.896423,-0.035631,-2.549699,0.048729,-5.466298,0.011011,-8.303914,-0.004365,0.000297,0.002258,15300,918,3550.719238,-0.058181,1,0,-0.058182,-0.088935,-0.028263,-0.000872,-0.111119296,1,302.375457,-270.896423,-2.16268998,9.941129926,0.096629933,-0.000297,154.965337,0.261547912,3382.989729
301.92102,0.507996,-271.58673,-0.0359,-2.549682,0.048996,-5.435346,0.011155,-8.256708,-0.0022,0.000304,0.003621,15383,923,3551.545898,-0.058181,1,0,-0.0581,-0.088863,-0.028283,-0.000813,-0.111119296,1,301.92102,-271.58673,-2.16270698,9.884683553,0.096146783,-0.000304,155.6218159,0.260943463,3383.159224
301.559326,0.508798,-272.136138,-0.035933,-2.549685,0.049251,-5.411173,0.012611,-8.218737,0.000508,-0.0002,0.003977,15450,927,3552.203613,-0.058181,1,0,-0.058017,-0.088825,-0.028314,-0.000697,-0.111119296,1,301.559326,-272.136138,-2.16270398,9.839685342,0.09499203,0.0002,156.1113728,0.260370352,3383.327969
301.109558,0.509978,-272.819335,-0.035774,-2.549689,0.049601,-5.37872,0.015069,-8.170827,0.002651,3.00E-05,0.004551,15533,932,3553.021484,-0.058181,1,0,-0.058078,-0.088808,-0.028309,-0.000742,-0.111119296,1,301.109558,-272.819335,-2.16269998,9.781819282,0.095153775,-3.00E-05,156.7612227,0.25981029,3383.495749
300.662536,0.511307,-273.498504,-0.035504,-2.549641,0.050042,-5.345771,0.016331,-8.122347,0.003463,0.000645,0.005585,15616,937,3553.834716,-0.058181,1,0,-0.058065,-0.088774,-0.028342,-0.000898,-0.111119296,1,300.662536,-273.498504,-2.16274798,9.723198478,0.095915186,-0.000645,157.4072686,0.259210457,3383.662552
300.218292,0.512662,-274.173583,-0.035263,-2.549559,0.05046,-5.312698,0.016285,-8.072815,0.0025,0.000847,0.004583,15700,942,3554.642578,-0.058181,1,0,-0.058218,-0.088917,-0.028431,-0.00112,-0.111119296,1,300.218292,-274.173583,-2.16282998,9.663632176,0.096515394,-0.000847,158.0494521,0.258589629,3383.828363
299.776733,0.514064,-274.844482,-0.035106,-2.5495,0.050784,-5.280188,0.017232,-8.022508,0.001407,0.000466,0.003545,15783,947,3555.4458,-0.058181,1,0,-0.058295,-0.089036,-0.028474,-0.001128,-0.111119296,1,299.776733,-274.844482,-2.16288898,9.603739207,0.09598525,-0.000466,158.6877715,0.258008747,3383.993175
299.425506,0.515243,-275.378143,-0.035084,-2.549462,0.050986,-5.253062,0.017887,-7.981764,-0.000319,0.000609,0.002753,15850,951,3556.084716,-0.058181,1,0,-0.05841,-0.089142,-0.028495,-0.00122,-0.111119296,1,299.425506,-275.378143,-2.16292698,9.554788241,0.096117625,-0.000609,159.1635293,0.25746269,3384.157172
298.989013,0.516757,-276.041381,-0.03523,-2.549415,0.051168,-5.219236,0.018237,-7.930323,-0.002643,0.000635,0.001765,15933,956,3556.878662,-0.058181,1,0,-0.058529,-0.08929,-0.028529,-0.001322,-0.111119296,1,298.989013,-276.041381,-2.16297398,9.493221087,0.095920268,-0.000635,159.7946309,0.256923309,3384.320142
298.555297,0.518257,-276.700317,-0.035557,-2.549393,0.051233,-5.185794,0.017746,-7.87891,-0.004597,0.000308,-3.00E-06,16016,961,3557.667724,-0.058181,1,0,-0.058668,-0.089484,-0.028515,-0.00136,-0.111119296,1,298.555297,-276.700317,-2.16299598,9.431893939,0.095178352,-0.000308,160.4216916,0.256419255,3384.48209
298.124359,0.519735,-277.35498,-0.035951,-2.549426,0.05116,-5.153157,0.017697,-7.827622,-0.004569,-0.000485,-0.001419,16100,966,3558.45166,-0.058181,1,0,-0.058734,-0.089616,-0.028496,-0.001239,-0.111119296,1,298.124359,-277.35498,-2.16296298,9.371125044,0.093320191,0.000485,161.0447138,0.255979984,3384.643026
297.781555,0.520907,-277.875671,-0.036201,-2.549493,0.051027,-5.127088,0.017428,-7.787195,-0.003191,-0.000944,-0.002292,16166,970,3559.075195,-0.058181,1,0,-0.058743,-0.089661,-0.02842,-0.001117,-0.111119296,1,297.781555,-277.875671,-2.16289598,9.32303691,0.091761127,0.000944,161.5089953,0.255578918,3384.80316
297.355499,0.522319,-278.522766,-0.036318,-2.549585,0.050863,-5.094419,0.016553,-7.737561,-0.000179,-0.001022,-0.001669,16250,975,3559.849853,-0.058181,1,0,-0.058616,-0.089557,-0.028308,-0.000985,-0.111119296,1,297.355499,-278.522766,-2.16280398,9.263627705,0.090315694,0.001022,162.1248826,0.255207146,3384.962303
296.934448,0.523327,-279.161132,-0.036337,-2.548721,0.050113,-4.991575,0.007752,-7.600409,-0.003885,-0.001406,0.017111,16333,980,3560.614746,-0.058181,1,0,-0.061632,-0.09245,-0.03232,-0.005091,-0.111119296,1,296.934448,-279.161132,-2.16366798,9.092337072,0.106979053,0.001406,162.733674,0.253888515,3385.118592
296.601501,0.524054,-279.666809,-0.036595,-2.548835,0.051584,-4.984894,0.012473,-7.565757,-0.003037,-0.000416,0.016182,16400,984,3561.220214,-0.058181,1,0,-0.057498,-0.088451,-0.027764,-0.000214,-0.111119296,1,296.601501,-279.666809,-2.16355398,9.059876383,0.092125417,0.000416,163.1844827,0.253550963,3385.27434
296.187377,0.525165,-280.295288,-0.036421,-2.549025,0.051964,-4.949868,0.013388,-7.511433,0.00606,-0.003633,-0.001983,16483,989,3561.9729,-0.058181,1,0,-0.059031,-0.090127,-0.028536,-0.000869,-0.111119296,1,296.187377,-280.295288,-2.16336398,8.995269688,0.089118875,0.003633,163.782931,0.253294163,3385.429011
295.776336,0.526217,-280.919097,-0.035552,-2.549293,0.051521,-4.913146,0.011818,-7.458041,0.011814,-0.003382,-0.005945,16566,994,3562.719482,-0.058181,1,0,-0.059212,-0.09028,-0.028404,-0.000955,-0.111119296,1,295.776336,-280.919097,-2.16309598,8.930495286,0.087367704,0.003382,164.3769383,0.253120873,3385.582603
295.368133,0.527062,-281.538909,-0.034519,-2.549442,0.051196,-4.880457,0.008812,-7.412056,0.012648,-0.001745,-0.002421,16650,999,3563.461425,-0.058181,1,0,-0.058827,-0.089816,-0.028229,-0.001037,-0.111119296,1,295.368133,-281.538909,-2.16294698,8.874107248,0.087494122,0.001745,164.9670364,0.252833611,3385.735255
294.96286,0.527499,-282.154602,-0.033422,-2.549437,0.051191,-4.84291,0.002115,-7.359568,0.012847,0.000274,0.001597,16733,1004,3564.198242,-0.058181,1,0,-0.058556,-0.089432,-0.028291,-0.001366,-0.111119296,1,294.96286,-282.154602,-2.16295198,8.809598554,0.089396492,-0.000274,165.5531941,0.252396982,3385.886831
294.560729,0.527339,-282.765869,-0.032522,-2.549285,0.051572,-4.807039,-0.004417,-7.307651,0.009219,0.001707,0.006142,16816,1009,3564.929443,-0.058181,1,0,-0.058442,-0.08925,-0.028413,-0.001639,-0.111119296,1,294.560729,-282.765869,-2.16310398,8.746485731,0.091512019,-0.001707,166.1350059,0.251819001,3386.037356
294.241027,0.526879,-283.251892,-0.032077,-2.549139,0.051991,-4.780955,-0.00818,-7.267684,0.005345,0.001799,0.006135,16883,1013,3565.51123,-0.058181,1,0,-0.058529,-0.089344,-0.028525,-0.001756,-0.111119296,1,294.241027,-283.251892,-2.16324998,8.698751472,0.092110089,-0.001799,166.5683615,0.251252086,3386.187085
293.923126,0.52623,-283.735107,-0.031848,-2.549029,0.052317,-4.753376,-0.010432,-7.224414,0.002595,0.001224,0.004083,16950,1017,3566.089355,-0.058181,1,0,-0.058764,-0.089579,-0.02865,-0.001804,-0.111119296,1,293.923126,-283.735107,-2.16335998,8.647445738,0.091778214,-0.001224,166.9992454,0.250726303,3386.335959
293.528381,0.525327,-284.33493,-0.031754,-2.548969,0.052523,-4.71791,-0.010755,-7.16845,0.000213,0.000285,0.001541,17033,1022,3566.807617,-0.058181,1,0,-0.059017,-0.089829,-0.028744,-0.001762,-0.111119296,1,293.528381,-284.33493,-2.16341998,8.581210151,0.090457244,-0.000285,167.5702735,0.25025631,3386.48373
293.214691,0.524615,-284.811492,-0.031842,-2.548981,0.052548,-4.690138,-0.010645,-7.124916,-0.002261,-0.000283,-0.000437,17100,1026,3567.378173,-0.058181,1,0,-0.059134,-0.089953,-0.02872,-0.001705,-0.111119296,1,293.214691,-284.811492,-2.16340798,8.529588969,0.089075709,0.000283,167.9952889,0.249861941,3386.630639
292.825897,0.523712,-285.401947,-0.030959,-2.549138,0.051965,-4.627692,-0.012402,-7.026937,0.035046,-0.005312,-0.015679,17183,1031,3568.084716,-0.058181,1,0,-0.059809,-0.090593,-0.028441,-0.001512,-0.111119296,1,292.825897,-285.401947,-2.16325098,8.41345238,0.08482867,0.005312,168.5580739,0.249617975,3386.775614
292.44934,0.521444,-285.975738,-0.024578,-2.548569,0.052142,-4.431794,-0.036284,-6.771566,0.092721,0.010379,0.020369,17266,1036,3568.769042,-0.058181,1,0,-0.058982,-0.088828,-0.030684,-0.004745,-0.111119296,1,292.44934,-285.975738,-2.16381998,8.092153462,0.109345802,-0.010379,169.1054591,0.248663373,3386.915233
292.089111,0.518213,-286.528259,-0.018824,-2.546315,0.056149,-4.276226,-0.03179,-6.577913,0.020017,0.034622,0.06749,17350,1041,3569.426513,-0.058181,1,0,-0.057897,-0.086829,-0.035889,-0.010496,-0.111119296,1,292.089111,-286.528259,-2.16607398,7.844310149,0.147805687,-0.034622,169.6300993,0.24603505,3387.050721
291.72998,0.517525,-287.079895,-0.023751,-2.543825,0.059802,-4.34802,0.002274,-6.639436,-0.094639,0.019136,0.015879,17433,1046,3570.086425,-0.058181,1,0,-0.063306,-0.093076,-0.040009,-0.013525,-0.111119296,1,291.72998,-287.079895,-2.16856398,7.935177906,0.142618109,-0.019136,170.1519298,0.243165439,3387.187724
291.360229,0.517619,-287.637786,-0.032898,-2.545529,0.056596,-4.482048,-0.002623,-6.731945,-0.114652,-0.028461,-0.071827,17516,1051,3570.758789,-0.058181,1,0,-0.066694,-0.097698,-0.02798,-7.50E-05,-0.111119296,1,291.360229,-287.637786,-2.16685998,8.087207285,0.070114809,0.028461,170.6828364,0.244479843,3387.327261
291.056884,0.517012,-288.092681,-0.04033,-2.548196,0.051323,-4.584504,-0.012635,-6.872399,-0.110784,-0.035102,-0.079533,17583,1055,3571.308105,-0.058181,1,0,-0.065297,-0.097291,-0.024749,0.004314,-0.111119296,1,291.056884,-288.092681,-2.16419298,8.261099733,0.042144354,0.035102,171.0889965,0.246747837,3387.469696
290.746612,0.515846,-288.557922,-0.04676,-2.550858,0.046537,-4.686911,-0.020156,-7.031028,-0.088356,-0.034208,-0.069333,17650,1059,3571.869628,-0.058181,1,0,-0.061427,-0.094468,-0.022948,0.007683,-0.111119296,1,290.746612,-288.557922,-2.16153098,8.44996683,0.023452725,0.034208,171.5045102,0.248998361,3387.615279
290.350616,0.513699,-289.153747,-0.051882,-2.55331,0.04227,-4.781167,-0.029504,-7.210239,-0.044341,-0.020461,-0.037153,17733,1064,3572.586669,-0.058181,1,0,-0.056727,-0.090719,-0.024225,0.008281,-0.111119296,1,290.350616,-289.153747,-2.15907898,8.651389437,0.023772401,0.020461,172.072341,0.251025668,3387.764219
289.947509,0.51121,-289.763031,-0.054103,-2.554574,0.040652,-4.86872,-0.03066,-7.36591,-0.01921,-0.010971,-0.012189,17816,1069,3573.318115,-0.058181,1,0,-0.053222,-0.087612,-0.025522,0.008202,-0.111119296,1,289.947509,-289.763031,-2.15781498,8.829517541,0.026164024,0.010971,172.6522615,0.251853238,3387.916127
289.536437,0.508438,-290.385467,-0.055037,-2.555353,0.040143,-4.968658,-0.034843,-7.525734,-0.006574,-0.007868,-0.004223,17900,1074,3574.064453,-0.058181,1,0,-0.051771,-0.086228,-0.025847,0.008512,-0.111119296,1,289.536437,-290.385467,-2.15703598,9.017961883,0.024454606,0.007868,173.2444043,0.252180324,3388.071177
289.201446,0.506,-290.893005,-0.055019,-2.55583,0.039997,-5.049728,-0.037296,-7.653036,0.003838,-0.00672,-0.001575,17966,1078,3574.672607,-0.058181,1,0,-0.051173,-0.085522,-0.025971,0.008733,-0.111119296,1,289.201446,-290.893005,-2.15655898,9.168870434,0.022975166,0.00672,173.696815,0.252192557,3388.228741
288.775238,0.502942,-291.539306,-0.054198,-2.556257,0.040058,-5.149514,-0.035405,-7.810772,0.012602,-0.004614,0.001974,18050,1083,3575.446289,-0.058181,1,0,-0.050678,-0.084668,-0.026122,0.008695,-0.111119296,1,288.775238,-291.539306,-2.15613198,9.355486263,0.023031619,0.004614,174.3116653,0.252139177,3388.389416
288.340728,0.500271,-292.198638,-0.05298,-2.556488,0.040372,-5.248447,-0.029521,-7.966635,0.014996,-0.002582,0.0044,18133,1088,3576.235595,-0.058181,1,0,-0.050455,-0.084065,-0.02626,0.008365,-0.111119296,1,288.340728,-292.198638,-2.15590098,9.540066566,0.024475633,0.002582,174.9389544,0.251872295,3388.553167
287.89801,0.498063,-292.870849,-0.051865,-2.556571,0.040735,-5.346527,-0.0246,-8.119417,0.011523,-0.000971,0.003809,18216,1093,3577.040039,-0.058181,1,0,-0.050489,-0.083811,-0.026289,0.007862,-0.111119296,1,287.89801,-292.870849,-2.15581798,9.721604423,0.026283383,0.000971,175.5785653,0.251439361,3388.719944
287.537933,0.496568,-293.417755,-0.051311,-2.556584,0.040946,-5.425532,-0.021029,-8.240995,0.006225,-0.000379,0.002689,18283,1097,3577.694824,-0.058181,1,0,-0.050644,-0.083853,-0.026324,0.007516,-0.111119296,1,287.537933,-293.417755,-2.15580498,9.866592313,0.027426129,0.000379,176.0663082,0.25091827,3388.889137
287.080352,0.495025,-294.112762,-0.051149,-2.556609,0.041017,-5.524428,-0.017046,-8.392231,-0.000786,-0.000567,-0.000719,18366,1102,3578.526855,-0.058181,1,0,-0.050829,-0.08407,-0.026287,0.007301,-0.111119296,1,287.080352,-294.112762,-2.15577998,10.0472906,0.028238146,0.000567,176.7278487,0.250390353,3389.061342
286.614562,0.493689,-294.820312,-0.05146,-2.556701,0.040745,-5.623709,-0.01578,-8.542239,-0.005244,-0.001196,-0.005072,18450,1107,3579.374023,-0.058181,1,0,-0.051027,-0.084432,-0.026178,0.007284,-0.111119296,1,286.614562,-294.820312,-2.15568798,10.22717956,0.027356861,0.001196,177.4014439,0.249909441,3389.236545
286.235961,0.49257,-295.395385,-0.051865,-2.556812,0.040298,-5.703507,-0.01764,-8.66332,-0.006443,-0.00151,-0.007581,18516,1111,3580.062744,-0.058181,1,0,-0.051027,-0.084582,-0.026027,0.007361,-0.111119296,1,286.235961,-295.395385,-2.15557698,10.3721937,0.026522132,0.00151,177.9146522,0.249428414,3389.414165
285.56076,0.490032,-296.421264,-0.052576,-2.556888,0.039569,-5.840795,-0.025204,-8.875078,-0.00548,0.000249,-0.002765,18633,1118,3581.291015,-0.058181,1,0,-0.050643,-0.084348,-0.026189,0.007279,-0.111119296,1,285.56076,-296.421264,-2.15550098,10.62455196,0.028133285,-0.000249,178.961568,0.248887238,3389.595991
285.167633,0.488203,-297.018585,-0.052838,-2.556889,0.039492,-5.921256,-0.028659,-8.996583,-0.002831,0.000188,-0.000427,18700,1122,3582.006103,-0.058181,1,0,-0.050402,-0.084122,-0.026083,0.007556,-0.111119296,1,285.167633,-297.018585,-2.15549998,10.77028268,0.028093152,-0.000188,179.4948016,0.248250843,3389.780245
284.567871,0.485171,-297.929718,-0.052797,-2.556884,0.039616,-6.041393,-0.030828,-9.177249,0.00291,-8.00E-05,0.002151,18800,1128,3583.096923,-0.058181,1,0,-0.050229,-0.083842,-0.026126,0.007773,-0.111119296,1,284.567871,-297.929718,-2.15550498,10.98724542,0.027687776,8.00E-05,180.3990359,0.247586037,3389.968116
284.161437,0.483193,-298.547088,-0.052469,-2.556874,0.039848,-6.118937,-0.028285,-9.295276,0.005726,0.000173,0.004546,18866,1132,3583.835937,-0.058181,1,0,-0.050149,-0.083542,-0.026108,0.007842,-0.111119296,1,284.161437,-298.547088,-2.15551498,11.12846557,0.028282983,-0.000173,180.950476,0.24689636,3390.158341
283.749969,0.481487,-299.17221,-0.052042,-2.556811,0.040277,-6.19395,-0.023958,-9.410749,0.006691,0.000948,0.007559,18933,1136,3584.584228,-0.058181,1,0,-0.050144,-0.083299,-0.026173,0.007678,-0.111119296,1,283.749969,-299.17221,-2.15557798,11.2661574,0.030178886,-0.000948,181.5089053,0.246134257,3390.35086
283.333587,0.48006,-299.804931,-0.051619,-2.55671,0.040829,-6.26777,-0.01993,-9.523811,0.005986,0.001399,0.008532,19000,1140,3585.341552,-0.058181,1,0,-0.05025,-0.083262,-0.026238,0.007411,-0.111119296,1,283.333587,-299.804931,-2.15567898,11.40117891,0.032189064,-0.001399,182.0741826,0.245317498,3390.545629
282.806243,0.478672,-300.606323,-0.051217,-2.556579,0.041489,-6.3591,-0.014038,-9.662209,0.004351,0.001214,0.007434,19083,1145,3586.300781,-0.058181,1,0,-0.050497,-0.08346,-0.026331,0.007178,-0.111119296,1,282.806243,-300.606323,-2.15580998,11.56699105,0.033965247,-0.001214,182.8380758,0.244452825,3390.743163
282.271392,0.477868,-301.419067,-0.051021,-2.556486,0.04203,-6.44686,-0.006648,-9.796459,0.000603,0.001115,0.006037,19166,1150,3587.273681,-0.058181,1,0,-0.05077,-0.083604,-0.026376,0.006931,-0.111119296,1,282.271392,-301.419067,-2.15590298,11.7273746,0.036024278,-0.001115,183.6129954,0.243608762,3390.943369
281.838287,0.477621,-302.077209,-0.051154,-2.556411,0.042378,-6.515958,-0.002163,-9.901765,-0.003522,0.001216,0.004572,19233,1154,3588.061523,-0.058181,1,0,-0.050957,-0.083802,-0.026367,0.006692,-0.111119296,1,281.838287,-302.077209,-2.15597798,11.85332252,0.03746878,-0.001216,184.201417,0.24276895,3391.145674
281.510406,0.477581,-302.575408,-0.051435,-2.556366,0.042526,-6.568005,-0.000333,-9.980163,-0.006589,0.001046,0.002005,19283,1157,3588.657958,-0.058181,1,0,-0.051099,-0.084016,-0.026331,0.006522,-0.111119296,1,281.510406,-302.575408,-2.15602298,11.94742253,0.037922623,-0.001046,184.5974722,0.241942032,3391.349548
281.069183,0.477659,-303.245788,-0.051945,-2.556358,0.042494,-6.638015,0.002024,-10.084553,-0.007727,-3.20E-05,-0.001829,19350,1161,3589.460693,-0.058181,1,0,-0.051303,-0.08438,-0.026343,0.006576,-0.111119296,1,281.069183,-303.245788,-2.15603098,12.07311307,0.037323606,3.20E-05,185.1970586,0.241125592,3391.555517
280.623321,0.477863,-303.923095,-0.052414,-2.556421,0.042265,-6.707493,0.003527,-10.188565,-0.006451,-0.000914,-0.00437,19416,1165,3590.271728,-0.058181,1,0,-0.051324,-0.084526,-0.026231,0.006755,-0.111119296,1,280.623321,-303.923095,-2.15596798,12.19819725,0.036095185,0.000914,185.8029566,0.240348903,3391.76357
280.059539,0.478153,-304.77951,-0.052769,-2.556522,0.041847,-6.792717,0.003135,-10.318662,-0.002665,-0.000951,-0.005081,19500,1170,3591.297363,-0.058181,1,0,-0.051234,-0.084543,-0.02606,0.006852,-0.111119296,1,280.059539,-304.77951,-2.15586698,12.35372486,0.035661359,0.000951,186.6201614,0.239572713,3391.974215
279.603424,0.478296,-305.472442,-0.052796,-2.556562,0.041573,-6.860032,0.001502,-10.422715,0.00095,-0.000303,-0.003379,19566,1174,3592.126953,-0.058181,1,0,-0.051095,-0.084425,-0.025954,0.006826,-0.111119296,1,279.603424,-305.472442,-2.15582698,12.47764778,0.036507682,0.000303,187.24013,0.23870578,3392.186926
279.027008,0.478327,-306.348297,-0.052473,-2.55653,0.041497,-6.943287,-0.000362,-10.551462,0.005771,0.000617,0.000996,19650,1179,3593.175292,-0.058181,1,0,-0.05093,-0.084197,-0.025932,0.00674,-0.111119296,1,279.027008,-306.348297,-2.15585898,12.63095779,0.038599886,-0.000617,188.0759176,0.237740013,3392.402192
278.560913,0.478255,-307.05664,-0.05197,-2.55643,0.041709,-7.008511,-0.001425,-10.652352,0.008465,0.001532,0.004518,19716,1183,3594.022949,-0.058181,1,0,-0.050879,-0.084034,-0.025972,0.006563,-0.111119296,1,278.560913,-307.05664,-2.15595898,12.75108352,0.04121588,-0.001532,188.7097131,0.236685444,3392.61946
278.090545,0.478152,-307.771606,-0.05137,-2.556268,0.042112,-7.072624,-0.001479,-10.750581,0.009214,0.00233,0.006911,19783,1187,3594.878662,-0.058181,1,0,-0.050932,-0.083953,-0.026067,0.006312,-0.111119296,1,278.090545,-307.771606,-2.15612098,12.86837427,0.044109846,-0.00233,189.3494895,0.235543678,3392.838683
277.615936,0.47809,-308.49298,-0.050793,-2.556075,0.042607,-7.135207,-0.000462,-10.845953,0.008314,0.002573,0.007792,19850,1191,3595.741943,-0.058181,1,0,-0.051137,-0.084037,-0.026208,0.006029,-0.111119296,1,277.615936,-308.49298,-2.15631398,12.98243633,0.047140647,-0.002573,189.9951326,0.234336922,3393.059807
277.016937,0.478193,-309.403472,-0.050246,-2.555839,0.043251,-7.210662,0.00256,-10.960241,0.005359,0.002456,0.007839,19933,1196,3596.831542,-0.058181,1,0,-0.051454,-0.0842,-0.026363,0.005717,-0.111119296,1,277.016937,-309.403472,-2.15654998,13.11937415,0.050509731,-0.002456,190.8644047,0.23304303,3393.283213
276.533294,0.478484,-310.13858,-0.050021,-2.555681,0.043716,-7.26953,0.00545,-11.048451,0.002329,0.002004,0.006394,20000,1200,3597.711425,-0.058181,1,0,-0.05171,-0.084405,-0.026439,0.005532,-0.111119296,1,276.533294,-310.13858,-2.15670798,13.22541491,0.052309815,-0.002004,191.5226105,0.23178206,3393.508387
276.045745,0.478967,-310.879486,-0.049988,-2.555576,0.044015,-7.327619,0.008391,-11.134652,-0.000368,0.001305,0.003338,20066,1204,3598.598388,-0.058181,1,0,-0.051972,-0.084687,-0.026481,0.005424,-0.111119296,1,276.045745,-310.879486,-2.15681298,13.32935366,0.052974796,-0.001305,192.1861076,0.230543616,3393.735293
275.430969,0.47985,-311.813598,-0.050135,-2.555523,0.044071,-7.398191,0.011923,-11.24029,-0.002505,0.000368,-0.000754,20150,1209,3599.716796,-0.058181,1,0,-0.052216,-0.084962,-0.026468,0.005376,-0.111119296,1,275.430969,-311.813598,-2.15686598,13.45639279,0.053313651,-0.000368,193.0782984,0.229340164,3393.964316
274.810363,0.480882,-312.756469,-0.050339,-2.555538,0.043984,-7.467723,0.012246,-11.345279,-0.002066,-0.000348,-0.001015,20233,1214,3600.845458,-0.058181,1,0,-0.052249,-0.085078,-0.026317,0.00543,-0.111119296,1,274.810363,-312.756469,-2.15685098,13.58231964,0.053249806,0.000348,193.9789399,0.228199695,3394.195438
274.309692,0.481654,-313.517089,-0.050397,-2.555568,0.043939,-7.522967,0.011119,-11.429015,2.10E-05,-0.000434,-0.000439,20300,1218,3601.756103,-0.058181,1,0,-0.052147,-0.085041,-0.026203,0.005509,-0.111119296,1,274.309692,-313.517089,-2.15682098,13.68263841,0.053126504,0.000434,194.6603043,0.227059661,3394.428232
273.805358,0.482326,-314.283264,-0.050272,-2.555588,0.04396,-7.578182,0.009289,-11.512274,0.002979,-0.000177,0.000668,20366,1222,3602.673339,-0.058181,1,0,-0.052036,-0.085001,-0.026109,0.005559,-0.111119296,1,273.805358,-314.283264,-2.15680098,13.7825432,0.052895375,0.000177,195.3467113,0.225874049,3394.662691
273.297393,0.48279,-315.054992,-0.049929,-2.555554,0.044115,-7.631925,0.005347,-11.595485,0.006575,0.000564,0.003742,20433,1226,3603.597167,-0.058181,1,0,-0.051915,-0.084878,-0.026006,0.005496,-0.111119296,1,273.297393,-315.054992,-2.15683498,13.88159102,0.054609735,-0.000564,196.0381632,0.224578227,3394.898801
272.65744,0.482943,-316.027404,-0.049153,-2.555427,0.044645,-7.697345,-0.000633,-11.697142,0.011109,0.001371,0.008068,20516,1231,3604.760986,-0.058181,1,0,-0.051872,-0.084765,-0.026027,0.005247,-0.111119296,1,272.65744,-316.027404,-2.15696198,14.00245959,0.058107085,-0.001371,196.967345,0.223135633,3395.136925
272.141662,0.482725,-316.811218,-0.048297,-2.555279,0.045303,-7.7476,-0.0047,-11.774249,0.013697,0.001863,0.010977,20583,1235,3605.698974,-0.058181,1,0,-0.0519,-0.084716,-0.026069,0.005078,-0.111119296,1,272.141662,-316.811218,-2.15710998,14.09448568,0.060980588,-0.001863,197.669747,0.221645367,3395.376583
271.492462,0.482127,-317.797973,-0.047143,-2.555003,0.04633,-7.805335,-0.008452,-11.865202,0.013847,0.003117,0.013463,20666,1240,3606.879882,-0.058181,1,0,-0.052201,-0.084829,-0.026246,0.004583,-0.111119296,1,271.492462,-317.797973,-2.15738598,14.2021747,0.067131705,-0.003117,198.6127717,0.22002339,3395.618036
270.969757,0.481495,-318.59259,-0.04631,-2.554736,0.047209,-7.849043,-0.010035,-11.932485,0.011625,0.003415,0.012752,20733,1244,3607.830566,-0.058181,1,0,-0.052565,-0.085051,-0.02649,0.00411,-0.111119296,1,270.969757,-318.59259,-2.15765298,14.28238499,0.071786385,-0.003415,199.3249566,0.218425404,3395.860826
270.312499,0.480712,-319.591644,-0.045095,-2.554482,0.048009,-7.895773,-0.008588,-11.999028,0.022799,0.000736,0.00557,20816,1249,3609.026123,-0.058181,1,0,-0.053098,-0.085428,-0.026585,0.003841,-0.111119296,1,270.312499,-319.591644,-2.15790698,14.36365277,0.073371309,-0.000736,200.2800679,0.216856454,3396.10497
269.525299,0.479273,-320.789337,-0.038771,-2.553873,0.04838,-7.808281,-0.02318,-11.902148,0.096025,0.010086,0.013858,20916,1255,3610.457031,-0.058181,1,0,-0.053952,-0.085234,-0.027096,0.001783,-0.111119296,1,269.525299,-320.789337,-2.15851598,14.23446996,0.101213688,-0.010086,201.4741431,0.214968008,3396.346961
269.010772,0.477023,-321.575683,-0.030798,-2.552033,0.050717,-7.646649,-0.03885,-11.706855,0.128222,0.029634,0.051243,20983,1259,3611.394042,-0.058181,1,0,-0.05459,-0.084497,-0.029643,-0.002351,-0.111119296,1,269.010772,-321.575683,-2.16035598,13.98206831,0.153169171,-0.029634,202.1796982,0.211893776,3396.584746
268.383453,0.47373,-322.538238,-0.020705,-2.54812,0.056693,-7.437303,-0.034916,-11.422357,0.115324,0.044771,0.080645,21066,1264,3612.53955,-0.058181,1,0,-0.056866,-0.085531,-0.03415,-0.008059,-0.111119296,1,268.383453,-322.538238,-2.16426898,13.62843671,0.222324704,-0.044771,203.0996605,0.206795257,3396.816636
267.893737,0.472192,-323.290283,-0.01432,-2.544793,0.061746,-7.280536,-0.015659,-11.176417,0.08789,0.042082,0.069628,21133,1268,3613.434814,-0.058181,1,0,-0.059952,-0.088196,-0.03685,-0.01103,-0.111119296,1,267.893737,-323.290283,-2.16759598,13.3360924,0.259115367,-0.042082,203.7734546,0.202319628,3397.043654
267.295806,0.471813,-324.206634,-0.008791,-2.54164,0.065639,-7.092012,0.000869,-10.856032,0.05629,0.027717,0.032154,21216,1273,3614.527099,-0.058181,1,0,-0.064081,-0.092163,-0.038045,-0.012264,-0.111119296,1,267.295806,-324.206634,-2.17074898,12.96433412,0.27587286,-0.027717,204.6497287,0.198060821,3397.264477
266.828643,0.471967,-324.920349,-0.005774,-2.540169,0.066601,-6.944819,0.001985,-10.599843,0.03949,0.014381,0.006028,21283,1277,3615.378906,-0.058181,1,0,-0.066471,-0.094522,-0.037488,-0.011655,-0.111119296,1,266.828643,-324.920349,-2.17221998,12.66939425,0.271352207,-0.014381,205.2902638,0.195526417,3397.480383
266.256622,0.472871,-325.79248,-0.00575,-2.539095,0.066961,-6.815375,0.01997,-10.380637,-0.031345,0.011083,0.000803,21366,1282,3616.421874,-0.058181,1,0,-0.067316,-0.095485,-0.036669,-0.010745,-0.111119296,1,266.256622,-325.79248,-2.17329398,12.41513051,0.267386332,-0.011083,206.1246276,0.193434813,3397.692052
265.802459,0.474155,-326.481903,-0.010004,-2.53956,0.064978,-6.807023,0.016003,-10.308669,-0.079637,-0.012048,-0.047579,21433,1286,3617.249023,-0.058181,1,0,-0.069179,-0.097694,-0.034369,-0.008455,-0.111119296,1,265.802459,-326.481903,-2.17282898,12.35120857,0.22774003,0.012048,206.7431323,0.192922015,3397.902656
265.233642,0.474871,-327.340484,-0.017761,-2.54218,0.059312,-6.827228,0.004109,-10.29197,-0.099438,-0.030792,-0.076756,21516,1291,3618.281494,-0.058181,1,0,-0.06868,-0.097624,-0.029025,-0.003458,-0.111119296,1,265.233642,-327.340484,-2.17020898,12.34937385,0.169275647,0.030792,207.5658082,0.194602597,3398.113228
264.661651,0.475007,-328.202789,-0.026437,-2.5452,0.053352,-6.884219,-2.10E-05,-10.368228,-0.103867,-0.033479,-0.068868,21600,1296,3619.319335,-0.058181,1,0,-0.065802,-0.095558,-0.026897,-0.001116,-0.111119296,1,264.661651,-328.202789,-2.16718898,12.44493176,0.127658529,0.033479,208.391824,0.196711451,3398.325394
264.202392,0.474539,-328.894592,-0.031454,-2.547691,0.049449,-6.865239,-0.012147,-10.352232,-0.056402,-0.029439,-0.049324,21666,1300,3620.151367,-0.058181,1,0,-0.062495,-0.092855,-0.024312,0.002044,-0.111119296,1,264.202392,-328.894592,-2.16469798,12.42133305,0.103436431,0.029439,209.0141616,0.198326112,3398.537166
263.634368,0.473154,-329.754272,-0.033735,-2.549001,0.047766,-6.7788,-0.016552,-10.281868,-0.019728,-0.004853,-0.001135,21750,1305,3621.182617,-0.058181,1,0,-0.059197,-0.089723,-0.026765,3.00E-05,-0.111119296,1,263.634368,-329.754272,-2.16338798,12.31481396,0.11956602,0.004853,209.8378751,0.198796467,3398.747163
263.069793,0.472209,-330.611358,-0.035686,-2.549041,0.049271,-6.767776,-0.007154,-10.272606,-0.025653,0.000852,0.021386,21833,1310,3622.209472,-0.058181,1,0,-0.057627,-0.088417,-0.028085,-0.000583,-0.111119296,1,263.069793,-330.611358,-2.16334798,12.30097906,0.123045401,-0.000852,210.6577034,0.198019439,3398.956929
262.618438,0.472007,-331.295989,-0.037111,-2.549296,0.0501,-6.757331,-0.001126,-10.247277,-0.017045,-0.004656,0.006401,21900,1314,3623.030029,-0.058181,1,0,-0.05808,-0.08917,-0.028024,3.80E-05,-0.111119296,1,262.618438,-331.295989,-2.16309298,12.27416445,0.114434085,0.004656,211.2720232,0.197471601,3399.166249
262.05661,0.472137,-332.148071,-0.037541,-2.549793,0.050062,-6.720525,0.003276,-10.1951,0.001101,-0.005653,-0.00364,21983,1319,3624.050781,-0.058181,1,0,-0.058346,-0.089554,-0.028108,0.000151,-0.111119296,1,262.05661,-332.148071,-2.16259598,12.2103837,0.109773284,0.005653,212.0876777,0.197171667,3399.374505
261.608947,0.47248,-332.827331,-0.037197,-2.550113,0.049754,-6.701489,0.00611,-10.170567,0.006267,-0.004667,-0.005199,22050,1323,3624.864257,-0.058181,1,0,-0.058175,-0.089402,-0.028055,7.70E-05,-0.111119296,1,261.608947,-332.827331,-2.16227598,12.17943867,0.107988701,0.004667,212.6970052,0.196693398,3399.582246
261.051025,0.473021,-333.674255,-0.036471,-2.550407,0.04926,-6.678226,0.006001,-10.140309,0.010574,-0.003359,-0.006456,22133,1328,3625.878173,-0.058181,1,0,-0.057954,-0.089146,-0.027826,2.10E-05,-0.111119296,1,261.051025,-333.674255,-2.16198198,12.14138173,0.106858585,0.003359,213.5073188,0.196199306,3399.789352
260.606414,0.473271,-334.349609,-0.035574,-2.550492,0.048931,-6.652447,0.001809,-10.107859,0.014459,-0.000816,-0.003475,22200,1332,3626.686523,-0.058181,1,0,-0.057767,-0.08886,-0.027808,-0.000267,-0.111119296,1,260.606414,-334.349609,-2.16189698,12.10008063,0.109148005,0.000816,214.1130099,0.19551943,3399.99577
260.052978,0.473126,-335.190826,-0.034446,-2.550317,0.049042,-6.623261,-0.003535,-10.070464,0.012159,0.002646,0.004676,22283,1337,3627.693115,-0.058181,1,0,-0.057574,-0.088479,-0.028043,-0.000825,-0.111119296,1,260.052978,-335.190826,-2.16207198,12.05274601,0.114651877,-0.002646,214.9175733,0.19461552,3400.201399
259.501739,0.472737,-336.028991,-0.033739,-2.549992,0.049669,-6.597954,-0.005038,-10.032627,0.006283,0.003732,0.008784,22366,1342,3628.696044,-0.058181,1,0,-0.057618,-0.088422,-0.028276,-0.001129,-0.111119296,1,259.501739,-336.028991,-2.16239698,12.00718808,0.118473735,-0.003732,215.7191437,0.193604501,3400.406269
259.062347,0.472413,-336.697021,-0.033509,-2.549744,0.050234,-6.575884,-0.004559,-9.997465,0.002093,0.003326,0.008159,22433,1346,3629.495361,-0.058181,1,0,-0.057878,-0.088658,-0.028499,-0.001293,-0.111119296,1,259.062347,-336.697021,-2.16264498,11.96566423,0.120150898,-0.003326,216.3180871,0.192706891,3400.610447
258.515197,0.472135,-337.528717,-0.033641,-2.549531,0.050719,-6.547503,-0.001878,-9.951949,-0.004271,0.002177,0.004402,22516,1351,3630.490966,-0.058181,1,0,-0.058231,-0.088975,-0.028694,-0.001407,-0.111119296,1,258.515197,-337.528717,-2.16285798,11.91203089,0.120848657,-0.002177,217.1135772,0.191878839,3400.813731
258.079223,0.472237,-338.191253,-0.034216,-2.549441,0.05097,-6.52456,0.003682,-9.91431,-0.010975,0.00146,0.003247,22583,1355,3631.284423,-0.058181,1,0,-0.058435,-0.089094,-0.0288,-0.001393,-0.111119296,1,258.079223,-338.191253,-2.16294798,11.86798374,0.119949384,-0.00146,217.7076298,0.191200503,3401.01628
257.536407,0.472915,-339.015899,-0.035461,-2.54946,0.051036,-6.495728,0.010969,-9.866401,-0.0171,-0.000179,-0.001414,22666,1360,3632.271972,-0.058181,1,0,-0.058659,-0.08937,-0.028801,-0.001227,-0.111119296,1,257.536407,-339.015899,-2.16292898,11.81214136,0.11690777,0.000179,218.4964651,0.190654938,3401.217899
256.99588,0.474233,-339.836608,-0.036901,-2.549669,0.05063,-6.4695,0.019364,-9.820856,-0.016202,-0.002755,-0.007049,22750,1365,3633.255126,-0.058181,1,0,-0.058751,-0.089614,-0.028589,-0.000718,-0.111119296,1,256.99588,-339.836608,-2.16271998,11.75973502,0.110792614,0.002755,219.2816184,0.190315126,3401.418645
256.457641,0.476346,-340.653625,-0.038091,-2.549992,0.049965,-6.44072,0.029187,-9.776845,-0.013168,-0.003136,-0.007987,22833,1370,3634.233886,-0.058181,1,0,-0.058473,-0.08933,-0.028383,-0.000345,-0.111119296,1,256.457641,-340.653625,-2.16239698,11.70718858,0.106338516,0.003136,220.0632945,0.190101546,3401.618515
255.921844,0.479142,-341.467041,-0.038958,-2.55027,0.049375,-6.411202,0.035825,-9.734232,-0.008693,-0.002467,-0.00648,22916,1375,3635.208251,-0.058181,1,0,-0.058144,-0.089027,-0.02816,-0.000178,-0.111119296,1,255.921844,-341.467041,-2.16211898,11.65538511,0.103834852,0.002467,220.8414822,0.189848717,3401.817521
255.388519,0.482327,-342.277008,-0.039427,-2.550436,0.048961,-6.382434,0.039976,-9.693761,-0.003383,-0.001329,-0.00386,23000,1380,3636.178222,-0.058181,1,0,-0.057869,-0.088796,-0.028066,-0.000141,-0.111119296,1,255.388519,-342.277008,-2.16195298,11.60576622,0.103230661,0.001329,221.6162669,0.189487392,3402.015701
254.963455,0.485061,-342.922637,-0.039388,-2.550524,0.048733,-6.362252,0.040657,-9.663384,0.003392,-0.001587,-0.004172,23066,1384,3636.951171,-0.058181,1,0,-0.057772,-0.088827,-0.027959,-7.80E-05,-0.111119296,1,254.963455,-342.922637,-2.16186498,11.56930546,0.102039845,0.001587,222.1951276,0.189051841,3402.213272
254.43402,0.488292,-343.726898,-0.038658,-2.550616,0.048312,-6.33602,0.037061,-9.626279,0.011828,-0.001214,-0.005096,23150,1389,3637.913818,-0.058181,1,0,-0.057725,-0.088898,-0.027821,-0.000147,-0.111119296,1,254.43402,-343.726898,-2.16177298,11.52388717,0.102084562,0.001214,222.9644092,0.188623409,3402.410087
